request_id,generated_at,target_word,frame_count,timeline_frame_count,capture_fps,standard_json,query_json,error,score,band,diagnosis,dtw_distance,normalized_distance,score_distance,alignment_mode,used_action_window,score_scale_reason,capture_quality_status,capture_quality_reason,capture_quality_reliable,semantic_core_presence,semantic_core_guard_passed,semantic_floor_reason,semantic_floor_score,semantic_floor_used,semantic_floor_direction_cosine,semantic_floor_vertical_score,semantic_floor_amplitude_ratio,semantic_floor_horizontal_to_vertical,semantic_floor_relation_presence,flower_opening_passed,flower_opening_score,flower_opening_hand,left_hand_presence,right_hand_presence,two_hand_presence,pose_presence,face_presence,presence_penalty,required_presence_penalty,semantic_delta_penalty,semantic_anchor_penalty,group_left_hand,group_right_hand,group_left_hand_shape,group_right_hand_shape,group_two_hand_relation
web_20260522_222243_a23d679c,2026-05-22T22:22:43,花,12,,3.6811926605504586,/data/WYC/signLanguage/work/generated/scoring_mvp_run2/all_demo_step4_worker_cache_v2/results/花/花_holistic_results.json,/data/WYC/signLanguage/work/generated/web_scoring_mvp/web_20260522_222243_a23d679c/holistic/user_花_web_20260522_222243_a23d679c_holistic_results.json,,79.02488546156226,normal_like,flower_core_accepted,0.03293650559848775,0.034134069705952806,0.034134069705952806,full_sequence_with_action_window_diagnostics,False,visible_semantic_core_scale,score_valid,score_valid,True,0.75,True,,0.0,,,,,,,True,0.6288242918252945,right_hand_shape,0.0,0.75,0.0,1.0,1.0,0.0,0.0,0.026612535721445695,0.005884829721362231,0.0,0.0,0.0,0.0,0.0
web_20260522_225356_550e19fe,2026-05-22T22:53:57,花,15,,5.0,/data/WYC/signLanguage/work/generated/scoring_mvp_run2/all_demo_step4_worker_cache_v2/results/花/花_holistic_results.json,/data/WYC/signLanguage/work/generated/web_scoring_mvp/web_20260522_225356_550e19fe/holistic/user_花_web_20260522_225356_550e19fe_holistic_results.json,,78.5594948533121,normal_like,flower_core_accepted,0.032383822226132786,0.034990523045437746,0.034990523045437746,full_sequence_with_action_window_diagnostics,False,visible_semantic_core_scale,score_valid,score_valid,True,0.6666666666666666,True,,0.0,,,,,,,True,1.0,right_hand_shape,0.0,0.6666666666666666,0.0,1.0,1.0,0.0039298245614035115,0.0,0.02480210063114571,0.005884829721362231,0.0,0.0,0.0,0.0,0.0
web_20260522_225823_46498d30,2026-05-22T22:58:24,花,15,,5.0,/data/WYC/signLanguage/work/generated/scoring_mvp_run2/all_demo_step4_worker_cache_v2/results/花/花_holistic_results.json,/data/WYC/signLanguage/work/generated/web_scoring_mvp/web_20260522_225823_46498d30/holistic/user_花_web_20260522_225823_46498d30_holistic_results.json,,35.28412884609053,low,flower_core_hand_presence_low,0.026385463638864636,0.1250084317094628,0.1250084317094628,full_sequence_with_action_window_diagnostics,False,default,needs_recapture,flower_core_hand_presence_low,False,0.4666666666666667,True,,0.0,,,,,,,True,1.0,right_hand_shape,0.0,0.4666666666666667,0.0,1.0,1.0,0.013361403508771933,0.0,0.07325125137160907,0.005884829721362231,0.0,0.0,0.0,0.0,0.0
web_20260522_225845_b21e0f2e,2026-05-22T22:58:46,花,15,,5.0,/data/WYC/signLanguage/work/generated/scoring_mvp_run2/all_demo_step4_worker_cache_v2/results/花/花_holistic_results.json,/data/WYC/signLanguage/work/generated/web_scoring_mvp/web_20260522_225845_b21e0f2e/holistic/user_花_web_20260522_225845_b21e0f2e_holistic_results.json,,78.91417014722325,normal_like,flower_core_accepted,0.030874969607407668,0.03433735980600926,0.03433735980600926,full_sequence_with_action_window_diagnostics,False,visible_semantic_core_scale,score_valid,score_valid,True,0.7333333333333333,True,,0.0,,,,,,,True,0.5293908965587616,right_hand_shape,0.0,0.7333333333333333,0.0,1.0,1.0,0.0007859649122807044,0.0,0.039543305005859154,0.005884829721362231,0.0,0.0,0.0,0.0,0.0
web_20260522_225852_a9aa43d6,2026-05-22T22:58:53,花,15,,5.0,/data/WYC/signLanguage/work/generated/scoring_mvp_run2/all_demo_step4_worker_cache_v2/results/花/花_holistic_results.json,/data/WYC/signLanguage/work/generated/web_scoring_mvp/web_20260522_225852_a9aa43d6/holistic/user_花_web_20260522_225852_a9aa43d6_holistic_results.json,,78.59236781998081,normal_like,flower_core_accepted,0.0320571693577902,0.034929860955209835,0.034929860955209835,full_sequence_with_action_window_diagnostics,False,visible_semantic_core_scale,score_valid,score_valid,True,0.8,True,,0.0,,,,,,,True,0.45,right_hand_shape,0.0,0.8,0.0,1.0,1.0,0.002357894736842108,0.0,0.04201566889248077,0.005884829721362231,0.0,0.0,0.0,0.0,0.0
web_20260522_231259_51a8c719,2026-05-22T23:13:00,花,6,,2.4541284403669725,/data/WYC/signLanguage/work/generated/scoring_mvp_run2/all_demo_step4_worker_cache_v2/results/花/花_holistic_results.json,/data/WYC/signLanguage/work/generated/web_scoring_mvp/web_20260522_231259_51a8c719/holistic/user_花_web_20260522_231259_51a8c719_holistic_results.json,,7.289176553173654,low,flower_core_hand_presence_low,0.03144471107706818,0.31425355224196866,0.31425355224196866,full_sequence_with_action_window_diagnostics,False,default,needs_recapture,flower_core_hand_presence_low,False,0.5,True,,0.0,,,,,,,True,0.45,right_hand_shape,0.0,0.5,0.0,1.0,1.0,0.011789473684210528,0.0,0.025134537759327735,0.005884829721362231,0.0,0.0,0.0,0.0,0.0
web_20260522_231304_9e8827a4,2026-05-22T23:13:05,花,15,,5.0,/data/WYC/signLanguage/work/generated/scoring_mvp_run2/all_demo_step4_worker_cache_v2/results/花/花_holistic_results.json,/data/WYC/signLanguage/work/generated/web_scoring_mvp/web_20260522_231304_9e8827a4/holistic/user_花_web_20260522_231304_9e8827a4_holistic_results.json,,78.23367489178048,normal_like,flower_core_accepted,0.032104478585080094,0.035593150857627154,0.035593150857627154,full_sequence_with_action_window_diagnostics,False,visible_semantic_core_scale,score_valid,score_valid,True,0.7333333333333333,True,,0.0,,,,,,,True,1.0,right_hand_shape,0.0,0.7333333333333333,0.0,1.0,1.0,0.0007859649122807044,0.0,0.0676164033751065,0.005884829721362231,0.0,0.0,0.0,0.0,0.0
web_20260522_232244_45d260ed,2026-05-22T23:22:46,花,30,,10.0,/data/WYC/signLanguage/work/generated/scoring_mvp_run2/all_demo_step4_worker_cache_v2/results/花/花_holistic_results.json,/data/WYC/signLanguage/work/generated/web_scoring_mvp/web_20260522_232244_45d260ed/holistic/user_花_web_20260522_232244_45d260ed_holistic_results.json,,40.39248166465142,low,flower_opening_guard_failed,0.026988523569125587,0.10878318188986522,0.10878318188986522,full_sequence_with_action_window_diagnostics,False,default,semantic_mismatch,flower_opening_guard_failed,True,0.6333333333333333,False,,0.0,,,,,,,False,0.1215316593647003,right_hand_shape,0.0,0.6333333333333333,0.0,1.0,1.0,0.005501754385964915,0.0,0.06313701042418789,0.005884829721362231,0.0,0.0,0.0,0.0,0.0
web_20260522_232256_781c0807,2026-05-22T23:22:58,花,30,,10.0,/data/WYC/signLanguage/work/generated/scoring_mvp_run2/all_demo_step4_worker_cache_v2/results/花/花_holistic_results.json,/data/WYC/signLanguage/work/generated/web_scoring_mvp/web_20260522_232256_781c0807/holistic/user_花_web_20260522_232256_781c0807_holistic_results.json,,75.6684032655317,normal_like,flower_core_accepted,0.028956483353693295,0.04042737848489324,0.04042737848489324,full_sequence_with_action_window_diagnostics,False,visible_semantic_core_scale,score_valid,score_valid,True,0.7,True,,0.0,,,,,,,True,1.0,right_hand_shape,0.0,0.7,0.0,1.0,1.0,0.002357894736842108,0.0,0.030222685116424394,0.005884829721362231,0.0,0.0,0.0,0.0,0.0
web_20260522_232319_7e3cc881,2026-05-22T23:23:24,花,72,,24.0,/data/WYC/signLanguage/work/generated/scoring_mvp_run2/all_demo_step4_worker_cache_v2/results/花/花_holistic_results.json,/data/WYC/signLanguage/work/generated/web_scoring_mvp/web_20260522_232319_7e3cc881/holistic/user_花_web_20260522_232319_7e3cc881_holistic_results.json,,80.36743250379638,normal_like,flower_core_accepted,0.03031812936182362,0.03169136823280799,0.03169136823280799,full_sequence_with_action_window_diagnostics,False,visible_semantic_core_scale,score_valid,score_valid,True,0.75,True,,0.0,,,,,,,True,0.9670312535762788,right_hand_shape,0.0,0.75,0.0,1.0,1.0,0.0,0.0,0.030516419355208303,0.005884829721362231,0.0,0.0,0.0,0.0,0.0
web_20260522_232339_70e4794b,2026-05-22T23:23:41,花,30,,10.0,/data/WYC/signLanguage/work/generated/scoring_mvp_run2/all_demo_step4_worker_cache_v2/results/花/花_holistic_results.json,/data/WYC/signLanguage/work/generated/web_scoring_mvp/web_20260522_232339_70e4794b/holistic/user_花_web_20260522_232339_70e4794b_holistic_results.json,,66.08187198469638,borderline,flower_core_accepted,0.030094439652155316,0.06006998057600807,0.06006998057600807,full_sequence_with_action_window_diagnostics,False,visible_semantic_core_scale,score_valid,score_valid,True,0.7666666666666667,True,,0.0,,,,,,,True,0.45,right_hand_shape,0.0,0.7666666666666667,0.0,1.0,1.0,0.0007859649122807044,0.0,0.019381589418983994,0.005884829721362231,0.0,0.0,0.0,0.0,0.0
web_20260522_232406_cac18708,2026-05-22T23:24:08,花,30,,10.0,/data/WYC/signLanguage/work/generated/scoring_mvp_run2/all_demo_step4_worker_cache_v2/results/花/花_holistic_results.json,/data/WYC/signLanguage/work/generated/web_scoring_mvp/web_20260522_232406_cac18708/holistic/user_花_web_20260522_232406_cac18708_holistic_results.json,,72.29413592238917,borderline,flower_core_accepted,0.0320391670783772,0.047041939314602904,0.047041939314602904,full_sequence_with_action_window_diagnostics,False,visible_semantic_core_scale,score_valid,score_valid,True,0.8333333333333334,True,,0.0,,,,,,,True,1.0,right_hand_shape,0.0,0.8333333333333334,0.0,1.0,1.0,0.0039298245614035115,0.0,0.03642755546073119,0.005884829721362231,0.0,0.0,0.0,0.0,0.0
web_20260522_232420_60da4112,2026-05-22T23:24:21,花,15,,5.0,/data/WYC/signLanguage/work/generated/scoring_mvp_run2/all_demo_step4_worker_cache_v2/results/花/花_holistic_results.json,/data/WYC/signLanguage/work/generated/web_scoring_mvp/web_20260522_232420_60da4112/holistic/user_花_web_20260522_232420_60da4112_holistic_results.json,,78.86781536067404,normal_like,flower_core_accepted,0.030858530681429935,0.034422558939755495,0.034422558939755495,full_sequence_with_action_window_diagnostics,False,visible_semantic_core_scale,score_valid,score_valid,True,0.6666666666666666,True,,0.0,,,,,,,True,0.9564277362823488,right_hand_shape,0.0,0.6666666666666666,0.0,1.0,1.0,0.0039298245614035115,0.0,0.04398041267364698,0.005884829721362231,0.0,0.0,0.0,0.0,0.0
web_20260522_232642_fe440fb9,2026-05-22T23:26:43,花,15,,5.0,/data/WYC/signLanguage/work/generated/scoring_mvp_run2/all_demo_step4_worker_cache_v2/results/花/花_holistic_results.json,/data/WYC/signLanguage/work/generated/web_scoring_mvp/web_20260522_232642_fe440fb9/holistic/user_花_web_20260522_232642_fe440fb9_holistic_results.json,,79.83146574511073,normal_like,flower_core_accepted,0.03063986941653092,0.03266160549190243,0.03266160549190243,full_sequence_with_action_window_diagnostics,False,visible_semantic_core_scale,score_valid,score_valid,True,0.6666666666666666,True,,0.0,,,,,,,True,0.45,right_hand_shape,0.0,0.6666666666666666,0.0,1.0,1.0,0.0039298245614035115,0.0,0.02058387297507471,0.005884829721362231,0.0,0.0,0.0,0.0,0.0
web_20260523_000032_5389521b,2026-05-23T00:00:33,花,15,,5.0,/data/WYC/signLanguage/work/generated/scoring_mvp_run2/all_demo_step4_worker_cache_v2/results/花/花_holistic_results.json,/data/WYC/signLanguage/work/generated/web_scoring_mvp/web_20260523_000032_5389521b/holistic/user_花_web_20260523_000032_5389521b_holistic_results.json,,78.64832442645522,normal_like,flower_core_accepted,0.030392246339051673,0.0348266598287663,0.0348266598287663,full_sequence_with_action_window_diagnostics,False,visible_semantic_core_scale,score_valid,score_valid,True,0.6,True,,0.0,,,,,,,True,0.45,right_hand_shape,0.0,0.6,0.0,1.0,1.0,0.007073684210526318,0.0,0.04900631050703364,0.005884829721362231,0.0,0.0,0.0,0.0,0.0
web_20260523_000852_b2c2f1de,2026-05-23T00:08:53,花,15,,5.0,/data/WYC/signLanguage/work/generated/scoring_mvp_run2/all_demo_step4_worker_cache_v2/results/花/花_holistic_results.json,/data/WYC/signLanguage/work/generated/web_scoring_mvp/web_20260523_000852_b2c2f1de/holistic/user_花_web_20260523_000852_b2c2f1de_holistic_results.json,,80.27053865464218,normal_like,flower_core_accepted,0.029075003772567606,0.031866290883161716,0.031866290883161716,full_sequence_with_action_window_diagnostics,False,visible_semantic_core_scale,score_valid,score_valid,True,0.6,True,,0.0,,,,,,,True,0.45,right_hand_shape,0.0,0.6,0.0,1.0,1.0,0.007073684210526318,0.0,0.028199756332849844,0.005884829721362231,0.0,0.0,0.0,0.0,0.0
web_20260523_000903_3123d2db,2026-05-23T00:09:04,花,15,,5.0,/data/WYC/signLanguage/work/generated/scoring_mvp_run2/all_demo_step4_worker_cache_v2/results/花/花_holistic_results.json,/data/WYC/signLanguage/work/generated/web_scoring_mvp/web_20260523_000903_3123d2db/holistic/user_花_web_20260523_000903_3123d2db_holistic_results.json,,79.06886939652978,normal_like,flower_core_accepted,0.031168368899396712,0.03405338757223331,0.03405338757223331,full_sequence_with_action_window_diagnostics,False,visible_semantic_core_scale,score_valid,score_valid,True,0.7333333333333333,True,,0.0,,,,,,,True,1.0,right_hand_shape,0.0,0.7333333333333333,0.0,1.0,1.0,0.0007859649122807044,0.0,0.03845451937309252,0.005884829721362231,0.0,0.0,0.0,0.0,0.0
web_20260523_000913_d5072c6f,2026-05-23T00:09:14,花,15,,5.0,/data/WYC/signLanguage/work/generated/scoring_mvp_run2/all_demo_step4_worker_cache_v2/results/花/花_holistic_results.json,/data/WYC/signLanguage/work/generated/web_scoring_mvp/web_20260523_000913_d5072c6f/holistic/user_花_web_20260523_000913_d5072c6f_holistic_results.json,,79.31412474896564,normal_like,flower_core_accepted,0.030984466557941907,0.03360432352063988,0.03360432352063988,full_sequence_with_action_window_diagnostics,False,visible_semantic_core_scale,score_valid,score_valid,True,0.6666666666666666,True,,0.0,,,,,,,True,0.8579010796546936,right_hand_shape,0.0,0.6666666666666666,0.0,1.0,1.0,0.0039298245614035115,0.0,0.026441799028141377,0.005884829721362231,0.0,0.0,0.0,0.0,0.0
web_20260523_001048_5bcb9948,2026-05-23T00:10:49,跳,15,,5.0,/data/WYC/signLanguage/work/generated/scoring_mvp_run2/all_demo_step4_worker_cache_v2/results/跳/跳_holistic_results.json,/data/WYC/signLanguage/work/generated/web_scoring_mvp/web_20260523_001048_5bcb9948/holistic/user_跳_web_20260523_001048_5bcb9948_holistic_results.json,,65.90245954338639,borderline,jump_core_accepted,0.36259118056204614,0.602024436663906,0.602024436663906,semantic_action_window,True,jump_relation_semantic_floor,score_valid,score_valid,True,0.6666666666666666,True,used,65.90245954338639,True,0.6343532618328919,1.0,0.8402162941255411,1.1700986757322334,0.6666666666666666,True,,,0.4,0.6,0.4,1.0,1.0,0.007628985507246378,0.050133333333333335,0.03501131210315763,0.03383988274765574,0.074477589122364,0.2057096570304648,0.16146858366100328,0.28216483687058713,0.6568214025692816
web_20260523_001100_dea381ee,2026-05-23T00:11:01,跳,15,,5.0,/data/WYC/signLanguage/work/generated/scoring_mvp_run2/all_demo_step4_worker_cache_v2/results/跳/跳_holistic_results.json,/data/WYC/signLanguage/work/generated/web_scoring_mvp/web_20260523_001100_dea381ee/holistic/user_跳_web_20260523_001100_dea381ee_holistic_results.json,,3.844186638622691,low,jump_two_hand_presence_low,0.36743328117324564,0.586549465708861,0.586549465708861,semantic_action_window,True,short_action_window_with_query_energy_peak,needs_recapture,jump_two_hand_presence_low,False,0.5,True,insufficient_two_hand_presence,0.0,False,,,,,0.5,True,,,0.4666666666666667,0.5333333333333333,0.4666666666666667,1.0,1.0,0.011443478260869566,0.07519999999999999,0.024871477035485104,0.034474321217284415,0.033315300983287034,0.18318986670821294,0.08302922657267602,0.2822530007641639,0.40733160963672504
web_20260523_001113_b486eb41,2026-05-23T00:11:14,跳,15,,5.0,/data/WYC/signLanguage/work/generated/scoring_mvp_run2/all_demo_step4_worker_cache_v2/results/跳/跳_holistic_results.json,/data/WYC/signLanguage/work/generated/web_scoring_mvp/web_20260523_001113_b486eb41/holistic/user_跳_web_20260523_001113_b486eb41_holistic_results.json,,1.2390598663614791,low,jump_two_hand_presence_low,0.37864953004588203,0.7903471079192832,0.7903471079192832,semantic_action_window,True,short_action_window_with_query_energy_peak,needs_recapture,jump_two_hand_presence_low,False,0.0,True,insufficient_two_hand_presence,0.0,False,,,,,0.0,True,,,0.2,0.6,0.2,1.0,1.0,0.02288695652173913,0.15039999999999998,0.01613341605560533,0.033871152028729846,0.0,0.14702607961553407,0.0,0.2858788693780585,0.0
web_20260523_001152_83546751,2026-05-23T00:11:53,跳,15,,5.0,/data/WYC/signLanguage/work/generated/scoring_mvp_run2/all_demo_step4_worker_cache_v2/results/跳/跳_holistic_results.json,/data/WYC/signLanguage/work/generated/web_scoring_mvp/web_20260523_001152_83546751/holistic/user_跳_web_20260523_001152_83546751_holistic_results.json,,80.85024876984444,normal_like,jump_core_accepted,0.22227135388266564,0.3535479676057238,0.3535479676057238,semantic_action_window,True,jump_relation_semantic_floor,score_valid,score_valid,True,1.0,True,used,80.85024876984444,True,0.9842482606748706,1.0,2.003347349968675,0.10336298463663364,1.0,True,,,0.6666666666666666,0.6,0.6,1.0,1.0,0.0,0.0,0.04748697912749683,0.01995076340538985,0.1296609508868954,0.17613264724565697,0.19834014441818362,0.28282927760712906,0.33275717850078784
web_20260523_005246_dbadcd43,2026-05-23T00:52:47,花,11,,5.0,/data/WYC/signLanguage/work/generated/scoring_mvp_run2/all_demo_step4_worker_cache_v2/results/花/花_holistic_results.json,/data/WYC/signLanguage/work/generated/web_scoring_mvp/web_20260523_005246_dbadcd43/holistic/user_花_web_20260523_005246_dbadcd43_holistic_results.json,,79.5800833911136,normal_like,flower_core_accepted,0.030601451412890907,0.03311891829942943,0.03311891829942943,full_sequence_with_action_window_diagnostics,False,visible_semantic_core_scale,score_valid,score_valid,True,0.6363636363636364,True,,0.0,,,,,,,True,0.7496347260475159,right_hand_shape,0.0,0.6363636363636364,0.0,1.0,1.0,0.00535885167464115,0.0,0.034508301891180274,0.005884829721362231,0.0,0.0,0.0,0.0,0.0
web_20260523_005320_4bd5e0a3,2026-05-23T00:53:22,花,27,,29.44954128440367,/data/WYC/signLanguage/work/generated/scoring_mvp_run2/all_demo_step4_worker_cache_v2/results/花/花_holistic_results.json,/data/WYC/signLanguage/work/generated/web_scoring_mvp/web_20260523_005320_4bd5e0a3/holistic/user_花_web_20260523_005320_4bd5e0a3_holistic_results.json,,78.50101410670366,normal_like,flower_core_accepted,0.029229254969641277,0.0350985031953335,0.0350985031953335,full_sequence_with_action_window_diagnostics,False,visible_semantic_core_scale,score_valid,score_valid,True,0.7407407407407407,True,,0.0,,,,,,,True,0.7259365451335907,right_hand_shape,0.0,0.7407407407407407,0.0,1.0,1.0,0.0004366471734892808,0.0,0.003997307677676853,0.005884829721362231,0.0,0.0,0.0,0.0,0.0
web_20260523_005533_c97daf95,2026-05-23T00:55:34,花,15,,5.0,/data/WYC/signLanguage/work/generated/scoring_mvp_run2/all_demo_step4_worker_cache_v2/results/花/花_holistic_results.json,/data/WYC/signLanguage/work/generated/web_scoring_mvp/web_20260523_005533_c97daf95/holistic/user_花_web_20260523_005533_c97daf95_holistic_results.json,,79.29457956595539,normal_like,flower_core_accepted,0.030972575283099806,0.03364005991433999,0.03364005991433999,full_sequence_with_action_window_diagnostics,False,visible_semantic_core_scale,score_valid,score_valid,True,0.6,True,,0.0,,,,,,,True,0.45,right_hand_shape,0.0,0.6,0.0,1.0,1.0,0.007073684210526318,0.0,0.024059747569530443,0.005884829721362231,0.0,0.0,0.0,0.0,0.0
web_20260523_005941_0ec0ccab,2026-05-23T00:59:43,跳,15,,5.0,/data/WYC/signLanguage/work/generated/scoring_mvp_run2/all_demo_step4_worker_cache_v2/results/跳/跳_holistic_results.json,/data/WYC/signLanguage/work/generated/web_scoring_mvp/web_20260523_005941_0ec0ccab/holistic/user_跳_web_20260523_005941_0ec0ccab_holistic_results.json,,72.94156046282042,borderline,jump_core_accepted,0.24862723915377483,0.4013452743596904,0.4013452743596904,semantic_action_window,True,jump_relation_semantic_floor,score_valid,score_valid,True,1.0,True,used,72.94156046282042,True,0.6822110431037113,1.0,2.763646596816733,1.0931475908261523,1.0,True,,,0.8,0.5333333333333333,0.5333333333333333,1.0,1.0,0.0,0.0,0.04192442691532618,0.024379559948551004,0.10142660991744351,0.17910498720076323,0.14662507213220818,0.26841005143129565,0.4935774763077468
web_20260523_005953_cdf0697d,2026-05-23T00:59:54,跳,15,,5.0,/data/WYC/signLanguage/work/generated/scoring_mvp_run2/all_demo_step4_worker_cache_v2/results/跳/跳_holistic_results.json,/data/WYC/signLanguage/work/generated/web_scoring_mvp/web_20260523_005953_cdf0697d/holistic/user_跳_web_20260523_005953_cdf0697d_holistic_results.json,,1.3463234556132853,low,jump_two_hand_presence_low,0.3468904109263737,0.7754026814745296,0.7754026814745296,semantic_action_window,True,short_action_window_with_query_energy_peak,needs_recapture,jump_two_hand_presence_low,False,0.3333333333333333,True,insufficient_two_hand_presence,0.0,False,,,,,0.3333333333333333,True,,,0.4,0.4,0.4,1.0,1.0,0.021361159420289856,0.11733333333333333,0.03554432736733892,0.030838219054096564,0.05797636850616203,0.11330998589129282,0.09530914905804216,0.17787305968942493,0.10112545574768735
web_20260523_010004_7eaf7ee3,2026-05-23T01:00:05,跳,15,,5.0,/data/WYC/signLanguage/work/generated/scoring_mvp_run2/all_demo_step4_worker_cache_v2/results/跳/跳_holistic_results.json,/data/WYC/signLanguage/work/generated/web_scoring_mvp/web_20260523_010004_7eaf7ee3/holistic/user_跳_web_20260523_010004_7eaf7ee3_holistic_results.json,,81.27714648082065,normal_like,jump_core_accepted,0.25075330166362464,0.3599982662032847,0.3599982662032847,semantic_action_window,True,jump_relation_semantic_floor,score_valid,score_valid,True,1.0,True,used,81.27714648082065,True,0.9157889034738838,1.0,1.6941603099516631,0.4523037922190589,1.0,True,,,0.8,0.5333333333333333,0.5333333333333333,1.0,1.0,0.0,0.0,0.013160551122104685,0.0239347325537208,0.10602669347530191,0.18377783719045995,0.17931836145934438,0.2742014463232974,0.47707930299012263
web_20260523_010014_049faf7d,2026-05-23T01:00:15,跳,15,,5.0,/data/WYC/signLanguage/work/generated/scoring_mvp_run2/all_demo_step4_worker_cache_v2/results/跳/跳_holistic_results.json,/data/WYC/signLanguage/work/generated/web_scoring_mvp/web_20260523_010014_049faf7d/holistic/user_跳_web_20260523_010014_049faf7d_holistic_results.json,,1.0698789179942558,low,jump_two_hand_presence_low,0.35612464552229073,0.8167724468406845,0.8167724468406845,semantic_action_window,True,short_action_window_with_query_energy_peak,needs_recapture,jump_two_hand_presence_low,False,0.3333333333333333,True,insufficient_two_hand_presence,0.0,False,,,,,0.3333333333333333,True,,,0.4666666666666667,0.2,0.2,1.0,1.0,0.021361159420289856,0.11733333333333333,0.05531910729855784,0.028463743995114747,0.0622196860724563,0.12399995229149166,0.10545279663572917,0.17900629943323176,0.1390530256708685
web_20260523_010203_88bdaf53,2026-05-23T01:02:06,花,30,,10.0,/data/WYC/signLanguage/work/generated/scoring_mvp_run2/all_demo_step4_worker_cache_v2/results/花/花_holistic_results.json,/data/WYC/signLanguage/work/generated/web_scoring_mvp/web_20260523_010203_88bdaf53/holistic/user_花_web_20260523_010203_88bdaf53_holistic_results.json,,17.461954213725093,low,flower_low_other,0.03206605398535319,0.20941748599860938,0.20941748599860938,full_sequence_with_action_window_diagnostics,False,default,score_valid,score_valid,True,0.6333333333333333,True,,0.0,,,,,,,True,1.0,right_hand_shape,0.13333333333333333,0.6333333333333333,0.13333333333333333,1.0,1.0,0.006981217750258001,0.0,0.03568094749450684,0.011253769840125468,0.0,0.0,0.0,0.0,0.0
web_20260523_010215_ab4961d9,2026-05-23T01:02:17,花,30,,10.0,/data/WYC/signLanguage/work/generated/scoring_mvp_run2/all_demo_step4_worker_cache_v2/results/花/花_holistic_results.json,/data/WYC/signLanguage/work/generated/web_scoring_mvp/web_20260523_010215_ab4961d9/holistic/user_花_web_20260523_010215_ab4961d9_holistic_results.json,,69.42616470186267,borderline,flower_core_accepted,0.029754523722084033,0.05291142459710152,0.05291142459710152,full_sequence_with_action_window_diagnostics,False,visible_semantic_core_scale,score_valid,score_valid,True,0.6666666666666666,True,,0.0,,,,,,,True,1.0,right_hand_shape,0.0,0.6666666666666666,0.0,1.0,1.0,0.0039298245614035115,0.0,0.040751669880480346,0.005884829721362231,0.0,0.0,0.0,0.0,0.0
web_20260523_010234_e2d59e5e,2026-05-23T01:02:37,跳,45,,15.0,/data/WYC/signLanguage/work/generated/scoring_mvp_run2/all_demo_step4_worker_cache_v2/results/跳/跳_holistic_results.json,/data/WYC/signLanguage/work/generated/web_scoring_mvp/web_20260523_010234_e2d59e5e/holistic/user_跳_web_20260523_010234_e2d59e5e_holistic_results.json,,78.84372610083881,normal_like,jump_core_accepted,0.27820758223473047,0.4069772299826234,0.4069772299826234,semantic_action_window,True,jump_relation_semantic_floor,score_valid,score_valid,True,0.8461538461538461,True,used,78.84372610083881,True,0.9932451602469888,1.0,3.995658977169685,0.0030545090216096277,0.8461538461538461,True,,,0.6666666666666666,0.4222222222222222,0.4222222222222222,1.0,1.0,0.0035210702341137126,0.02313846153846154,0.054821750930557994,0.025749903506298178,0.11033736389900434,0.2151106851174088,0.16637735213595214,0.28489383686243375,0.40227264252223977
web_20260523_011122_fb34e3e5,2026-05-23T01:11:24,跳,30,,10.0,/data/WYC/signLanguage/work/generated/scoring_mvp_run2/all_demo_step4_worker_cache_v2/results/跳/跳_holistic_results.json,/data/WYC/signLanguage/work/generated/web_scoring_mvp/web_20260523_011122_fb34e3e5/holistic/user_跳_web_20260523_011122_fb34e3e5_holistic_results.json,,64.6372087473569,borderline,jump_core_accepted,0.30332966411567763,0.45923383169623,0.45923383169623,semantic_action_window,True,jump_relation_semantic_floor,score_valid,score_valid,True,0.75,True,used,64.6372087473569,True,0.9277118773419631,1.0,3.8309376678309017,0.48057841515991306,0.75,True,,,0.5333333333333333,0.5666666666666667,0.5333333333333333,1.0,1.0,0.005721739130434783,0.037599999999999995,0.038933542475587425,0.02801349978168333,0.10201904955678222,0.22123623607039974,0.16447575832610573,0.2740017864599523,0.431567594670723
web_20260523_011135_5967dd5a,2026-05-23T01:11:37,跳,30,,10.0,/data/WYC/signLanguage/work/generated/scoring_mvp_run2/all_demo_step4_worker_cache_v2/results/跳/跳_holistic_results.json,/data/WYC/signLanguage/work/generated/web_scoring_mvp/web_20260523_011135_5967dd5a/holistic/user_跳_web_20260523_011135_5967dd5a_holistic_results.json,,3.176326465637675,low,jump_two_hand_presence_low,0.36912364171864787,0.620900074158885,0.620900074158885,semantic_action_window,True,short_action_window_with_query_energy_peak,needs_recapture,jump_two_hand_presence_low,False,0.5,True,insufficient_two_hand_presence,0.0,False,,,,,0.5,True,,,0.4666666666666667,0.7,0.4666666666666667,1.0,1.0,0.015448695652173912,0.08639999999999998,0.0839691201505302,0.03447784133408851,0.07896404938236017,0.23052823151368892,0.13526202864186151,0.28932951211804775,0.4973550298001683
web_20260523_015650_c394e067,2026-05-23T01:56:52,跳,19,37,14.682539682539682,/data/WYC/signLanguage/work/generated/scoring_mvp_run3/all_demo_step2_worker_cache_semantic_v1/results/跳/跳_holistic_results.json,/data/WYC/signLanguage/work/generated/web_scoring_mvp/web_20260523_015650_c394e067/holistic/user_跳_web_20260523_015650_c394e067_holistic_results.json,,84.92334172592344,normal_like,jump_core_accepted,0.047507957405413435,0.0567061731277496,0.040078388035854895,semantic_action_window,True,jump_relation_semantic_floor,score_valid,score_valid,True,1.0,True,used,84.92334172592344,True,0.9991643598546499,1.0,0.9761694370129093,0.6416554325973503,1.0,True,,,0.8947368421052632,0.8947368421052632,0.8947368421052632,1.0,1.0,0.002542995169082127,0.0,0.0034351449734841793,0.005661870031570454,0.014570871301029442,0.01103317493287221,0.07239472451864791,0.040172947780982377,0.009591429500753106
web_20260523_015727_2cb1fbe6,2026-05-23T01:57:28,跳,19,37,14.682539682539682,/data/WYC/signLanguage/work/generated/scoring_mvp_run3/all_demo_step2_worker_cache_semantic_v1/results/跳/跳_holistic_results.json,/data/WYC/signLanguage/work/generated/web_scoring_mvp/web_20260523_015727_2cb1fbe6/holistic/user_跳_web_20260523_015727_2cb1fbe6_holistic_results.json,,84.94841523300283,normal_like,jump_core_accepted,0.044490776050910404,0.05107344476437807,0.03550167314655943,semantic_action_window,True,jump_relation_semantic_floor,score_valid,score_valid,True,1.0,True,used,84.94841523300283,True,0.9994062681864736,1.0,1.0158404771126321,0.7243489648434365,1.0,True,,,0.8947368421052632,0.8947368421052632,0.8947368421052632,1.0,1.0,0.002542995169082127,0.0,0.0020243264681970084,0.003158852343918559,0.01249785477821893,0.009212301069541285,0.04945501040807624,0.04027302415833194,0.008955788627809472
web_20260523_015736_2678050f,2026-05-23T01:57:38,花,30,54,18.0,/data/WYC/signLanguage/work/generated/scoring_mvp_run3/all_demo_step2_worker_cache_semantic_v1/results/花/花_holistic_results.json,/data/WYC/signLanguage/work/generated/web_scoring_mvp/web_20260523_015736_2678050f/holistic/user_花_web_20260523_015736_2678050f_holistic_results.json,,77.84019168252094,normal_like,flower_core_accepted,0.03211483704203059,0.03632428141110601,0.03632428141110601,full_sequence_with_action_window_diagnostics,False,visible_semantic_core_scale,score_valid,score_valid,True,0.7,True,,0.0,,,,,,,True,1.0,right_hand_shape,0.03333333333333333,0.7,0.03333333333333333,1.0,1.0,0.0029502034776174675,0.0,0.029791647851543555,0.005884829721362231,0.0,0.0,0.0,0.0,0.0
web_20260523_015755_80a348dd,2026-05-23T01:57:57,花,30,54,18.0,/data/WYC/signLanguage/work/generated/scoring_mvp_run3/all_demo_step2_worker_cache_semantic_v1/results/花/花_holistic_results.json,/data/WYC/signLanguage/work/generated/web_scoring_mvp/web_20260523_015755_80a348dd/holistic/user_花_web_20260523_015755_80a348dd_holistic_results.json,,78.25112504326592,normal_like,flower_core_accepted,0.0315532564479656,0.035560811972611794,0.035560811972611794,full_sequence_with_action_window_diagnostics,False,visible_semantic_core_scale,score_valid,score_valid,True,0.7666666666666667,True,,0.0,,,,,,,True,1.0,right_hand_shape,0.0,0.7666666666666667,0.0,1.0,1.0,0.0005635220125786164,0.0,0.06241580504332808,0.005884829721362231,0.0,0.0,0.0,0.0,0.0
web_20260523_015816_3c06955d,2026-05-23T01:58:17,花,30,54,18.0,/data/WYC/signLanguage/work/generated/scoring_mvp_run3/all_demo_step2_worker_cache_semantic_v1/results/花/花_holistic_results.json,/data/WYC/signLanguage/work/generated/web_scoring_mvp/web_20260523_015816_3c06955d/holistic/user_花_web_20260523_015816_3c06955d_holistic_results.json,,78.22802383654293,normal_like,flower_core_accepted,0.031176901040821693,0.035603625024997976,0.035603625024997976,full_sequence_with_action_window_diagnostics,False,visible_semantic_core_scale,score_valid,score_valid,True,0.6333333333333333,True,,0.0,,,,,,,True,0.7371691137552262,right_hand_shape,0.0,0.6333333333333333,0.0,1.0,1.0,0.005724197285667003,0.0,0.04757675589411679,0.005545320314360563,0.0,0.0,0.0,0.0,0.0
web_20260523_015835_2dfac551,2026-05-23T01:58:36,花,15,30,10.0,/data/WYC/signLanguage/work/generated/scoring_mvp_run3/all_demo_step2_worker_cache_semantic_v1/results/花/花_holistic_results.json,/data/WYC/signLanguage/work/generated/web_scoring_mvp/web_20260523_015835_2dfac551/holistic/user_花_web_20260523_015835_2dfac551_holistic_results.json,,76.9395809124488,normal_like,flower_core_accepted,0.032939754449510944,0.03801171166469929,0.03801171166469929,full_sequence_with_action_window_diagnostics,False,visible_semantic_core_scale,score_valid,score_valid,True,0.7333333333333333,True,,0.0,,,,,,,True,1.0,right_hand_shape,0.0,0.7333333333333333,0.0,1.0,1.0,0.0010084078119827924,0.0,0.044774868588770514,0.005884829721362231,0.0,0.0,0.0,0.0,0.0
web_20260523_020555_09843ad1,2026-05-23T02:05:57,跳,19,37,14.682539682539682,/data/WYC/signLanguage/work/generated/scoring_mvp_run3/all_demo_step2_worker_cache_semantic_v1/results/跳/跳_holistic_results.json,/data/WYC/signLanguage/work/generated/web_scoring_mvp/web_20260523_020555_09843ad1/holistic/user_跳_web_20260523_020555_09843ad1_holistic_results.json,,84.94841523300283,normal_like,jump_core_accepted,0.044490776050910404,0.05107344476437807,0.03550167314655943,semantic_action_window,True,jump_relation_semantic_floor,score_valid,score_valid,True,1.0,True,used,84.94841523300283,True,0.9994062681864736,1.0,1.0158404771126321,0.7243489648434365,1.0,True,,,0.8947368421052632,0.8947368421052632,0.8947368421052632,1.0,1.0,0.002542995169082127,0.0,0.0020243264681970084,0.003158852343918559,0.01249785477821893,0.009212301069541285,0.04945501040807624,0.04027302415833194,0.008955788627809472
web_20260523_020656_ffa06ed9,2026-05-23T02:06:57,花,15,30,10.0,/data/WYC/signLanguage/work/generated/scoring_mvp_run3/all_demo_step2_worker_cache_semantic_v1/results/花/花_holistic_results.json,/data/WYC/signLanguage/work/generated/web_scoring_mvp/web_20260523_020656_ffa06ed9/holistic/user_花_web_20260523_020656_ffa06ed9_holistic_results.json,,77.18278859042866,normal_like,flower_core_accepted,0.0329345583399602,0.03755408643232683,0.03755408643232683,full_sequence_with_action_window_diagnostics,False,visible_semantic_core_scale,score_valid,score_valid,True,0.7333333333333333,True,,0.0,,,,,,,True,0.8214454036951065,right_hand_shape,0.06666666666666667,0.7333333333333333,0.06666666666666667,1.0,1.0,0.0017481394941293354,0.0,0.03566984483261521,0.011736626668583607,0.0,0.0,0.0,0.0,0.0
web_20260523_020721_d12639c5,2026-05-23T02:07:23,花,15,30,10.0,/data/WYC/signLanguage/work/generated/scoring_mvp_run3/all_demo_step2_worker_cache_semantic_v1/results/花/花_holistic_results.json,/data/WYC/signLanguage/work/generated/web_scoring_mvp/web_20260523_020721_d12639c5/holistic/user_花_web_20260523_020721_d12639c5_holistic_results.json,,77.48293063086018,normal_like,flower_core_accepted,0.03295210723868895,0.036991315952703954,0.036991315952703954,full_sequence_with_action_window_diagnostics,False,visible_semantic_core_scale,score_valid,score_valid,True,0.8,True,,0.0,,,,,,,True,1.0,right_hand_shape,0.0,0.8,0.0,1.0,1.0,0.00213545183714002,0.0,0.037910332890428035,0.005884829721362231,0.0,0.0,0.0,0.0,0.0
web_20260523_020734_b9299448,2026-05-23T02:07:35,花,15,30,10.0,/data/WYC/signLanguage/work/generated/scoring_mvp_run3/all_demo_step2_worker_cache_semantic_v1/results/花/花_holistic_results.json,/data/WYC/signLanguage/work/generated/web_scoring_mvp/web_20260523_020734_b9299448/holistic/user_花_web_20260523_020734_b9299448_holistic_results.json,,78.08182582418904,normal_like,flower_core_accepted,0.0330560476145772,0.03587486471998705,0.03587486471998705,full_sequence_with_action_window_diagnostics,False,visible_semantic_core_scale,score_valid,score_valid,True,0.6666666666666666,True,,0.0,,,,,,,True,1.0,right_hand_shape,0.0,0.6666666666666666,0.0,1.0,1.0,0.004152267461105599,0.0,0.029113563885322696,0.005884829721362231,0.0,0.0,0.0,0.0,0.0
web_20260523_020807_c15e8c2b,2026-05-23T02:08:08,花,15,30,10.0,/data/WYC/signLanguage/work/generated/scoring_mvp_run3/all_demo_step2_worker_cache_semantic_v1/results/花/花_holistic_results.json,/data/WYC/signLanguage/work/generated/web_scoring_mvp/web_20260523_020807_c15e8c2b/holistic/user_花_web_20260523_020807_c15e8c2b_holistic_results.json,,78.76797454435363,normal_like,flower_core_accepted,0.029192318378828915,0.034606234490986404,0.034606234490986404,full_sequence_with_action_window_diagnostics,False,visible_semantic_core_scale,score_valid,score_valid,True,0.6666666666666666,True,,0.0,,,,,,,True,0.55,right_hand_shape,0.0,0.6666666666666666,0.0,1.0,1.0,0.004152267461105599,0.0,0.04353078058947623,0.005884829721362231,0.0,0.0,0.0,0.0,0.0
web_20260523_020825_2312ad97,2026-05-23T02:08:28,花,45,54,18.0,/data/WYC/signLanguage/work/generated/scoring_mvp_run3/all_demo_step2_worker_cache_semantic_v1/results/花/花_holistic_results.json,/data/WYC/signLanguage/work/generated/web_scoring_mvp/web_20260523_020825_2312ad97/holistic/user_花_web_20260523_020825_2312ad97_holistic_results.json,,63.31809108845088,borderline,flower_core_accepted,0.03395909345739539,0.0662648692803439,0.0662648692803439,full_sequence_with_action_window_diagnostics,False,visible_semantic_core_scale,score_valid,score_valid,True,0.7777777777777778,True,,0.0,,,,,,,True,1.0,right_hand_shape,0.0,0.7777777777777778,0.0,1.0,1.0,0.001087498620765749,0.0,0.04349909057739411,0.005884829721362231,0.0,0.0,0.0,0.0,0.0
web_20260523_020843_6ba8acd9,2026-05-23T02:08:48,花,60,60,20.0,/data/WYC/signLanguage/work/generated/scoring_mvp_run3/all_demo_step2_worker_cache_semantic_v1/results/花/花_holistic_results.json,/data/WYC/signLanguage/work/generated/web_scoring_mvp/web_20260523_020843_6ba8acd9/holistic/user_花_web_20260523_020843_6ba8acd9_holistic_results.json,,66.85704531405491,borderline,flower_core_accepted,0.03241316979462149,0.05837895722517185,0.05837895722517185,full_sequence_with_action_window_diagnostics,False,visible_semantic_core_scale,score_valid,score_valid,True,0.7166666666666667,True,,0.0,,,,,,,True,0.5564961850643159,right_hand_shape,0.0,0.7166666666666667,0.0,1.0,1.0,0.0017943727242634914,0.0,0.05170964217094175,0.005884829721362231,0.0,0.0,0.0,0.0,0.0
web_20260523_020951_6ff2657c,2026-05-23T02:09:56,跳,60,60,20.0,/data/WYC/signLanguage/work/generated/scoring_mvp_run3/all_demo_step2_worker_cache_semantic_v1/results/跳/跳_holistic_results.json,/data/WYC/signLanguage/work/generated/web_scoring_mvp/web_20260523_020951_6ff2657c/holistic/user_跳_web_20260523_020951_6ff2657c_holistic_results.json,,7.283056837579631,low,jump_two_hand_presence_low,0.21681206641670905,0.4445641738425614,0.4445641738425614,semantic_action_window,True,short_action_window_with_query_energy_peak,needs_recapture,jump_two_hand_presence_low,False,0.11764705882352941,True,insufficient_two_hand_presence,0.0,False,,,,,0.11764705882352941,True,,,0.26666666666666666,0.6666666666666666,0.26666666666666666,1.0,1.0,0.0176513782324524,0.11599477124183004,0.056252062416246466,0.025344181457338487,0.03018701103576999,0.2134578055021934,0.0402629531042955,0.2834326391932428,0.0931262090126734
web_20260523_021006_aef545ce,2026-05-23T02:10:10,跳,60,60,20.0,/data/WYC/signLanguage/work/generated/scoring_mvp_run3/all_demo_step2_worker_cache_semantic_v1/results/跳/跳_holistic_results.json,/data/WYC/signLanguage/work/generated/web_scoring_mvp/web_20260523_021006_aef545ce/holistic/user_跳_web_20260523_021006_aef545ce_holistic_results.json,,72.86982177632768,borderline,jump_core_accepted,0.3329664150705042,0.40810640775337137,0.40810640775337137,semantic_action_window,True,jump_relation_semantic_floor,score_valid,score_valid,True,0.9411764705882353,True,used,72.86982177632768,True,0.7471162521034977,1.0,5.501047290408654,0.11681272024249943,0.9411764705882353,True,,,0.7333333333333333,0.6,0.6,1.0,1.0,0.0011967036089798248,0.0,0.04800746599061163,0.023390220146860572,0.09751829285246094,0.2483682931470315,0.13650508252977037,0.2770490600000407,0.5661854856813967
web_20260523_021604_9c415199,2026-05-23T02:16:08,跳,60,60,20.0,/data/WYC/signLanguage/work/generated/scoring_mvp_run3/all_demo_step2_worker_cache_semantic_v1/results/跳/跳_holistic_results.json,/data/WYC/signLanguage/work/generated/web_scoring_mvp/web_20260523_021604_9c415199/holistic/user_跳_web_20260523_021604_9c415199_holistic_results.json,,4.7839703876199815,low,jump_two_hand_presence_low,0.2794909329047356,0.5158880282499858,0.5158880282499858,semantic_action_window,True,short_action_window_with_query_energy_peak,needs_recapture,jump_two_hand_presence_low,False,0.11764705882352941,True,insufficient_two_hand_presence,0.0,False,,,,,0.11764705882352941,True,,,0.13333333333333333,0.7166666666666667,0.13333333333333333,1.0,1.0,0.0176513782324524,0.11599477124183004,0.056751291070119385,0.034741202181777724,0.0,0.19822174559328593,0.0,0.26506764449864023,0.0
web_20260523_021622_26666615,2026-05-23T02:16:24,跳,30,54,18.0,/data/WYC/signLanguage/work/generated/scoring_mvp_run3/all_demo_step2_worker_cache_semantic_v1/results/跳/跳_holistic_results.json,/data/WYC/signLanguage/work/generated/web_scoring_mvp/web_20260523_021622_26666615/holistic/user_跳_web_20260523_021622_26666615_holistic_results.json,,70.08362779511887,borderline,jump_core_accepted,0.3005133831403335,0.4322340118757013,0.4322340118757013,semantic_action_window,True,jump_relation_semantic_floor,score_valid,score_valid,True,0.875,True,used,70.08362779511887,True,0.6958010009877477,1.0,4.597114704673051,0.1851489249042562,0.875,True,,,0.6,0.5,0.5,1.0,1.0,0.004323091787439612,0.01328888888888888,0.0522932479714366,0.02777882015201767,0.10058708196679592,0.19109923576698365,0.170145708699416,0.2448457331293016,0.541178117894048
web_20260523_022509_a44cb853,2026-05-23T02:25:12,跳,30,54,18.0,/data/WYC/signLanguage/work/generated/scoring_mvp_run3/all_demo_step2_worker_cache_semantic_v1/results/跳/跳_holistic_results.json,/data/WYC/signLanguage/work/generated/web_scoring_mvp/web_20260523_022509_a44cb853/holistic/user_跳_web_20260523_022509_a44cb853_holistic_results.json,,74.91546989845658,borderline,jump_core_accepted,0.2737661730991391,0.4145855349518649,0.4145855349518649,semantic_action_window,True,jump_relation_semantic_floor,score_valid,score_valid,True,0.75,True,used,74.91546989845658,True,0.983488600927999,1.0,2.0451028943416483,0.019128647798587046,0.75,True,,,0.7666666666666667,0.6666666666666666,0.6666666666666666,1.0,1.0,0.010553429951690823,0.034399999999999986,0.02239404078376286,0.020304018659992394,0.06998802667080362,0.19050194261414313,0.12516002305595517,0.271820757560943,0.28986334727606095
web_20260523_023452_bd691c4f,2026-05-23T02:34:56,花,53,105,29.44954128440367,/data/WYC/signLanguage/work/generated/scoring_mvp_run3/all_demo_step2_worker_cache_semantic_v1/results/花/花_holistic_results.json,/data/WYC/signLanguage/work/generated/web_scoring_mvp/web_20260523_023452_bd691c4f/holistic/user_花_web_20260523_023452_bd691c4f_holistic_results.json,,79.39839837023891,normal_like,flower_core_accepted,0.02899202722322958,0.033450338491697165,0.033450338491697165,full_sequence_with_action_window_diagnostics,False,visible_semantic_core_scale,score_valid,score_valid,True,0.7735849056603774,True,,0.0,,,,,,,True,0.816073654294014,right_hand_shape,0.0,0.7735849056603774,0.0,1.0,1.0,0.0008897715988083416,0.0,0.008537073506558171,0.005884829721362231,0.0,0.0,0.0,0.0,0.0
web_20260523_023716_bb545221,2026-05-23T02:37:17,花,15,30,10.0,/data/WYC/signLanguage/work/generated/scoring_mvp_run3/all_demo_step2_worker_cache_semantic_v1/results/花/花_holistic_results.json,/data/WYC/signLanguage/work/generated/web_scoring_mvp/web_20260523_023716_bb545221/holistic/user_花_web_20260523_023716_bb545221_holistic_results.json,,75.53318443817626,normal_like,flower_core_accepted,0.036608248191187985,0.04068672411070608,0.04068672411070608,full_sequence_with_action_window_diagnostics,False,visible_semantic_core_scale,score_valid,score_valid,True,0.6666666666666666,True,,0.0,,,,,,,True,0.5927757751941681,right_hand_shape,0.0,0.6666666666666666,0.0,1.0,1.0,0.004152267461105599,0.0,0.036111668408146266,0.005884829721362231,0.0,0.0,0.0,0.0,0.0
web_20260523_023729_fe2e847d,2026-05-23T02:37:30,花,15,30,10.0,/data/WYC/signLanguage/work/generated/scoring_mvp_run3/all_demo_step2_worker_cache_semantic_v1/results/花/花_holistic_results.json,/data/WYC/signLanguage/work/generated/web_scoring_mvp/web_20260523_023729_fe2e847d/holistic/user_花_web_20260523_023729_fe2e847d_holistic_results.json,,78.09925693366887,normal_like,flower_core_accepted,0.03306179338375074,0.035842498304792074,0.035842498304792074,full_sequence_with_action_window_diagnostics,False,visible_semantic_core_scale,score_valid,score_valid,True,0.8,True,,0.0,,,,,,,True,0.6797603499889374,right_hand_shape,0.0,0.8,0.0,1.0,1.0,0.00213545183714002,0.0,0.030918645151685447,0.005884829721362231,0.0,0.0,0.0,0.0,0.0
web_20260523_023751_844be9b0,2026-05-23T02:37:53,花,15,30,10.0,/data/WYC/signLanguage/work/generated/scoring_mvp_run3/all_demo_step2_worker_cache_semantic_v1/results/花/花_holistic_results.json,/data/WYC/signLanguage/work/generated/web_scoring_mvp/web_20260523_023751_844be9b0/holistic/user_花_web_20260523_023751_844be9b0_holistic_results.json,,78.30805692480041,normal_like,flower_core_accepted,0.03273400609866125,0.03545535507021096,0.03545535507021096,full_sequence_with_action_window_diagnostics,False,visible_semantic_core_scale,score_valid,score_valid,True,0.8666666666666667,True,,0.0,,,,,,,True,0.7885371279716492,right_hand_shape,0.0,0.8666666666666667,0.0,1.0,1.0,0.005279311486262827,0.0,0.02744503022760917,0.005884829721362231,0.0,0.0,0.0,0.0,0.0
web_20260523_023814_169a471d,2026-05-23T02:38:17,花,30,54,18.0,/data/WYC/signLanguage/work/generated/scoring_mvp_run3/all_demo_step2_worker_cache_semantic_v1/results/花/花_holistic_results.json,/data/WYC/signLanguage/work/generated/web_scoring_mvp/web_20260523_023814_169a471d/holistic/user_花_web_20260523_023814_169a471d_holistic_results.json,,77.05564745831941,normal_like,flower_core_accepted,0.0348391223445133,0.03779313797879898,0.03779313797879898,full_sequence_with_action_window_diagnostics,False,visible_semantic_core_scale,score_valid,score_valid,True,0.8666666666666667,True,,0.0,,,,,,,True,0.44249507188797,right_hand_shape,0.0,0.8666666666666667,0.0,1.0,1.0,0.005279311486262827,0.0,0.0253168701913913,0.005884829721362231,0.0,0.0,0.0,0.0,0.0
web_20260523_023830_033d7664,2026-05-23T02:38:33,花,30,54,18.0,/data/WYC/signLanguage/work/generated/scoring_mvp_run3/all_demo_step2_worker_cache_semantic_v1/results/花/花_holistic_results.json,/data/WYC/signLanguage/work/generated/web_scoring_mvp/web_20260523_023830_033d7664/holistic/user_花_web_20260523_023830_033d7664_holistic_results.json,,78.8270187377436,normal_like,flower_core_accepted,0.03167090723238341,0.03449758372405747,0.03449758372405747,full_sequence_with_action_window_diagnostics,False,visible_semantic_core_scale,score_valid,score_valid,True,0.8,True,,0.0,,,,,,,True,1.0,right_hand_shape,0.0,0.8,0.0,1.0,1.0,0.00213545183714002,0.0,0.039396930666944156,0.005884829721362231,0.0,0.0,0.0,0.0,0.0
web_20260523_024000_dd35e1bb,2026-05-23T02:40:02,跳,30,54,18.0,/data/WYC/signLanguage/work/generated/scoring_mvp_run3/all_demo_step2_worker_cache_semantic_v1/results/跳/跳_holistic_results.json,/data/WYC/signLanguage/work/generated/web_scoring_mvp/web_20260523_024000_dd35e1bb/holistic/user_跳_web_20260523_024000_dd35e1bb_holistic_results.json,,72.94307183299364,borderline,jump_core_accepted,0.3346600076638852,0.5411221719397376,0.5411221719397376,semantic_action_window,True,jump_relation_semantic_floor,score_valid,score_valid,True,0.75,True,used,72.94307183299364,True,0.9762317965600258,1.0,3.4848190294122583,0.00893464967456291,0.75,True,,,0.9,0.7,0.7,1.0,1.0,0.010553429951690823,0.034399999999999986,0.09405148347586445,0.031410405373677515,0.0837464196772602,0.18691143207343067,0.1371280582539825,0.2393188944365147,0.45746823483502885
web_20260523_024025_9c6cf572,2026-05-23T02:40:28,跳,30,54,18.0,/data/WYC/signLanguage/work/generated/scoring_mvp_run3/all_demo_step2_worker_cache_semantic_v1/results/跳/跳_holistic_results.json,/data/WYC/signLanguage/work/generated/web_scoring_mvp/web_20260523_024025_9c6cf572/holistic/user_跳_web_20260523_024025_9c6cf572_holistic_results.json,,3.769062346165826,low,jump_two_hand_presence_low,0.2770320327843779,0.5563534137528376,0.5563534137528376,semantic_action_window,True,short_action_window_with_query_energy_peak,needs_recapture,jump_two_hand_presence_low,False,0.5,True,insufficient_two_hand_presence,0.0,False,,,,,0.5,True,,,0.3,0.6,0.3,1.0,1.0,0.00890048309178744,0.058488888888888875,0.057639689598561965,0.028295914693090108,0.08711477730513467,0.19705130502438026,0.12308202826999239,0.27104326613584745,0.3530708972580753
web_20260523_024037_ff5b3fb5,2026-05-23T02:40:39,跳,30,54,18.0,/data/WYC/signLanguage/work/generated/scoring_mvp_run3/all_demo_step2_worker_cache_semantic_v1/results/跳/跳_holistic_results.json,/data/WYC/signLanguage/work/generated/web_scoring_mvp/web_20260523_024037_ff5b3fb5/holistic/user_跳_web_20260523_024037_ff5b3fb5_holistic_results.json,,6.226831427977597,low,jump_two_hand_presence_low,0.29188021697759464,0.471154171699649,0.471154171699649,semantic_action_window,True,short_action_window_with_query_energy_peak,needs_recapture,jump_two_hand_presence_low,False,0.5,True,insufficient_two_hand_presence,0.0,False,,,,,0.5,True,,,0.5,0.8333333333333334,0.5,1.0,1.0,0.00890048309178744,0.058488888888888875,0.04404136843505351,0.02475098130596057,0.08696867691946779,0.21367967042332983,0.09224758605999825,0.2729481568814396,0.2653972357550851
web_20260523_030621_977512c9,2026-05-23T03:06:25,花,53,105,29.44954128440367,/data/WYC/signLanguage/work/generated/scoring_mvp_run3/all_demo_step2_worker_cache_semantic_v1/results/花/花_holistic_results.json,/data/WYC/signLanguage/work/generated/web_scoring_mvp/web_20260523_030621_977512c9/holistic/user_花_web_20260523_030621_977512c9_holistic_results.json,,79.39839837023891,normal_like,flower_core_accepted,0.02899202722322958,0.033450338491697165,0.033450338491697165,full_sequence_with_action_window_diagnostics,False,visible_semantic_core_scale,score_valid,score_valid,True,0.7735849056603774,True,,0.0,,,,,,,True,0.816073654294014,right_hand_shape,0.0,0.7735849056603774,0.0,1.0,1.0,0.0008897715988083416,0.0,0.008537073506558171,0.005884829721362231,0.0,0.0,0.0,0.0,0.0
web_20260523_030625_c3f72e11,2026-05-23T03:06:26,跳,19,37,14.682539682539682,/data/WYC/signLanguage/work/generated/scoring_mvp_run3/all_demo_step2_worker_cache_semantic_v1/results/跳/跳_holistic_results.json,/data/WYC/signLanguage/work/generated/web_scoring_mvp/web_20260523_030625_c3f72e11/holistic/user_跳_web_20260523_030625_c3f72e11_holistic_results.json,,84.96471093977739,normal_like,jump_core_accepted,0.047280118537600724,0.055043579513593774,0.038495538025433526,semantic_action_window,True,jump_relation_semantic_floor,score_valid,score_valid,True,1.0,True,used,84.96471093977739,True,0.9994498509339091,1.0,1.0085224911160175,0.6482222923879405,1.0,True,,,0.8947368421052632,0.8947368421052632,0.8947368421052632,1.0,1.0,0.002542995169082127,0.0,0.0029444120094800994,0.003036631104924646,0.013050415656164898,0.010869041562637845,0.07971353502642227,0.03963831015681503,0.00812232344446573
web_20260523_031125_9cc568f2,2026-05-23T03:11:28,花,53,105,29.44954128440367,/data/WYC/signLanguage/work/generated/scoring_mvp_run3/all_demo_step2_worker_cache_semantic_v1/results/花/花_holistic_results.json,/data/WYC/signLanguage/work/generated/web_scoring_mvp/web_20260523_031125_9cc568f2/holistic/user_花_web_20260523_031125_9cc568f2_holistic_results.json,,79.2397950568015,normal_like,flower_core_accepted,0.029482937069314468,0.03374027482561618,0.03374027482561618,full_sequence_with_action_window_diagnostics,False,visible_semantic_core_scale,score_valid,score_valid,True,0.7924528301886793,True,,0.0,,,,,,,True,0.8892769348621369,right_hand_shape,0.0,0.7924528301886793,0.0,1.0,1.0,0.0017795431976166832,0.0,0.013401847665030988,0.005884829721362231,0.0,0.0,0.0,0.0,0.0
web_20260523_031129_bd3988e8,2026-05-23T03:11:30,跳,19,37,14.682539682539682,/data/WYC/signLanguage/work/generated/scoring_mvp_run3/all_demo_step2_worker_cache_semantic_v1/results/跳/跳_holistic_results.json,/data/WYC/signLanguage/work/generated/web_scoring_mvp/web_20260523_031129_bd3988e8/holistic/user_跳_web_20260523_031129_bd3988e8_holistic_results.json,,84.97386773835608,normal_like,jump_core_accepted,0.04870685196651341,0.057656330301181155,0.040608932112901466,semantic_action_window,True,jump_relation_semantic_floor,score_valid,score_valid,True,1.0,True,used,84.97386773835608,True,0.9997262652221789,1.0,1.008410660853481,0.6691438404871951,1.0,True,,,0.8947368421052632,0.8947368421052632,0.8947368421052632,1.0,1.0,0.002542995169082127,0.0,0.0017909634296471876,0.0027588801996548647,0.011288830204728295,0.010089209649714317,0.08586628769792938,0.04079521596680252,0.011835508064836592
web_20260523_031134_8688f93f,2026-05-23T03:11:36,跳,30,54,18.0,/data/WYC/signLanguage/work/generated/scoring_mvp_run3/all_demo_step2_worker_cache_semantic_v1/results/跳/跳_holistic_results.json,/data/WYC/signLanguage/work/generated/web_scoring_mvp/web_20260523_031134_8688f93f/holistic/user_跳_web_20260523_031134_8688f93f_holistic_results.json,,77.61020177401426,normal_like,jump_core_accepted,0.29589639787091027,0.4421007365663946,0.4421007365663946,semantic_action_window,True,jump_relation_semantic_floor,score_valid,score_valid,True,0.7272727272727273,True,used,77.61020177401426,True,0.988887748567073,1.0,1.2677418711514081,0.6715128718097058,0.7272727272727273,True,,,0.7,0.6,0.6,1.0,1.0,0.0036989020641194537,0.024307070707070694,0.04174968206664311,0.031343518746747887,0.07954004133682574,0.19533253464630132,0.14394598934635372,0.27089720824427427,0.36054181181248796
web_20260523_031147_55d51ab9,2026-05-23T03:11:49,跳,30,54,18.0,/data/WYC/signLanguage/work/generated/scoring_mvp_run3/all_demo_step2_worker_cache_semantic_v1/results/跳/跳_holistic_results.json,/data/WYC/signLanguage/work/generated/web_scoring_mvp/web_20260523_031147_55d51ab9/holistic/user_跳_web_20260523_031147_55d51ab9_holistic_results.json,,0.8328617528044224,low,jump_two_hand_presence_low,0.3878581139702369,0.8125603533139072,0.8125603533139072,semantic_action_window,True,short_action_window_with_query_energy_peak,needs_recapture,jump_two_hand_presence_low,False,0.25,True,insufficient_two_hand_presence,0.0,False,,,,,0.25,True,,,0.5,0.6,0.5,1.0,1.0,0.026637874396135266,0.12968888888888888,0.0877802615466231,0.035783405002480326,0.031749897430164334,0.145475165440738,0.06895623250138974,0.16427328734896704,0.26776950345925105
web_20260523_031219_0da0bd96,2026-05-23T03:12:20,跳,15,30,10.0,/data/WYC/signLanguage/work/generated/scoring_mvp_run3/all_demo_step2_worker_cache_semantic_v1/results/跳/跳_holistic_results.json,/data/WYC/signLanguage/work/generated/web_scoring_mvp/web_20260523_031219_0da0bd96/holistic/user_跳_web_20260523_031219_0da0bd96_holistic_results.json,,66.51038015480857,borderline,jump_core_accepted,0.27834893128381044,0.47377210889587096,0.47377210889587096,semantic_action_window,True,jump_relation_semantic_floor,score_valid,score_valid,True,0.6666666666666666,True,used,66.51038015480857,True,0.7228276749640459,1.0,4.748161230908244,0.1581512790524866,0.6666666666666666,True,,,0.7333333333333333,0.6666666666666666,0.6666666666666666,1.0,1.0,0.005085990338164251,0.03342222222222223,0.06354385000797229,0.02274800569219539,0.09868252377840382,0.20423245971893492,0.13773932216718265,0.26181191008339,0.4331513025233047
web_20260523_031235_d0de0d44,2026-05-23T03:12:36,跳,15,30,10.0,/data/WYC/signLanguage/work/generated/scoring_mvp_run3/all_demo_step2_worker_cache_semantic_v1/results/跳/跳_holistic_results.json,/data/WYC/signLanguage/work/generated/web_scoring_mvp/web_20260523_031235_d0de0d44/holistic/user_跳_web_20260523_031235_d0de0d44_holistic_results.json,,72.5429794341052,borderline,jump_core_accepted,0.23692616179518888,0.3194122984192183,0.3194122984192183,semantic_action_window,True,jump_relation_semantic_floor,score_valid,score_valid,True,1.0,True,used,72.5429794341052,True,0.6799126615992459,1.0,3.461451922119914,0.218349735763749,1.0,True,,,0.5333333333333333,0.6,0.5333333333333333,1.0,1.0,0.002542995169082127,0.0,0.028619785232744124,0.022484563546439126,0.11165043690261818,0.17413104012783473,0.1680579966805166,0.26859856483119343,0.3028764770200255
web_20260523_031247_f927176a,2026-05-23T03:12:48,跳,15,30,10.0,/data/WYC/signLanguage/work/generated/scoring_mvp_run3/all_demo_step2_worker_cache_semantic_v1/results/跳/跳_holistic_results.json,/data/WYC/signLanguage/work/generated/web_scoring_mvp/web_20260523_031247_f927176a/holistic/user_跳_web_20260523_031247_f927176a_holistic_results.json,,82.06160710461378,normal_like,jump_core_accepted,0.24633801715392326,0.3817946679111411,0.3817946679111411,semantic_action_window,True,jump_relation_semantic_floor,score_valid,score_valid,True,1.0,True,used,82.06160710461378,True,0.9709602639562004,1.0,3.1836826972862897,0.4204374015372339,1.0,True,,,0.9333333333333333,0.5333333333333333,0.5333333333333333,1.0,1.0,0.002542995169082127,0.0,0.03193178561827821,0.023901730073723367,0.10927168514627955,0.2012144060831983,0.13127832360161495,0.2718114473412011,0.3422060691426258
web_20260523_031304_c5ddfa0c,2026-05-23T03:13:05,花,15,30,10.0,/data/WYC/signLanguage/work/generated/scoring_mvp_run3/all_demo_step2_worker_cache_semantic_v1/results/花/花_holistic_results.json,/data/WYC/signLanguage/work/generated/web_scoring_mvp/web_20260523_031304_c5ddfa0c/holistic/user_花_web_20260523_031304_c5ddfa0c_holistic_results.json,,78.40091878671288,normal_like,flower_core_accepted,0.03293777774260642,0.03528350822490771,0.03528350822490771,full_sequence_with_action_window_diagnostics,False,visible_semantic_core_scale,score_valid,score_valid,True,0.6,True,,0.0,,,,,,,True,1.0,right_hand_shape,0.0,0.6,0.0,1.0,1.0,0.007296127110228407,0.0,0.02294283561022618,0.005884829721362231,0.0,0.0,0.0,0.0,0.0
web_20260523_031317_966d9c05,2026-05-23T03:13:20,花,30,54,18.0,/data/WYC/signLanguage/work/generated/scoring_mvp_run3/all_demo_step2_worker_cache_semantic_v1/results/花/花_holistic_results.json,/data/WYC/signLanguage/work/generated/web_scoring_mvp/web_20260523_031317_966d9c05/holistic/user_花_web_20260523_031317_966d9c05_holistic_results.json,,79.24021806825945,normal_like,flower_core_accepted,0.030226870929727784,0.03373950076382513,0.03373950076382513,full_sequence_with_action_window_diagnostics,False,visible_semantic_core_scale,score_valid,score_valid,True,0.6333333333333333,True,,0.0,,,,,,,True,1.0,right_hand_shape,0.0,0.6333333333333333,0.0,1.0,1.0,0.005724197285667003,0.0,0.027853943154470574,0.005884829721362231,0.0,0.0,0.0,0.0,0.0
web_20260523_031333_6c5f7460,2026-05-23T03:13:35,花,30,54,18.0,/data/WYC/signLanguage/work/generated/scoring_mvp_run3/all_demo_step2_worker_cache_semantic_v1/results/花/花_holistic_results.json,/data/WYC/signLanguage/work/generated/web_scoring_mvp/web_20260523_031333_6c5f7460/holistic/user_花_web_20260523_031333_6c5f7460_holistic_results.json,,77.23927680674187,normal_like,flower_core_accepted,0.03459738763915712,0.03744800325425647,0.03744800325425647,full_sequence_with_action_window_diagnostics,False,visible_semantic_core_scale,score_valid,score_valid,True,0.8333333333333334,True,,0.0,,,,,,,True,0.7603316736221314,right_hand_shape,0.0,0.8333333333333334,0.0,1.0,1.0,0.0037073816617014233,0.0,0.027275822229167586,0.005884829721362231,0.0,0.0,0.0,0.0,0.0
web_20260523_031345_3b07a113,2026-05-23T03:13:47,花,30,54,18.0,/data/WYC/signLanguage/work/generated/scoring_mvp_run3/all_demo_step2_worker_cache_semantic_v1/results/花/花_holistic_results.json,/data/WYC/signLanguage/work/generated/web_scoring_mvp/web_20260523_031345_3b07a113/holistic/user_花_web_20260523_031345_3b07a113_holistic_results.json,,54.42538927680064,low,flower_opening_guard_failed,0.031007023471145694,0.07300073116278355,0.07300073116278355,full_sequence_with_action_window_diagnostics,False,default,semantic_mismatch,flower_opening_guard_failed,True,0.7666666666666667,False,,0.0,,,,,,,False,0.08636298179626464,right_hand_shape,0.0,0.7666666666666667,0.0,1.0,1.0,0.0005635220125786164,0.0,0.024004446505449525,0.005884829721362231,0.0,0.0,0.0,0.0,0.0
web_20260523_032325_7e7b2476,2026-05-23T03:23:27,花,30,54,18.0,/data/WYC/signLanguage/work/generated/scoring_mvp_run3/all_demo_step2_worker_cache_semantic_v1/results/花/花_holistic_results.json,/data/WYC/signLanguage/work/generated/web_scoring_mvp/web_20260523_032325_7e7b2476/holistic/user_花_web_20260523_032325_7e7b2476_holistic_results.json,,51.24543192226507,low,flower_core_hand_presence_low,0.02865170443619024,0.08022524461995262,0.08022524461995262,full_sequence_with_action_window_diagnostics,False,default,needs_recapture,flower_core_hand_presence_low,False,0.5,True,,0.0,,,,,,,True,1.0,right_hand_shape,0.0,0.5,0.0,1.0,1.0,0.012011916583912617,0.0,0.022952708096286422,0.005545320314360563,0.0,0.0,0.0,0.0,0.0
web_20260523_032344_77c9db0c,2026-05-23T03:23:49,花,60,60,20.0,/data/WYC/signLanguage/work/generated/scoring_mvp_run3/all_demo_step2_worker_cache_semantic_v1/results/花/花_holistic_results.json,/data/WYC/signLanguage/work/generated/web_scoring_mvp/web_20260523_032344_77c9db0c/holistic/user_花_web_20260523_032344_77c9db0c_holistic_results.json,,66.46484471770337,borderline,flower_core_accepted,0.031358949092213685,0.059232069201087936,0.059232069201087936,full_sequence_with_action_window_diagnostics,False,visible_semantic_core_scale,score_valid,score_valid,True,0.7666666666666667,True,,0.0,,,,,,,True,1.0,right_hand_shape,0.0,0.7666666666666667,0.0,1.0,1.0,0.0005635220125786164,0.0,0.026913039656250904,0.005884829721362231,0.0,0.0,0.0,0.0,0.0
web_20260523_041345_488a62c3,2026-05-23T04:13:49,花,53,105,29.44954128440367,/data/WYC/signLanguage/work/generated/scoring_mvp_run3/all_demo_step2_worker_cache_semantic_v1/results/花/花_holistic_results.json,/data/WYC/signLanguage/work/generated/web_scoring_mvp/web_20260523_041345_488a62c3/holistic/user_花_web_20260523_041345_488a62c3_holistic_results.json,,79.2397950568015,normal_like,flower_core_accepted,0.029482937069314468,0.03374027482561618,0.03374027482561618,full_sequence_with_action_window_diagnostics,False,visible_semantic_core_scale,score_valid,score_valid,True,0.7924528301886793,True,,0.0,,,,,,,True,0.8892769348621369,right_hand_shape,0.0,0.7924528301886793,0.0,1.0,1.0,0.0017795431976166832,0.0,0.013401847665030988,0.005884829721362231,0.0,0.0,0.0,0.0,0.0
web_20260523_041350_ad02e9e5,2026-05-23T04:13:51,跳,19,37,14.682539682539682,/data/WYC/signLanguage/work/generated/scoring_mvp_run3/all_demo_step2_worker_cache_semantic_v1/results/跳/跳_holistic_results.json,/data/WYC/signLanguage/work/generated/web_scoring_mvp/web_20260523_041350_ad02e9e5/holistic/user_跳_web_20260523_041350_ad02e9e5_holistic_results.json,,84.97386773835608,normal_like,jump_core_accepted,0.04870685196651341,0.057656330301181155,0.040608932112901466,semantic_action_window,True,jump_relation_semantic_floor,score_valid,score_valid,True,1.0,True,used,84.97386773835608,True,0.9997262652221789,1.0,1.008410660853481,0.6691438404871951,1.0,True,,,0.8947368421052632,0.8947368421052632,0.8947368421052632,1.0,1.0,0.002542995169082127,0.0,0.0017909634296471876,0.0027588801996548647,0.011288830204728295,0.010089209649714317,0.08586628769792938,0.04079521596680252,0.011835508064836592
web_20260523_041443_0292d680,2026-05-23T04:14:47,花,53,105,29.44954128440367,/data/WYC/signLanguage/work/generated/scoring_mvp_run3/all_demo_step2_worker_cache_semantic_v1/results/花/花_holistic_results.json,/data/WYC/signLanguage/work/generated/web_scoring_mvp/web_20260523_041443_0292d680/holistic/user_花_web_20260523_041443_0292d680_holistic_results.json,,79.2397950568015,normal_like,flower_core_accepted,0.029482937069314468,0.03374027482561618,0.03374027482561618,full_sequence_with_action_window_diagnostics,False,visible_semantic_core_scale,score_valid,score_valid,True,0.7924528301886793,True,,0.0,,,,,,,True,0.8892769348621369,right_hand_shape,0.0,0.7924528301886793,0.0,1.0,1.0,0.0017795431976166832,0.0,0.013401847665030988,0.005884829721362231,0.0,0.0,0.0,0.0,0.0
web_20260523_041447_f7341789,2026-05-23T04:14:48,跳,19,37,14.682539682539682,/data/WYC/signLanguage/work/generated/scoring_mvp_run3/all_demo_step2_worker_cache_semantic_v1/results/跳/跳_holistic_results.json,/data/WYC/signLanguage/work/generated/web_scoring_mvp/web_20260523_041447_f7341789/holistic/user_跳_web_20260523_041447_f7341789_holistic_results.json,,84.97386773835608,normal_like,jump_core_accepted,0.04870685196651341,0.057656330301181155,0.040608932112901466,semantic_action_window,True,jump_relation_semantic_floor,score_valid,score_valid,True,1.0,True,used,84.97386773835608,True,0.9997262652221789,1.0,1.008410660853481,0.6691438404871951,1.0,True,,,0.8947368421052632,0.8947368421052632,0.8947368421052632,1.0,1.0,0.002542995169082127,0.0,0.0017909634296471876,0.0027588801996548647,0.011288830204728295,0.010089209649714317,0.08586628769792938,0.04079521596680252,0.011835508064836592
web_20260523_041618_e930772c,2026-05-23T04:16:24,花,60,60,20.0,/data/WYC/signLanguage/work/generated/scoring_mvp_run3/all_demo_step2_worker_cache_semantic_v1/results/花/花_holistic_results.json,/data/WYC/signLanguage/work/generated/web_scoring_mvp/web_20260523_041618_e930772c/holistic/user_花_web_20260523_041618_e930772c_holistic_results.json,,64.60970588941437,borderline,flower_core_accepted,0.030354255680631898,0.06333680337527868,0.06333680337527868,full_sequence_with_action_window_diagnostics,False,visible_semantic_core_scale,score_valid,score_valid,True,0.75,True,,0.0,,,,,,,True,1.0,right_hand_shape,0.016666666666666666,0.75,0.016666666666666666,1.0,1.0,0.00040737582023872375,0.0,0.03687605047263037,0.005884829721362231,0.0,0.0,0.0,0.0,0.0
web_20260523_041635_7421d5c0,2026-05-23T04:16:38,花,30,54,18.0,/data/WYC/signLanguage/work/generated/scoring_mvp_run3/all_demo_step2_worker_cache_semantic_v1/results/花/花_holistic_results.json,/data/WYC/signLanguage/work/generated/web_scoring_mvp/web_20260523_041635_7421d5c0/holistic/user_花_web_20260523_041635_7421d5c0_holistic_results.json,,78.93963679494192,normal_like,flower_core_accepted,0.031098077140194025,0.03429057393466697,0.03429057393466697,full_sequence_with_action_window_diagnostics,False,visible_semantic_core_scale,score_valid,score_valid,True,0.7,True,,0.0,,,,,,,True,1.0,right_hand_shape,0.0,0.7,0.0,1.0,1.0,0.002580337636544196,0.0,0.033753850937500975,0.005545320314360563,0.0,0.0,0.0,0.0,0.0
web_20260523_041652_402b253a,2026-05-23T04:16:55,花,30,54,18.0,/data/WYC/signLanguage/work/generated/scoring_mvp_run3/all_demo_step2_worker_cache_semantic_v1/results/花/花_holistic_results.json,/data/WYC/signLanguage/work/generated/web_scoring_mvp/web_20260523_041652_402b253a/holistic/user_花_web_20260523_041652_402b253a_holistic_results.json,,76.87803114987845,normal_like,flower_core_accepted,0.035237430496556706,0.03812775450178896,0.03812775450178896,full_sequence_with_action_window_diagnostics,False,visible_semantic_core_scale,score_valid,score_valid,True,0.8333333333333334,True,,0.0,,,,,,,True,1.0,right_hand_shape,0.03333333333333333,0.8333333333333334,0.03333333333333333,1.0,1.0,0.004077247502774695,0.0,0.03049795046706612,0.005884829721362231,0.0,0.0017017504208345648,0.0,0.002753950359997584,0.0
web_20260523_041708_24e7d28a,2026-05-23T04:17:11,花,30,54,18.0,/data/WYC/signLanguage/work/generated/scoring_mvp_run3/all_demo_step2_worker_cache_semantic_v1/results/花/花_holistic_results.json,/data/WYC/signLanguage/work/generated/web_scoring_mvp/web_20260523_041708_24e7d28a/holistic/user_花_web_20260523_041708_24e7d28a_holistic_results.json,,79.2655135729492,normal_like,flower_core_accepted,0.028974956969325324,0.03369322044104847,0.03369322044104847,full_sequence_with_action_window_diagnostics,False,visible_semantic_core_scale,score_valid,score_valid,True,0.6,True,,0.0,,,,,,,True,0.6120886337757111,right_hand_shape,0.0,0.6,0.0,1.0,1.0,0.007296127110228407,0.0,0.05389838558855577,0.005884829721362231,0.0,0.0,0.0,0.0,0.0
web_20260523_041735_ea1bbaa6,2026-05-23T04:17:37,跳,30,54,18.0,/data/WYC/signLanguage/work/generated/scoring_mvp_run3/all_demo_step2_worker_cache_semantic_v1/results/跳/跳_holistic_results.json,/data/WYC/signLanguage/work/generated/web_scoring_mvp/web_20260523_041735_ea1bbaa6/holistic/user_跳_web_20260523_041735_ea1bbaa6_holistic_results.json,,73.25515503838987,borderline,jump_core_accepted,0.2947210621925484,0.4205364635282435,0.4205364635282435,semantic_action_window,True,jump_relation_semantic_floor,score_valid,score_valid,True,1.0,True,used,73.25515503838987,True,0.7138671540097214,1.0,4.625123712227931,0.1709362856162807,1.0,True,,,0.8333333333333334,0.6333333333333333,0.6333333333333333,1.0,1.0,0.002542995169082127,0.0,0.04351768896640412,0.02235822899424348,0.11120440951709742,0.2010229839583451,0.16691833396075612,0.26936634132308174,0.5324075708018937
web_20260523_041958_068b1181,2026-05-23T04:20:00,花,30,54,18.0,/data/WYC/signLanguage/work/generated/scoring_mvp_run3/all_demo_step2_worker_cache_semantic_v1/results/花/花_holistic_results.json,/data/WYC/signLanguage/work/generated/web_scoring_mvp/web_20260523_041958_068b1181/holistic/user_花_web_20260523_041958_068b1181_holistic_results.json,,79.0226212256232,normal_like,flower_core_accepted,0.030181298018105936,0.034138224332850395,0.034138224332850395,full_sequence_with_action_window_diagnostics,False,visible_semantic_core_scale,score_valid,score_valid,True,0.6,True,,0.0,,,,,,,True,1.0,right_hand_shape,0.0,0.6,0.0,1.0,1.0,0.007296127110228407,0.0,0.030063523326623137,0.005884829721362231,0.0,0.0,0.0,0.0,0.0
web_20260523_042011_9284da87,2026-05-23T04:20:14,花,30,54,18.0,/data/WYC/signLanguage/work/generated/scoring_mvp_run3/all_demo_step2_worker_cache_semantic_v1/results/花/花_holistic_results.json,/data/WYC/signLanguage/work/generated/web_scoring_mvp/web_20260523_042011_9284da87/holistic/user_花_web_20260523_042011_9284da87_holistic_results.json,,79.81460309873225,normal_like,flower_core_accepted,0.030838834310727013,0.032692236797160115,0.032692236797160115,full_sequence_with_action_window_diagnostics,False,visible_semantic_core_scale,score_valid,score_valid,True,0.7333333333333333,True,,0.0,,,,,,,True,1.0,right_hand_shape,0.0,0.7333333333333333,0.0,1.0,1.0,0.0010084078119827924,0.0,0.027126149046841342,0.005884829721362231,0.0,0.0,0.0,0.0,0.0
web_20260523_042024_ee2fc3da,2026-05-23T04:20:27,花,30,54,18.0,/data/WYC/signLanguage/work/generated/scoring_mvp_run3/all_demo_step2_worker_cache_semantic_v1/results/花/花_holistic_results.json,/data/WYC/signLanguage/work/generated/web_scoring_mvp/web_20260523_042024_ee2fc3da/holistic/user_花_web_20260523_042024_ee2fc3da_holistic_results.json,,78.53756029727911,normal_like,flower_core_accepted,0.03232558303103618,0.035031014073641974,0.035031014073641974,full_sequence_with_action_window_diagnostics,False,visible_semantic_core_scale,score_valid,score_valid,True,0.8,True,,0.0,,,,,,,True,1.0,right_hand_shape,0.0,0.8,0.0,1.0,1.0,0.00213545183714002,0.0,0.03312152668906328,0.005884829721362231,0.0,0.0,0.0,0.0,0.0
web_20260523_042222_fac8359d,2026-05-23T04:22:25,花,30,54,18.0,/data/WYC/signLanguage/work/generated/scoring_mvp_run3/all_demo_step2_worker_cache_semantic_v1/results/花/花_holistic_results.json,/data/WYC/signLanguage/work/generated/web_scoring_mvp/web_20260523_042222_fac8359d/holistic/user_花_web_20260523_042222_fac8359d_holistic_results.json,,78.34176340206311,normal_like,flower_core_accepted,0.03221915897760415,0.03539295551854445,0.03539295551854445,full_sequence_with_action_window_diagnostics,False,visible_semantic_core_scale,score_valid,score_valid,True,0.8666666666666667,True,,0.0,,,,,,,True,1.0,right_hand_shape,0.0,0.8666666666666667,0.0,1.0,1.0,0.005279311486262827,0.0,0.029489134666304557,0.005884829721362231,0.0,0.0,0.0,0.0,0.0
web_20260523_042235_9431f1a0,2026-05-23T04:22:37,花,30,54,18.0,/data/WYC/signLanguage/work/generated/scoring_mvp_run3/all_demo_step2_worker_cache_semantic_v1/results/花/花_holistic_results.json,/data/WYC/signLanguage/work/generated/web_scoring_mvp/web_20260523_042235_9431f1a0/holistic/user_花_web_20260523_042235_9431f1a0_holistic_results.json,,79.19873289903553,normal_like,flower_core_accepted,0.030086347747847415,0.033815433476560366,0.033815433476560366,full_sequence_with_action_window_diagnostics,False,visible_semantic_core_scale,score_valid,score_valid,True,0.6666666666666666,True,,0.0,,,,,,,True,1.0,right_hand_shape,0.0,0.6666666666666666,0.0,1.0,1.0,0.004152267461105599,0.0,0.028199685410276443,0.005545320314360563,0.0,0.0,0.0,0.0,0.0
web_20260523_043442_e00f8b9c,2026-05-23T04:34:46,花,53,105,29.44954128440367,/data/WYC/signLanguage/work/generated/scoring_mvp_run3/all_demo_step2_worker_cache_semantic_v1/results/花/花_holistic_results.json,/data/WYC/signLanguage/work/generated/web_scoring_mvp/web_20260523_043442_e00f8b9c/holistic/user_花_web_20260523_043442_e00f8b9c_holistic_results.json,,79.2397950568015,normal_like,flower_core_accepted,0.029482937069314468,0.03374027482561618,0.03374027482561618,full_sequence_with_action_window_diagnostics,False,visible_semantic_core_scale,score_valid,score_valid,True,0.7924528301886793,True,,0.0,,,,,,,True,0.8892769348621369,right_hand_shape,0.0,0.7924528301886793,0.0,1.0,1.0,0.0017795431976166832,0.0,0.013401847665030988,0.005884829721362231,0.0,0.0,0.0,0.0,0.0
web_20260523_043446_cbecd916,2026-05-23T04:34:48,跳,19,37,14.682539682539682,/data/WYC/signLanguage/work/generated/scoring_mvp_run3/all_demo_step2_worker_cache_semantic_v1/results/跳/跳_holistic_results.json,/data/WYC/signLanguage/work/generated/web_scoring_mvp/web_20260523_043446_cbecd916/holistic/user_跳_web_20260523_043446_cbecd916_holistic_results.json,,84.97386773835608,normal_like,jump_core_accepted,0.04870685196651341,0.057656330301181155,0.040608932112901466,semantic_action_window,True,jump_relation_semantic_floor,score_valid,score_valid,True,1.0,True,used,84.97386773835608,True,0.9997262652221789,1.0,1.008410660853481,0.6691438404871951,1.0,True,,,0.8947368421052632,0.8947368421052632,0.8947368421052632,1.0,1.0,0.002542995169082127,0.0,0.0017909634296471876,0.0027588801996548647,0.011288830204728295,0.010089209649714317,0.08586628769792938,0.04079521596680252,0.011835508064836592
web_20260523_043910_b186b6a6,2026-05-23T04:39:13,花,30,54,18.0,/data/WYC/signLanguage/work/generated/scoring_mvp_run3/all_demo_step2_worker_cache_semantic_v1/results/花/花_holistic_results.json,/data/WYC/signLanguage/work/generated/web_scoring_mvp/web_20260523_043910_b186b6a6/holistic/user_花_web_20260523_043910_b186b6a6_holistic_results.json,,76.69491740770177,normal_like,flower_core_accepted,0.03597689203597348,0.03847353812381217,0.03847353812381217,full_sequence_with_action_window_diagnostics,False,visible_semantic_core_scale,score_valid,score_valid,True,0.7666666666666667,True,,0.0,,,,,,,True,0.7367295455932618,right_hand_shape,0.0,0.7666666666666667,0.0,1.0,1.0,0.0005635220125786164,0.0,0.02400836571761622,0.005884829721362231,0.0,0.0,0.0,0.0,0.0
web_20260523_043923_b95a60d0,2026-05-23T04:39:26,花,30,54,18.0,/data/WYC/signLanguage/work/generated/scoring_mvp_run3/all_demo_step2_worker_cache_semantic_v1/results/花/花_holistic_results.json,/data/WYC/signLanguage/work/generated/web_scoring_mvp/web_20260523_043923_b95a60d0/holistic/user_花_web_20260523_043923_b95a60d0_holistic_results.json,,79.20405210414854,normal_like,flower_core_accepted,0.03148675697610234,0.03380569520407151,0.03380569520407151,full_sequence_with_action_window_diagnostics,False,visible_semantic_core_scale,score_valid,score_valid,True,0.7333333333333333,True,,0.0,,,,,,,True,1.0,right_hand_shape,0.0,0.7333333333333333,0.0,1.0,1.0,0.0010084078119827924,0.0,0.023216085514865623,0.005884829721362231,0.0,0.0,0.0,0.0,0.0
web_20260523_043955_dd909904,2026-05-23T04:39:58,花,30,54,18.0,/data/WYC/signLanguage/work/generated/scoring_mvp_run3/all_demo_step2_worker_cache_semantic_v1/results/花/花_holistic_results.json,/data/WYC/signLanguage/work/generated/web_scoring_mvp/web_20260523_043955_dd909904/holistic/user_花_web_20260523_043955_dd909904_holistic_results.json,,79.00689200949522,normal_like,flower_core_accepted,0.03085182275608181,0.03416708902146959,0.03416708902146959,full_sequence_with_action_window_diagnostics,False,visible_semantic_core_scale,score_valid,score_valid,True,0.7,True,,0.0,,,,,,,True,1.0,right_hand_shape,0.0,0.7,0.0,1.0,1.0,0.002580337636544196,0.0,0.0237685696339187,0.005884829721362231,0.0,0.0,0.0,0.0,0.0
web_20260523_044018_960618af,2026-05-23T04:40:20,跳,30,54,18.0,/data/WYC/signLanguage/work/generated/scoring_mvp_run3/all_demo_step2_worker_cache_semantic_v1/results/跳/跳_holistic_results.json,/data/WYC/signLanguage/work/generated/web_scoring_mvp/web_20260523_044018_960618af/holistic/user_跳_web_20260523_044018_960618af_holistic_results.json,,71.0717218009501,borderline,jump_core_accepted,0.29909173045710014,0.5328814755633807,0.5328814755633807,semantic_action_window,True,jump_relation_semantic_floor,score_valid,score_valid,True,0.625,True,used,71.0717218009501,True,0.98279822006346,1.0,3.8811357344838973,0.012921960690930292,0.625,True,,,0.7666666666666667,0.7666666666666667,0.7666666666666667,1.0,1.0,0.01455864734299517,0.056399999999999985,0.08871675513877551,0.03302328857048944,0.12398415306949222,0.17927684894516005,0.15353397363843568,0.2350203489654118,0.5522820108154886
web_20260523_044135_12fbd5bc,2026-05-23T04:41:37,跳,30,54,18.0,/data/WYC/signLanguage/work/generated/scoring_mvp_run3/all_demo_step2_worker_cache_semantic_v1/results/跳/跳_holistic_results.json,/data/WYC/signLanguage/work/generated/web_scoring_mvp/web_20260523_044135_12fbd5bc/holistic/user_跳_web_20260523_044135_12fbd5bc_holistic_results.json,,75.21195723460607,normal_like,jump_core_accepted,0.27454474606908297,0.5089775315106269,0.5089775315106269,semantic_action_window,True,jump_relation_semantic_floor,score_valid,score_valid,True,0.875,True,used,75.21195723460607,True,0.9759732541115781,1.0,5.152082733187713,0.037878456860694056,0.875,True,,,0.7,0.7666666666666667,0.7,1.0,1.0,0.004323091787439612,0.01328888888888888,0.10519881184150678,0.036681306905730196,0.12870415878308825,0.22163346599656247,0.19917612078360267,0.24539470341428052,0.4481007000416529
web_20260523_044203_20778933,2026-05-23T04:42:05,跳,30,54,18.0,/data/WYC/signLanguage/work/generated/scoring_mvp_run3/all_demo_step2_worker_cache_semantic_v1/results/跳/跳_holistic_results.json,/data/WYC/signLanguage/work/generated/web_scoring_mvp/web_20260523_044203_20778933/holistic/user_跳_web_20260523_044203_20778933_holistic_results.json,,4.186357829553837,low,jump_two_hand_presence_low,0.2076851172973825,0.5385335003301884,0.5385335003301884,semantic_action_window,True,short_action_window_with_query_energy_peak,needs_recapture,jump_two_hand_presence_low,False,0.5,True,insufficient_two_hand_presence,0.0,False,,,,,0.5,True,,,0.6333333333333333,0.7666666666666667,0.6333333333333333,1.0,1.0,0.012905700483091788,0.06968888888888888,0.11540146429723672,0.031193490306407667,0.11468567219160244,0.16256366986776238,0.18720653999245157,0.2562943059480245,0.23848843614874168
web_20260523_044323_2eb9eb7e,2026-05-23T04:43:25,跳,25,45,18.0,/data/WYC/signLanguage/work/generated/scoring_mvp_run3/all_demo_step2_worker_cache_semantic_v1/results/跳/跳_holistic_results.json,/data/WYC/signLanguage/work/generated/web_scoring_mvp/web_20260523_044323_2eb9eb7e/holistic/user_跳_web_20260523_044323_2eb9eb7e_holistic_results.json,,75.48419760264285,normal_like,jump_core_accepted,0.29529015486448024,0.3649168228349024,0.3649168228349024,semantic_action_window,True,jump_relation_semantic_floor,score_valid,score_valid,True,1.0,True,used,75.48419760264285,True,0.7777107834563342,1.0,4.064994630283561,0.07259592128496305,1.0,True,,,0.76,0.8,0.76,1.0,1.0,0.002542995169082127,0.0,0.021579766551653546,0.02335704184855928,0.1225464221223988,0.19391007756796866,0.17145753353059187,0.278171175511598,0.5074732847426239
web_20260523_044336_5d15d099,2026-05-23T04:43:38,跳,25,45,18.0,/data/WYC/signLanguage/work/generated/scoring_mvp_run3/all_demo_step2_worker_cache_semantic_v1/results/跳/跳_holistic_results.json,/data/WYC/signLanguage/work/generated/web_scoring_mvp/web_20260523_044336_5d15d099/holistic/user_跳_web_20260523_044336_5d15d099_holistic_results.json,,70.85282716212777,borderline,jump_core_accepted,0.35264513694880556,0.4723537780402319,0.4723537780402319,semantic_action_window,True,jump_relation_semantic_floor,score_valid,score_valid,True,0.7142857142857143,True,used,70.85282716212777,True,0.8198361913293218,1.0,3.2502731454162452,0.002959032972948067,0.7142857142857143,True,,,0.48,0.72,0.48,1.0,1.0,0.003996135265700482,0.026260317460317446,0.024810644141547183,0.02897814093603837,0.1025930550748766,0.21191637704956687,0.12136492857583868,0.27836891858213486,0.6071271964851768
web_20260523_044358_00db9d4d,2026-05-23T04:43:59,跳,25,45,18.0,/data/WYC/signLanguage/work/generated/scoring_mvp_run3/all_demo_step2_worker_cache_semantic_v1/results/跳/跳_holistic_results.json,/data/WYC/signLanguage/work/generated/web_scoring_mvp/web_20260523_044358_00db9d4d/holistic/user_跳_web_20260523_044358_00db9d4d_holistic_results.json,,68.5169362954662,borderline,jump_core_accepted,0.2875898153607002,0.447100387854162,0.447100387854162,semantic_action_window,True,jump_relation_semantic_floor,score_valid,score_valid,True,0.7142857142857143,True,used,68.5169362954662,True,0.7619405909371915,1.0,5.441573347418976,0.09763060662843889,0.7142857142857143,True,,,0.64,0.8,0.64,1.0,1.0,0.003996135265700482,0.026260317460317446,0.04789347397500974,0.024626442802914972,0.12211673564539127,0.21764553445900395,0.14917012721404233,0.26512200206734265,0.6141499786554956
web_20260523_052715_1ad3c2d2,2026-05-23T05:27:17,跳,25,45,18.0,/data/WYC/signLanguage/work/generated/scoring_mvp_run3/all_demo_step2_worker_cache_semantic_v1/results/跳/跳_holistic_results.json,/data/WYC/signLanguage/work/generated/web_scoring_mvp/web_20260523_052715_1ad3c2d2/holistic/user_跳_web_20260523_052715_1ad3c2d2_holistic_results.json,,78.02616343056984,normal_like,jump_core_accepted,0.20286626435781793,0.2784866550144833,0.2784866550144833,semantic_action_window,True,jump_relation_semantic_floor,score_valid,score_valid,True,1.0,True,used,78.02616343056984,True,0.8161010214659874,1.0,1.7246546961068532,0.01777544323639977,1.0,True,,,0.64,0.76,0.64,1.0,1.0,0.002542995169082127,0.0,0.018536566052716315,0.01893335498232895,0.10113185447996614,0.14718202616789072,0.1568054126278528,0.25918536036364276,0.20802809818980994
web_20260523_052731_8f51941f,2026-05-23T05:27:33,跳,25,45,18.0,/data/WYC/signLanguage/work/generated/scoring_mvp_run3/all_demo_step2_worker_cache_semantic_v1/results/跳/跳_holistic_results.json,/data/WYC/signLanguage/work/generated/web_scoring_mvp/web_20260523_052731_8f51941f/holistic/user_跳_web_20260523_052731_8f51941f_holistic_results.json,,75.93259508672512,normal_like,jump_core_accepted,0.31599351538827775,0.4142807030927713,0.4142807030927713,semantic_action_window,True,jump_relation_semantic_floor,score_valid,score_valid,True,1.0,True,used,75.93259508672512,True,0.7901567229856101,1.0,3.925346589941166,0.043704797023440975,1.0,True,,,0.84,0.92,0.84,1.0,1.0,0.002542995169082127,0.0,0.05033163183726961,0.02357135047781668,0.12079826050386223,0.22328962506984906,0.13995316780002479,0.27620945832920196,0.6083511942194483
web_20260523_052744_427c726a,2026-05-23T05:27:47,花,25,45,18.0,/data/WYC/signLanguage/work/generated/scoring_mvp_run3/all_demo_step2_worker_cache_semantic_v1/results/花/花_holistic_results.json,/data/WYC/signLanguage/work/generated/web_scoring_mvp/web_20260523_052744_427c726a/holistic/user_花_web_20260523_052744_427c726a_holistic_results.json,,80.05843949105305,normal_like,flower_core_accepted,0.030531508674041925,0.03224993203171569,0.03224993203171569,full_sequence_with_action_window_diagnostics,False,visible_semantic_core_scale,score_valid,score_valid,True,0.72,True,,0.0,,,,,,,True,1.0,right_hand_shape,0.0,0.72,0.0,1.0,1.0,0.0016371797418073526,0.0,0.031638466758854115,0.005884829721362231,0.0,0.0,0.0,0.0,0.0
web_20260523_052801_95c97bce,2026-05-23T05:28:04,花,30,54,18.0,/data/WYC/signLanguage/work/generated/scoring_mvp_run3/all_demo_step2_worker_cache_semantic_v1/results/花/花_holistic_results.json,/data/WYC/signLanguage/work/generated/web_scoring_mvp/web_20260523_052801_95c97bce/holistic/user_花_web_20260523_052801_95c97bce_holistic_results.json,,51.94967853564694,low,flower_core_hand_presence_low,0.029019346234743098,0.07858735877024982,0.07858735877024982,full_sequence_with_action_window_diagnostics,False,default,needs_recapture,flower_core_hand_presence_low,False,0.5666666666666667,True,,0.0,,,,,,,True,0.873297570347786,right_hand_shape,0.03333333333333333,0.5666666666666667,0.03333333333333333,1.0,1.0,0.00923792277586308,0.0,0.024385084793850403,0.005884829721362231,0.0,0.0,0.0,0.0,0.0
web_20260523_052817_7ae13ce2,2026-05-23T05:28:19,花,25,45,18.0,/data/WYC/signLanguage/work/generated/scoring_mvp_run3/all_demo_step2_worker_cache_semantic_v1/results/花/花_holistic_results.json,/data/WYC/signLanguage/work/generated/web_scoring_mvp/web_20260523_052817_7ae13ce2/holistic/user_花_web_20260523_052817_7ae13ce2_holistic_results.json,,79.05011946544708,normal_like,flower_core_accepted,0.03132661971377267,0.034087776105062945,0.034087776105062945,full_sequence_with_action_window_diagnostics,False,visible_semantic_core_scale,score_valid,score_valid,True,0.68,True,,0.0,,,,,,,True,0.8188649249076844,right_hand_shape,0.0,0.68,0.0,1.0,1.0,0.003523495531281034,0.0,0.04726504879243744,0.005884829721362231,0.0,0.0,0.0,0.0,0.0
web_20260523_053035_073e5794,2026-05-23T05:30:38,花,25,45,18.0,/data/WYC/signLanguage/work/generated/scoring_mvp_run3/all_demo_step2_worker_cache_semantic_v1/results/花/花_holistic_results.json,/data/WYC/signLanguage/work/generated/web_scoring_mvp/web_20260523_053035_073e5794/holistic/user_花_web_20260523_053035_073e5794_holistic_results.json,,76.73563263980246,normal_like,flower_core_accepted,0.036538326313825246,0.0383965820183775,0.0383965820183775,full_sequence_with_action_window_diagnostics,False,visible_semantic_core_scale,score_valid,score_valid,True,0.68,True,,0.0,,,,,,,True,1.0,right_hand_shape,0.04,0.68,0.04,1.0,1.0,0.00396733454056896,0.0,0.02542523304999639,0.005884829721362231,0.0,0.0018408322741459615,0.0,0.00394603248338075,0.0
web_20260523_053051_a785c84e,2026-05-23T05:30:53,花,25,45,18.0,/data/WYC/signLanguage/work/generated/scoring_mvp_run3/all_demo_step2_worker_cache_semantic_v1/results/花/花_holistic_results.json,/data/WYC/signLanguage/work/generated/web_scoring_mvp/web_20260523_053051_a785c84e/holistic/user_花_web_20260523_053051_a785c84e_holistic_results.json,,79.26511292952996,normal_like,flower_core_accepted,0.031102129960219882,0.03369395333786558,0.03369395333786558,full_sequence_with_action_window_diagnostics,False,visible_semantic_core_scale,score_valid,score_valid,True,0.64,True,,0.0,,,,,,,True,0.7125184786319734,right_hand_shape,0.0,0.64,0.0,1.0,1.0,0.00540981132075472,0.0,0.03595682977577432,0.005884829721362231,0.0,0.0,0.0,0.0,0.0
web_20260523_053102_e1ff4324,2026-05-23T05:31:04,花,25,45,18.0,/data/WYC/signLanguage/work/generated/scoring_mvp_run3/all_demo_step2_worker_cache_semantic_v1/results/花/花_holistic_results.json,/data/WYC/signLanguage/work/generated/web_scoring_mvp/web_20260523_053102_e1ff4324/holistic/user_花_web_20260523_053102_e1ff4324_holistic_results.json,,79.53303660969901,normal_like,flower_core_accepted,0.03125799145381957,0.033204665892134375,0.033204665892134375,full_sequence_with_action_window_diagnostics,False,visible_semantic_core_scale,score_valid,score_valid,True,0.72,True,,0.0,,,,,,,True,0.317240760922432,right_hand_shape,0.0,0.72,0.0,1.0,1.0,0.0016371797418073526,0.0,0.03671071299532181,0.005884829721362231,0.0,0.0,0.0,0.0,0.0
web_20260523_053116_49159767,2026-05-23T05:31:19,花,25,45,18.0,/data/WYC/signLanguage/work/generated/scoring_mvp_run3/all_demo_step2_worker_cache_semantic_v1/results/花/花_holistic_results.json,/data/WYC/signLanguage/work/generated/web_scoring_mvp/web_20260523_053116_49159767/holistic/user_花_web_20260523_053116_49159767_holistic_results.json,,79.45374184950865,normal_like,flower_core_accepted,0.032067912772911544,0.033349303594619996,0.033349303594619996,full_sequence_with_action_window_diagnostics,False,visible_semantic_core_scale,score_valid,score_valid,True,0.8,True,,0.0,,,,,,,True,0.5248572063446045,right_hand_shape,0.0,0.8,0.0,1.0,1.0,0.00213545183714002,0.0,0.019933544244961098,0.005884829721362231,0.0,0.0,0.0,0.0,0.0
web_20260523_053128_81d821bf,2026-05-23T05:31:31,花,25,45,18.0,/data/WYC/signLanguage/work/generated/scoring_mvp_run3/all_demo_step2_worker_cache_semantic_v1/results/花/花_holistic_results.json,/data/WYC/signLanguage/work/generated/web_scoring_mvp/web_20260523_053128_81d821bf/holistic/user_花_web_20260523_053128_81d821bf_holistic_results.json,,79.58365089397635,normal_like,flower_core_accepted,0.03127973096499533,0.03311241822681544,0.03311241822681544,full_sequence_with_action_window_diagnostics,False,visible_semantic_core_scale,score_valid,score_valid,True,0.68,True,,0.0,,,,,,,True,0.45,right_hand_shape,0.0,0.68,0.0,1.0,1.0,0.003523495531281034,0.0,0.02663240147087819,0.005884829721362231,0.0,0.0,0.0,0.0,0.0
web_20260523_053203_4ec1e6ab,2026-05-23T05:32:06,花,25,45,18.0,/data/WYC/signLanguage/work/generated/scoring_mvp_run3/all_demo_step2_worker_cache_semantic_v1/results/花/花_holistic_results.json,/data/WYC/signLanguage/work/generated/web_scoring_mvp/web_20260523_053203_4ec1e6ab/holistic/user_花_web_20260523_053203_4ec1e6ab_holistic_results.json,,79.59467492174286,normal_like,flower_core_accepted,0.03105940535445297,0.03309233403481871,0.03309233403481871,full_sequence_with_action_window_diagnostics,False,visible_semantic_core_scale,score_valid,score_valid,True,0.68,True,,0.0,,,,,,,True,1.0,right_hand_shape,0.0,0.68,0.0,1.0,1.0,0.003523495531281034,0.0,0.031082210771892316,0.005884829721362231,0.0,0.0,0.0,0.0,0.0
web_20260523_053241_5fbbf9c7,2026-05-23T05:32:43,跳,25,45,18.0,/data/WYC/signLanguage/work/generated/scoring_mvp_run3/all_demo_step2_worker_cache_semantic_v1/results/跳/跳_holistic_results.json,/data/WYC/signLanguage/work/generated/web_scoring_mvp/web_20260523_053241_5fbbf9c7/holistic/user_跳_web_20260523_053241_5fbbf9c7_holistic_results.json,,75.983181531921,normal_like,jump_core_accepted,0.2908959355710284,0.41915370361551363,0.41915370361551363,semantic_action_window,True,jump_relation_semantic_floor,score_valid,score_valid,True,1.0,True,used,75.983181531921,True,0.8009644704158592,1.0,4.950720876510687,0.03671730591258014,1.0,True,,,0.8,0.92,0.8,1.0,1.0,0.002542995169082127,0.0,0.04195392571707711,0.020318570153105966,0.1295465893767524,0.2039549505398518,0.15983241316264118,0.26830405750167513,0.5174909281248568
web_20260523_053254_bd7f1d1c,2026-05-23T05:32:56,跳,25,45,18.0,/data/WYC/signLanguage/work/generated/scoring_mvp_run3/all_demo_step2_worker_cache_semantic_v1/results/跳/跳_holistic_results.json,/data/WYC/signLanguage/work/generated/web_scoring_mvp/web_20260523_053254_bd7f1d1c/holistic/user_跳_web_20260523_053254_bd7f1d1c_holistic_results.json,,3.0448594719449633,low,jump_two_hand_presence_low,0.3267327081763164,0.5925637591189103,0.5925637591189103,semantic_action_window,True,short_action_window_with_query_energy_peak,needs_recapture,jump_two_hand_presence_low,False,0.42857142857142855,True,insufficient_two_hand_presence,0.0,False,,,,,0.42857142857142855,True,,,0.52,0.88,0.52,1.0,1.0,0.010535265700483092,0.06923174603174602,0.04771908690395361,0.03224630029545188,0.07075448537471099,0.20746973382884137,0.09629675283494016,0.26976361943088784,0.5006922500631769
web_20260523_053309_28821cfd,2026-05-23T05:33:11,跳,25,45,18.0,/data/WYC/signLanguage/work/generated/scoring_mvp_run3/all_demo_step2_worker_cache_semantic_v1/results/跳/跳_holistic_results.json,/data/WYC/signLanguage/work/generated/web_scoring_mvp/web_20260523_053309_28821cfd/holistic/user_跳_web_20260523_053309_28821cfd_holistic_results.json,,3.491450297374847,low,jump_two_hand_presence_low,0.3151390671053366,0.5693374297688026,0.5693374297688026,semantic_action_window,True,short_action_window_with_query_energy_peak,needs_recapture,jump_two_hand_presence_low,False,0.5714285714285714,True,insufficient_two_hand_presence,0.0,False,,,,,0.5714285714285714,True,,,0.44,0.84,0.44,1.0,1.0,0.007265700483091788,0.047746031746031745,0.05396034076271528,0.034358098065748924,0.12227698794453053,0.18252896127562956,0.13271639621365985,0.2782785612906865,0.42824926196580126
web_20260523_053345_da4d1ec9,2026-05-23T05:33:46,跳,25,45,18.0,/data/WYC/signLanguage/work/generated/scoring_mvp_run3/all_demo_step2_worker_cache_semantic_v1/results/跳/跳_holistic_results.json,/data/WYC/signLanguage/work/generated/web_scoring_mvp/web_20260523_053345_da4d1ec9/holistic/user_跳_web_20260523_053345_da4d1ec9_holistic_results.json,,2.365787951869093,low,jump_two_hand_presence_low,0.30233568676464506,0.6353878899953447,0.6353878899953447,semantic_action_window,True,short_action_window_with_query_energy_peak,needs_recapture,jump_two_hand_presence_low,False,0.0,True,insufficient_two_hand_presence,0.0,False,,,,,0.0,True,,,0.0,0.76,0.0,1.0,1.0,0.020343961352657005,0.1336888888888889,0.03643486211508429,0.03543655495822789,0.0,0.26992662874162426,0.0,0.26629688279877267,0.0
web_20260523_053401_8934d89a,2026-05-23T05:34:03,跳,25,45,18.0,/data/WYC/signLanguage/work/generated/scoring_mvp_run3/all_demo_step2_worker_cache_semantic_v1/results/跳/跳_holistic_results.json,/data/WYC/signLanguage/work/generated/web_scoring_mvp/web_20260523_053401_8934d89a/holistic/user_跳_web_20260523_053401_8934d89a_holistic_results.json,,3.6431533993163545,low,jump_two_hand_presence_low,0.2879680977910017,0.5621194392153966,0.5621194392153966,semantic_action_window,True,short_action_window_with_query_energy_peak,needs_recapture,jump_two_hand_presence_low,False,0.0,True,insufficient_two_hand_presence,0.0,False,,,,,0.0,True,,,0.0,0.84,0.0,1.0,1.0,0.020343961352657005,0.1336888888888889,0.03785941710392885,0.036176709726563505,0.0,0.2707800848181305,0.0,0.26449984568007745,0.0
web_20260523_053940_f86fc279,2026-05-23T05:39:42,跳,25,45,18.0,/data/WYC/signLanguage/work/generated/scoring_mvp_run3/all_demo_step2_worker_cache_semantic_v1/results/跳/跳_holistic_results.json,/data/WYC/signLanguage/work/generated/web_scoring_mvp/web_20260523_053940_f86fc279/holistic/user_跳_web_20260523_053940_f86fc279_holistic_results.json,,2.2024919013715687,low,jump_two_hand_presence_low,0.3025305805237921,0.6475255311986068,0.6475255311986068,semantic_action_window,True,short_action_window_with_query_energy_peak,needs_recapture,jump_two_hand_presence_low,False,0.42857142857142855,True,insufficient_two_hand_presence,0.0,False,,,,,0.42857142857142855,True,,,0.44,0.76,0.44,1.0,1.0,0.01511265700483092,0.08203174603174603,0.10749022877375945,0.03499084501428677,0.05675200703337801,0.20067175442123086,0.05838464124670378,0.2827426562696605,0.28617211384450647
web_20260523_062341_afa8c368,2026-05-23T06:23:43,花,20,36,18.0,/data/WYC/signLanguage/work/generated/scoring_mvp_run3/all_demo_step2_worker_cache_semantic_v1/results/花/花_holistic_results.json,/data/WYC/signLanguage/work/generated/web_scoring_mvp/web_20260523_062341_afa8c368/holistic/user_花_web_20260523_062341_afa8c368_holistic_results.json,,14.571577821117309,low,flower_opening_guard_failed,0.04116987704635403,0.23113167350230693,0.23113167350230693,full_sequence_with_action_window_diagnostics,False,default,semantic_mismatch,flower_opening_guard_failed,True,1.0,False,,0.0,,,,,,,False,0.0,right_hand_shape,1.0,0.45,0.45,1.0,1.0,0.025465786552952865,0.0,0.07787219358620825,0.017944571033772918,0.0,0.0,0.0,0.0,0.0
web_20260523_062353_2b6f64cd,2026-05-23T06:23:56,花,25,45,18.0,/data/WYC/signLanguage/work/generated/scoring_mvp_run3/all_demo_step2_worker_cache_semantic_v1/results/花/花_holistic_results.json,/data/WYC/signLanguage/work/generated/web_scoring_mvp/web_20260523_062353_2b6f64cd/holistic/user_花_web_20260523_062353_2b6f64cd_holistic_results.json,,79.52980911987503,normal_like,flower_core_accepted,0.03164127754936098,0.03321055018299307,0.03321055018299307,full_sequence_with_action_window_diagnostics,False,visible_semantic_core_scale,score_valid,score_valid,True,0.76,True,,0.0,,,,,,,True,1.0,right_hand_shape,0.0,0.76,0.0,1.0,1.0,0.00024913604766633356,0.0,0.033876181001158856,0.005884829721362231,0.0,0.0,0.0,0.0,0.0
web_20260523_062406_09525c5f,2026-05-23T06:24:09,花,25,45,18.0,/data/WYC/signLanguage/work/generated/scoring_mvp_run3/all_demo_step2_worker_cache_semantic_v1/results/花/花_holistic_results.json,/data/WYC/signLanguage/work/generated/web_scoring_mvp/web_20260523_062406_09525c5f/holistic/user_花_web_20260523_062406_09525c5f_holistic_results.json,,80.02240105598675,normal_like,flower_core_accepted,0.03112698488097587,0.032315218710059414,0.032315218710059414,full_sequence_with_action_window_diagnostics,False,visible_semantic_core_scale,score_valid,score_valid,True,0.72,True,,0.0,,,,,,,True,1.0,right_hand_shape,0.0,0.72,0.0,1.0,1.0,0.0016371797418073526,0.0,0.019856477234627194,0.005884829721362231,0.0,0.0,0.0,0.0,0.0
web_20260523_062420_5aea4dd9,2026-05-23T06:24:23,花,25,45,18.0,/data/WYC/signLanguage/work/generated/scoring_mvp_run3/all_demo_step2_worker_cache_semantic_v1/results/花/花_holistic_results.json,/data/WYC/signLanguage/work/generated/web_scoring_mvp/web_20260523_062420_5aea4dd9/holistic/user_花_web_20260523_062420_5aea4dd9_holistic_results.json,,78.62361889539538,normal_like,flower_core_accepted,0.03292368206524338,0.034872215341815574,0.034872215341815574,full_sequence_with_action_window_diagnostics,False,visible_semantic_core_scale,score_valid,score_valid,True,0.8,True,,0.0,,,,,,,True,1.0,right_hand_shape,0.0,0.8,0.0,1.0,1.0,0.00213545183714002,0.0,0.034758932130822005,0.005884829721362231,0.0,0.0,0.0,0.0,0.0
web_20260523_062433_e3e870b6,2026-05-23T06:24:35,花,25,45,18.0,/data/WYC/signLanguage/work/generated/scoring_mvp_run3/all_demo_step2_worker_cache_semantic_v1/results/花/花_holistic_results.json,/data/WYC/signLanguage/work/generated/web_scoring_mvp/web_20260523_062433_e3e870b6/holistic/user_花_web_20260523_062433_e3e870b6_holistic_results.json,,80.00747951449698,normal_like,flower_core_accepted,0.030803187039390962,0.03234225895422599,0.03234225895422599,full_sequence_with_action_window_diagnostics,False,visible_semantic_core_scale,score_valid,score_valid,True,0.68,True,,0.0,,,,,,,True,0.55,right_hand_shape,0.0,0.68,0.0,1.0,1.0,0.003523495531281034,0.0,0.020107615982320828,0.005884829721362231,0.0,0.0,0.0,0.0,0.0
web_20260523_062644_9a457871,2026-05-23T06:26:47,花,25,45,18.0,/data/WYC/signLanguage/work/generated/scoring_mvp_run3/all_demo_step2_worker_cache_semantic_v1/results/花/花_holistic_results.json,/data/WYC/signLanguage/work/generated/web_scoring_mvp/web_20260523_062644_9a457871/holistic/user_花_web_20260523_062644_9a457871_holistic_results.json,,79.94084919136743,normal_like,flower_core_accepted,0.030553599395136036,0.03246306543580431,0.03246306543580431,full_sequence_with_action_window_diagnostics,False,visible_semantic_core_scale,score_valid,score_valid,True,0.68,True,,0.0,,,,,,,True,1.0,right_hand_shape,0.0,0.68,0.0,1.0,1.0,0.003523495531281034,0.0,0.028338596556393005,0.005884829721362231,0.0,0.0,0.0,0.0,0.0
web_20260523_063002_0aa1419e,2026-05-23T06:30:04,跳,25,45,18.0,/data/WYC/signLanguage/work/generated/scoring_mvp_run3/all_demo_step2_worker_cache_semantic_v1/results/跳/跳_holistic_results.json,/data/WYC/signLanguage/work/generated/web_scoring_mvp/web_20260523_063002_0aa1419e/holistic/user_跳_web_20260523_063002_0aa1419e_holistic_results.json,,4.239826394505696,low,jump_two_hand_presence_low,0.2734718499367914,0.5363797287257013,0.5363797287257013,semantic_action_window,True,short_action_window_with_query_energy_peak,needs_recapture,jump_two_hand_presence_low,False,0.2857142857142857,True,insufficient_two_hand_presence,0.0,False,,,,,0.2857142857142857,True,,,0.48,0.84,0.48,1.0,1.0,0.013804830917874397,0.09071746031746031,0.032722991449837556,0.024169686323713403,0.06221450690164094,0.19523940682009927,0.07612503997442409,0.28230617135192076,0.1243419690540065
web_20260523_063015_4017237e,2026-05-23T06:30:17,跳,25,45,18.0,/data/WYC/signLanguage/work/generated/scoring_mvp_run3/all_demo_step2_worker_cache_semantic_v1/results/跳/跳_holistic_results.json,/data/WYC/signLanguage/work/generated/web_scoring_mvp/web_20260523_063015_4017237e/holistic/user_跳_web_20260523_063015_4017237e_holistic_results.json,,8.918992977808744,low,jump_two_hand_presence_low,0.24169962942636383,0.4101763193238772,0.4101763193238772,semantic_action_window,True,short_action_window_with_query_energy_peak,needs_recapture,jump_two_hand_presence_low,False,0.42857142857142855,True,insufficient_two_hand_presence,0.0,False,,,,,0.42857142857142855,True,,,0.64,0.84,0.64,1.0,1.0,0.010535265700483092,0.06923174603174602,0.03494847744836449,0.029199558128304458,0.06382083622249576,0.18559672966595117,0.09842403598591226,0.2821386284088471,0.15129980486658248
web_20260523_063026_c2f04725,2026-05-23T06:30:28,跳,25,45,18.0,/data/WYC/signLanguage/work/generated/scoring_mvp_run3/all_demo_step2_worker_cache_semantic_v1/results/跳/跳_holistic_results.json,/data/WYC/signLanguage/work/generated/web_scoring_mvp/web_20260523_063026_c2f04725/holistic/user_跳_web_20260523_063026_c2f04725_holistic_results.json,,71.07483265288036,borderline,jump_core_accepted,0.27057547811060073,0.35634475981304825,0.35634475981304825,semantic_action_window,True,jump_relation_semantic_floor,score_valid,score_valid,True,0.8571428571428571,True,used,71.07483265288036,True,0.7399023969074712,1.0,4.6134545970997936,0.1299285327253288,0.8571428571428571,True,,,0.64,0.92,0.64,1.0,1.0,0.0007265700483091788,0.004774603174603174,0.023841062215964007,0.022262917993856678,0.10799595564841692,0.19615330647170628,0.1307472582518225,0.2774206470854175,0.5451166637823578
web_20260523_063052_fc94e4f7,2026-05-23T06:30:53,跳,25,45,18.0,/data/WYC/signLanguage/work/generated/scoring_mvp_run3/all_demo_step2_worker_cache_semantic_v1/results/跳/跳_holistic_results.json,/data/WYC/signLanguage/work/generated/web_scoring_mvp/web_20260523_063052_fc94e4f7/holistic/user_跳_web_20260523_063052_fc94e4f7_holistic_results.json,,75.14652934000428,normal_like,jump_core_accepted,0.22256567681228437,0.2955966873226788,0.2955966873226788,semantic_action_window,True,jump_relation_semantic_floor,score_valid,score_valid,True,1.0,True,used,75.14652934000428,True,0.7636687117191703,1.0,3.7277667459294714,0.09658733986017343,1.0,True,,,0.72,0.84,0.72,1.0,1.0,0.002542995169082127,0.0,0.020222630614042284,0.017199577779091202,0.11116419929202641,0.13698090337944752,0.1785368065847679,0.26695739236521826,0.275280449437162
web_20260523_063109_8727dac1,2026-05-23T06:31:11,跳,25,45,18.0,/data/WYC/signLanguage/work/generated/scoring_mvp_run3/all_demo_step2_worker_cache_semantic_v1/results/跳/跳_holistic_results.json,/data/WYC/signLanguage/work/generated/web_scoring_mvp/web_20260523_063109_8727dac1/holistic/user_跳_web_20260523_063109_8727dac1_holistic_results.json,,65.1906745843863,borderline,jump_core_accepted,0.24584970384803675,0.39856454250651363,0.39856454250651363,semantic_action_window,True,jump_relation_semantic_floor,score_valid,score_valid,True,0.625,True,used,65.1906745843863,True,0.6985922468703473,1.0,3.8142495611594116,0.19238450264150192,0.625,True,,,0.6,1.0,0.6,1.0,1.0,0.006039613526570048,0.03968888888888888,0.02123442815144857,0.025705091261227962,0.07947777483645613,0.1516803712189071,0.103204884432538,0.25698062118623277,0.22932302814141872
web_20260523_063159_324827f7,2026-05-23T06:32:00,花,15,30,10.0,/data/WYC/signLanguage/work/generated/scoring_mvp_run3/all_demo_step2_worker_cache_semantic_v1/results/花/花_holistic_results.json,/data/WYC/signLanguage/work/generated/web_scoring_mvp/web_20260523_063159_324827f7/holistic/user_花_web_20260523_063159_324827f7_holistic_results.json,,78.46302938015793,normal_like,flower_core_accepted,0.03277819001241305,0.035168682139941364,0.035168682139941364,full_sequence_with_action_window_diagnostics,False,visible_semantic_core_scale,score_valid,score_valid,True,0.6666666666666666,True,,0.0,,,,,,,True,1.0,right_hand_shape,0.0,0.6666666666666666,0.0,1.0,1.0,0.004152267461105599,0.0,0.026733980674869744,0.005884829721362231,0.0,0.0,0.0,0.0,0.0
web_20260523_063217_bd40ee0c,2026-05-23T06:32:20,花,30,54,18.0,/data/WYC/signLanguage/work/generated/scoring_mvp_run3/all_demo_step2_worker_cache_semantic_v1/results/花/花_holistic_results.json,/data/WYC/signLanguage/work/generated/web_scoring_mvp/web_20260523_063217_bd40ee0c/holistic/user_花_web_20260523_063217_bd40ee0c_holistic_results.json,,79.2439729650452,normal_like,flower_core_accepted,0.0313652862695627,0.03373262992036138,0.03373262992036138,full_sequence_with_action_window_diagnostics,False,visible_semantic_core_scale,score_valid,score_valid,True,0.7333333333333333,True,,0.0,,,,,,,True,1.0,right_hand_shape,0.0,0.7333333333333333,0.0,1.0,1.0,0.0010084078119827924,0.0,0.024534132383362606,0.005884829721362231,0.0,0.0,0.0,0.0,0.0
web_20260523_063230_6a3bad1f,2026-05-23T06:32:33,花,25,45,18.0,/data/WYC/signLanguage/work/generated/scoring_mvp_run3/all_demo_step2_worker_cache_semantic_v1/results/花/花_holistic_results.json,/data/WYC/signLanguage/work/generated/web_scoring_mvp/web_20260523_063230_6a3bad1f/holistic/user_花_web_20260523_063230_6a3bad1f_holistic_results.json,,79.67382118869443,normal_like,flower_core_accepted,0.031183511685895365,0.032948222550967105,0.032948222550967105,full_sequence_with_action_window_diagnostics,False,visible_semantic_core_scale,score_valid,score_valid,True,0.68,True,,0.0,,,,,,,True,0.8261124920845032,right_hand_shape,0.0,0.68,0.0,1.0,1.0,0.003523495531281034,0.0,0.025121814876470052,0.005884829721362231,0.0,0.0,0.0,0.0,0.0
web_20260523_071212_4547d033,2026-05-23T07:12:14,花,25,45,18.0,/data/WYC/signLanguage/work/generated/scoring_mvp_run3/all_demo_step2_worker_cache_semantic_v1/results/花/花_holistic_results.json,/data/WYC/signLanguage/work/generated/web_scoring_mvp/web_20260523_071212_4547d033/holistic/user_花_web_20260523_071212_4547d033_holistic_results.json,,79.55953575021618,normal_like,flower_core_accepted,0.03020218758834384,0.03315636224912292,0.03315636224912292,full_sequence_with_action_window_diagnostics,False,visible_semantic_core_scale,score_valid,score_valid,True,0.6,True,,0.0,,,,,,,True,1.0,right_hand_shape,0.0,0.6,0.0,1.0,1.0,0.007296127110228407,0.0,0.03646381735417705,0.005884829721362231,0.0,0.0,0.0,0.0,0.0
web_20260523_071306_071a2172,2026-05-23T07:13:08,花,15,30,10.0,/data/WYC/signLanguage/work/generated/scoring_mvp_run3/all_demo_step2_worker_cache_semantic_v1/results/花/花_holistic_results.json,/data/WYC/signLanguage/work/generated/web_scoring_mvp/web_20260523_071306_071a2172/holistic/user_花_web_20260523_071306_071a2172_holistic_results.json,,76.17777157588482,normal_like,flower_core_accepted,0.037068346264014077,0.0394545692308529,0.0394545692308529,full_sequence_with_action_window_diagnostics,False,visible_semantic_core_scale,score_valid,score_valid,True,0.6,True,,0.0,,,,,,,True,0.8674894851446152,right_hand_shape,0.06666666666666667,0.6,0.06666666666666667,1.0,1.0,0.00803585879237495,0.0,0.02088374187136308,0.005884829721362231,0.0,0.002243057476019418,0.0,0.003511811049168588,0.0
web_20260523_071320_415e2975,2026-05-23T07:13:21,花,15,30,10.0,/data/WYC/signLanguage/work/generated/scoring_mvp_run3/all_demo_step2_worker_cache_semantic_v1/results/花/花_holistic_results.json,/data/WYC/signLanguage/work/generated/web_scoring_mvp/web_20260523_071320_415e2975/holistic/user_花_web_20260523_071320_415e2975_holistic_results.json,,78.39183513989589,normal_like,flower_core_accepted,0.0334019527673827,0.03530030911343033,0.03530030911343033,full_sequence_with_action_window_diagnostics,False,visible_semantic_core_scale,score_valid,score_valid,True,0.8,True,,0.0,,,,,,,True,0.6533577394485475,right_hand_shape,0.0,0.8,0.0,1.0,1.0,0.00213545183714002,0.0,0.026016708623942657,0.005884829721362231,0.0,0.0,0.0,0.0,0.0
web_20260523_071339_f3f432d2,2026-05-23T07:13:42,花,25,45,18.0,/data/WYC/signLanguage/work/generated/scoring_mvp_run3/all_demo_step2_worker_cache_semantic_v1/results/花/花_holistic_results.json,/data/WYC/signLanguage/work/generated/web_scoring_mvp/web_20260523_071339_f3f432d2/holistic/user_花_web_20260523_071339_f3f432d2_holistic_results.json,,79.4095590622068,normal_like,flower_core_accepted,0.031669949530284784,0.033429957896616506,0.033429957896616506,full_sequence_with_action_window_diagnostics,False,visible_semantic_core_scale,score_valid,score_valid,True,0.68,True,,0.0,,,,,,,True,1.0,right_hand_shape,0.0,0.68,0.0,1.0,1.0,0.003523495531281034,0.0,0.02501731490446971,0.005884829721362231,0.0,0.0,0.0,0.0,0.0
web_20260523_071415_2505a91e,2026-05-23T07:14:18,花,25,45,18.0,/data/WYC/signLanguage/work/generated/scoring_mvp_run3/all_demo_step2_worker_cache_semantic_v1/results/花/花_holistic_results.json,/data/WYC/signLanguage/work/generated/web_scoring_mvp/web_20260523_071415_2505a91e/holistic/user_花_web_20260523_071415_2505a91e_holistic_results.json,,79.11559662089849,normal_like,flower_core_accepted,0.03223470278262573,0.03396772242569748,0.03396772242569748,full_sequence_with_action_window_diagnostics,False,visible_semantic_core_scale,score_valid,score_valid,True,0.8,True,,0.0,,,,,,,True,1.0,right_hand_shape,0.04,0.8,0.04,1.0,1.0,0.0025792908464279457,0.0,0.028194384238104796,0.005884829721362231,0.0,0.0,0.0,0.0,0.0
web_20260602_212933_7ad54f26,2026-06-02T21:29:35,花,15,30,10.0,/data/WYC/signLanguage/work/generated/scoring_mvp_run3/all_demo_step2_worker_cache_semantic_v1/results/花/花_holistic_results.json,/data/WYC/signLanguage/work/generated/web_scoring_mvp/web_20260602_212933_7ad54f26/holistic/user_花_web_20260602_212933_7ad54f26_holistic_results.json,,14.862884114352834,low,flower_opening_guard_failed,0.02687464750960641,0.22875636957281106,0.22875636957281106,full_sequence_with_action_window_diagnostics,False,default,needs_recapture,flower_core_hand_presence_low,False,0.0,False,,0.0,,,,,,,False,0.0,,0.0,0.0,0.0,1.0,1.0,0.03559086395233368,0.0,0.0,0.004781424148606812,0.0,0.0,0.0,0.0,0.0
web_20260602_212951_e1173da1,2026-06-02T21:29:52,花,15,30,10.0,/data/WYC/signLanguage/work/generated/scoring_mvp_run3/all_demo_step2_worker_cache_semantic_v1/results/花/花_holistic_results.json,/data/WYC/signLanguage/work/generated/web_scoring_mvp/web_20260602_212951_e1173da1/holistic/user_花_web_20260602_212951_e1173da1_holistic_results.json,,77.62491144989006,normal_like,flower_core_accepted,0.03463974541443352,0.03672585903920213,0.03672585903920213,full_sequence_with_action_window_diagnostics,False,visible_semantic_core_scale,score_valid,score_valid,True,0.8,True,,0.0,,,,,,,True,1.0,right_hand_shape,0.0,0.8,0.0,1.0,1.0,0.00213545183714002,0.0,0.027059804616836942,0.005884829721362231,0.0,0.0,0.0,0.0,0.0
web_20260602_213015_411a2ecd,2026-06-02T21:30:18,花,30,54,18.0,/data/WYC/signLanguage/work/generated/scoring_mvp_run3/all_demo_step2_worker_cache_semantic_v1/results/花/花_holistic_results.json,/data/WYC/signLanguage/work/generated/web_scoring_mvp/web_20260602_213015_411a2ecd/holistic/user_花_web_20260602_213015_411a2ecd_holistic_results.json,,78.86089449865257,normal_like,flower_core_accepted,0.029551493407142127,0.034435283636415376,0.034435283636415376,full_sequence_with_action_window_diagnostics,False,visible_semantic_core_scale,score_valid,score_valid,True,0.6333333333333333,True,,0.0,,,,,,,True,1.0,right_hand_shape,0.0,0.6333333333333333,0.0,1.0,1.0,0.005724197285667003,0.0,0.03682948999212747,0.005545320314360563,0.0,0.0,0.0,0.0,0.0
web_20260602_213030_368950ee,2026-06-02T21:30:33,花,25,45,18.0,/data/WYC/signLanguage/work/generated/scoring_mvp_run3/all_demo_step2_worker_cache_semantic_v1/results/花/花_holistic_results.json,/data/WYC/signLanguage/work/generated/web_scoring_mvp/web_20260602_213030_368950ee/holistic/user_花_web_20260602_213030_368950ee_holistic_results.json,,44.50263359755917,low,flower_core_hand_presence_low,0.03157085136410032,0.09715461799193503,0.09715461799193503,full_sequence_with_action_window_diagnostics,False,default,needs_recapture,flower_core_hand_presence_low,False,0.48,True,,0.0,,,,,,,True,1.0,right_hand_shape,0.04,0.48,0.04,1.0,1.0,0.013398913487937387,0.0,0.03079047622176317,0.005545320314360563,0.0,0.002392857450103307,0.0,0.0035977419418641425,0.0
web_20260602_213050_ec3d0907,2026-06-02T21:30:52,花,25,45,18.0,/data/WYC/signLanguage/work/generated/scoring_mvp_run3/all_demo_step2_worker_cache_semantic_v1/results/花/花_holistic_results.json,/data/WYC/signLanguage/work/generated/web_scoring_mvp/web_20260602_213050_ec3d0907/holistic/user_花_web_20260602_213050_ec3d0907_holistic_results.json,,79.51660170577749,normal_like,flower_core_accepted,0.030837213250649982,0.03323463214798182,0.03323463214798182,full_sequence_with_action_window_diagnostics,False,visible_semantic_core_scale,score_valid,score_valid,True,0.72,True,,0.0,,,,,,,True,1.0,right_hand_shape,0.0,0.72,0.0,1.0,1.0,0.0016371797418073526,0.0,0.04672725652903361,0.005884829721362231,0.0,0.0,0.0,0.0,0.0
web_20260602_213918_4947c25e,2026-06-02T21:39:20,花,25,45,18.0,/data/WYC/signLanguage/work/generated/scoring_mvp_run3/all_demo_step2_worker_cache_semantic_v1/results/花/花_holistic_results.json,/data/WYC/signLanguage/work/generated/web_scoring_mvp/web_20260602_213918_4947c25e/holistic/user_花_web_20260602_213918_4947c25e_holistic_results.json,,79.70653210079507,normal_like,flower_core_accepted,0.031014770373895738,0.03288870351711765,0.03288870351711765,full_sequence_with_action_window_diagnostics,False,visible_semantic_core_scale,score_valid,score_valid,True,0.72,True,,0.0,,,,,,,True,0.7360476684570313,right_hand_shape,0.0,0.72,0.0,1.0,1.0,0.0016371797418073526,0.0,0.035094239771035346,0.005884829721362231,0.0,0.0,0.0,0.0,0.0
web_20260602_214010_3f951c51,2026-06-02T21:40:12,跳,25,45,18.0,/data/WYC/signLanguage/work/generated/scoring_mvp_run3/all_demo_step2_worker_cache_semantic_v1/results/跳/跳_holistic_results.json,/data/WYC/signLanguage/work/generated/web_scoring_mvp/web_20260602_214010_3f951c51/holistic/user_跳_web_20260602_214010_3f951c51_holistic_results.json,,75.32524082818409,normal_like,jump_core_accepted,0.3136304115027466,0.43197639163739887,0.43197639163739887,semantic_action_window,True,jump_relation_semantic_floor,score_valid,score_valid,True,1.0,True,used,75.32524082818409,True,0.7713410000169665,1.0,3.9241891467239136,0.0617904672906074,1.0,True,,,0.6,0.88,0.6,1.0,1.0,0.002542995169082127,0.0,0.06223736263959088,0.02408591100971085,0.11542489451408777,0.20340249444371933,0.15773234219045676,0.2708899082958266,0.5767714950447185
web_20260602_214656_3fae071b,2026-06-02T21:46:58,跳,25,45,18.0,/data/WYC/signLanguage/work/generated/scoring_mvp_run3/all_demo_step2_worker_cache_semantic_v1/results/跳/跳_holistic_results.json,/data/WYC/signLanguage/work/generated/web_scoring_mvp/web_20260602_214656_3fae071b/holistic/user_跳_web_20260602_214656_3fae071b_holistic_results.json,,1.353793221951907,low,jump_two_hand_presence_low,0.3777508970391062,0.7301176887098844,0.7301176887098844,semantic_action_window,True,short_action_window_with_query_energy_peak,needs_recapture,jump_two_hand_presence_low,False,0.14285714285714285,True,insufficient_two_hand_presence,0.0,False,,,,,0.14285714285714285,True,,,0.04,0.48,0.04,1.0,1.0,0.02622917874396135,0.1378031746031746,0.027883045719955243,0.03633999055512927,0.0,0.2651520912702426,0.0,0.21368937203021326,0.0
