request_id,generated_at,target_word,frame_count,timeline_frame_count,capture_fps,standard_json,saved_standard_json,standard_source,query_json,error,score,band,diagnosis,triage_priority,sample_advice,dtw_distance,normalized_distance,score_distance,alignment_mode,used_action_window,score_scale_reason,capture_quality_status,capture_quality_reason,capture_quality_message,capture_quality_reliable,semantic_core_presence,semantic_core_presence_full,semantic_core_presence_window,semantic_core_guard_passed,semantic_floor_reason,semantic_floor_source,semantic_floor_score,semantic_floor_used,semantic_floor_direction_cosine,semantic_floor_vertical_score,semantic_floor_amplitude_ratio,semantic_floor_horizontal_to_vertical,semantic_floor_relation_presence,semantic_floor_query_segment_start,semantic_floor_query_segment_end,semantic_floor_query_segment_coverage,semantic_floor_fallback_from_reason,semantic_floor_fallback_from_direction_cosine,jump_two_finger_shape_mean,jump_two_finger_shape_range,jump_two_finger_shape_valid_count,flower_opening_passed,flower_opening_score,flower_opening_hand,left_hand_presence,right_hand_presence,two_hand_presence,pose_presence,face_presence,presence_penalty,required_presence_penalty,semantic_delta_penalty,semantic_anchor_penalty,group_left_hand,group_right_hand,group_left_hand_shape,group_right_hand_shape,group_two_hand_relation
web_20260522_222243_a23d679c,2026-05-22T22:22:43,花,12,,3.6811926605504586,/data/WYC/signLanguage/work/generated/scoring_mvp_run3/all_demo_step2_worker_cache_semantic_v1/results/花/花_holistic_results.json,/data/WYC/signLanguage/work/generated/scoring_mvp_run2/all_demo_step4_worker_cache_v2/results/花/花_holistic_results.json,template_root,/data/WYC/signLanguage/work/generated/web_scoring_mvp/web_20260522_222243_a23d679c/holistic/user_花_web_20260522_222243_a23d679c_holistic_results.json,,74.85431844234562,borderline,flower_core_accepted,borderline_review,保持手部靠近摄像头，完整覆盖撮合到张开；全段覆盖 0.75、窗口覆盖 1.00。,0.0322160611081943,0.09606069103805283,0.09606069103805283,full_sequence_with_action_window_diagnostics,False,flower_short_visible_core_semantic_floor,score_valid,score_valid,核心语义可评分。,True,1.0,0.75,1.0,True,used,short_visible_core,74.85431844234562,True,,,,,,6,11,0.8435474405631846,,,,,,True,0.6288242918252945,right_hand_shape,0.0,0.75,0.0,1.0,1.0,0.00022244289970208803,0.0,0.014529810138982842,0.005884829721362231,0.0,0.0,0.0,0.0,0.0
web_20260522_225356_550e19fe,2026-05-22T22:53:57,花,15,,5.0,/data/WYC/signLanguage/work/generated/scoring_mvp_run3/all_demo_step2_worker_cache_semantic_v1/results/花/花_holistic_results.json,/data/WYC/signLanguage/work/generated/scoring_mvp_run2/all_demo_step4_worker_cache_v2/results/花/花_holistic_results.json,template_root,/data/WYC/signLanguage/work/generated/web_scoring_mvp/web_20260522_225356_550e19fe/holistic/user_花_web_20260522_225356_550e19fe_holistic_results.json,,78.24233824421282,normal_like,flower_core_accepted,normal,开花核心段可评分；继续保持手部完整入画和清晰张开动态。,0.03328205583175445,0.03650833449687614,0.03650833449687614,full_sequence_with_action_window_diagnostics,False,flower_short_visible_core_semantic_floor,score_valid,score_valid,核心语义可评分。,True,1.0,0.6666666666666666,1.0,True,used,short_visible_core,78.24233824421282,True,,,,,,9,14,0.7071327181182339,,,,,,True,1.0,right_hand_shape,0.0,0.6666666666666666,0.0,1.0,1.0,0.004152267461105599,0.0,0.03137723921705515,0.005884829721362231,0.0,0.0,0.0,0.0,0.0
web_20260522_225823_46498d30,2026-05-22T22:58:24,花,15,,5.0,/data/WYC/signLanguage/work/generated/scoring_mvp_run3/all_demo_step2_worker_cache_semantic_v1/results/花/花_holistic_results.json,/data/WYC/signLanguage/work/generated/scoring_mvp_run2/all_demo_step4_worker_cache_v2/results/花/花_holistic_results.json,template_root,/data/WYC/signLanguage/work/generated/web_scoring_mvp/web_20260522_225823_46498d30/holistic/user_花_web_20260522_225823_46498d30_holistic_results.json,,77.9730022213811,normal_like,flower_core_accepted,normal,开花核心段可评分；继续保持手部完整入画和清晰张开动态。,0.02698383051940218,0.052556280741820824,0.052556280741820824,full_sequence_with_action_window_diagnostics,False,flower_short_visible_core_semantic_floor,score_valid,score_valid,核心语义可评分。,True,0.8333333333333334,0.4666666666666667,0.8333333333333334,True,used,short_visible_core,77.9730022213811,True,,,,,,8,13,0.8432936759958057,,,,,,True,1.0,right_hand_shape,0.0,0.4666666666666667,0.0,1.0,1.0,0.01358384640847402,0.0,0.07459434013031821,0.005884829721362231,0.0,0.0,0.0,0.0,0.0
web_20260522_225845_b21e0f2e,2026-05-22T22:58:46,花,15,,5.0,/data/WYC/signLanguage/work/generated/scoring_mvp_run3/all_demo_step2_worker_cache_semantic_v1/results/花/花_holistic_results.json,/data/WYC/signLanguage/work/generated/scoring_mvp_run2/all_demo_step4_worker_cache_v2/results/花/花_holistic_results.json,template_root,/data/WYC/signLanguage/work/generated/web_scoring_mvp/web_20260522_225845_b21e0f2e/holistic/user_花_web_20260522_225845_b21e0f2e_holistic_results.json,,77.61247852053683,normal_like,flower_core_accepted,normal,从撮合状态开始，慢慢张开五指并保持约 0.5 秒；当前张开分数 0.53。,0.031187017641702112,0.036749085077212945,0.036749085077212945,full_sequence_with_action_window_diagnostics,False,visible_semantic_core_scale,score_valid,score_valid,核心语义可评分。,True,1.0,0.7333333333333333,1.0,True,opening_guard_too_weak,short_visible_core,0.0,False,,,,,,,,,,,,,,True,0.5293908965587616,right_hand_shape,0.0,0.7333333333333333,0.0,1.0,1.0,0.0010084078119827924,0.0,0.04749770314611761,0.005884829721362231,0.0,0.0,0.0,0.0,0.0
web_20260522_225852_a9aa43d6,2026-05-22T22:58:53,花,15,,5.0,/data/WYC/signLanguage/work/generated/scoring_mvp_run3/all_demo_step2_worker_cache_semantic_v1/results/花/花_holistic_results.json,/data/WYC/signLanguage/work/generated/scoring_mvp_run2/all_demo_step4_worker_cache_v2/results/花/花_holistic_results.json,template_root,/data/WYC/signLanguage/work/generated/web_scoring_mvp/web_20260522_225852_a9aa43d6/holistic/user_花_web_20260522_225852_a9aa43d6_holistic_results.json,,78.66210883830772,normal_like,flower_core_accepted,normal,从撮合状态开始，慢慢张开五指并保持约 0.5 秒；当前张开分数 0.45。,0.031864969683312705,0.034801248421750926,0.034801248421750926,full_sequence_with_action_window_diagnostics,False,visible_semantic_core_scale,score_valid,score_valid,核心语义可评分。,True,1.0,0.8,1.0,True,opening_guard_too_weak,short_visible_core,0.0,False,,,,,,,,,,,,,,True,0.45,right_hand_shape,0.0,0.8,0.0,1.0,1.0,0.00213545183714002,0.0,0.03178294413722368,0.005884829721362231,0.0,0.0,0.0,0.0,0.0
web_20260522_231259_51a8c719,2026-05-22T23:13:00,花,6,,2.4541284403669725,/data/WYC/signLanguage/work/generated/scoring_mvp_run3/all_demo_step2_worker_cache_semantic_v1/results/花/花_holistic_results.json,/data/WYC/signLanguage/work/generated/scoring_mvp_run2/all_demo_step4_worker_cache_v2/results/花/花_holistic_results.json,template_root,/data/WYC/signLanguage/work/generated/web_scoring_mvp/web_20260522_231259_51a8c719/holistic/user_花_web_20260522_231259_51a8c719_holistic_results.json,,20.468106972978966,low,flower_core_hand_presence_low,recapture,让开花手保持在画面中央，完整露出手腕和五指；当前窗口核心手覆盖 0.75。,0.03165581203751403,0.19035627224479185,0.19035627224479185,full_sequence_with_action_window_diagnostics,False,default,needs_recapture,flower_core_hand_presence_low,开花手势的核心手部覆盖和张开动态都不足，建议重采。,False,0.75,0.5,0.75,True,opening_guard_too_weak,short_visible_core,0.0,False,,,,,,,,,,,,,,True,0.45,right_hand_shape,0.0,0.5,0.0,1.0,1.0,0.012011916583912617,0.0,0.03419994031709723,0.005884829721362231,0.0,0.0,0.0,0.0,0.0
web_20260522_231304_9e8827a4,2026-05-22T23:13:05,花,15,,5.0,/data/WYC/signLanguage/work/generated/scoring_mvp_run3/all_demo_step2_worker_cache_semantic_v1/results/花/花_holistic_results.json,/data/WYC/signLanguage/work/generated/scoring_mvp_run2/all_demo_step4_worker_cache_v2/results/花/花_holistic_results.json,template_root,/data/WYC/signLanguage/work/generated/web_scoring_mvp/web_20260522_231304_9e8827a4/holistic/user_花_web_20260522_231304_9e8827a4_holistic_results.json,,78.41080676662574,normal_like,flower_core_accepted,normal,开花核心段可评分；继续保持手部完整入画和清晰张开动态。,0.03318627300397156,0.042290080831184185,0.042290080831184185,full_sequence_with_action_window_diagnostics,False,flower_short_visible_core_semantic_floor,score_valid,score_valid,核心语义可评分。,True,1.0,0.7333333333333333,1.0,True,used,short_visible_core,78.41080676662574,True,,,,,,9,14,0.7855953744976175,,,,,,True,1.0,right_hand_shape,0.0,0.7333333333333333,0.0,1.0,1.0,0.0010084078119827924,0.0,0.06717403865557205,0.005884829721362231,0.0,0.0,0.0,0.0,0.0
web_20260522_232244_45d260ed,2026-05-22T23:22:46,花,30,,10.0,/data/WYC/signLanguage/work/generated/scoring_mvp_run3/all_demo_step2_worker_cache_semantic_v1/results/花/花_holistic_results.json,/data/WYC/signLanguage/work/generated/scoring_mvp_run2/all_demo_step4_worker_cache_v2/results/花/花_holistic_results.json,template_root,/data/WYC/signLanguage/work/generated/web_scoring_mvp/web_20260522_232244_45d260ed/holistic/user_花_web_20260522_232244_45d260ed_holistic_results.json,,48.531456318512966,low,flower_opening_guard_failed,semantic_mismatch,从撮合状态开始，慢慢张开五指并保持约 0.5 秒；当前张开分数 0.12。,0.02930732380997729,0.08675496172769007,0.08675496172769007,full_sequence_with_action_window_diagnostics,False,default,semantic_mismatch,flower_opening_guard_failed,手部已入画，但未检测到清晰的手指张开/绽放动态。,True,1.0,0.6333333333333333,1.0,False,query_not_short_core_capture,short_visible_core,0.0,False,,,,,,,,,,,,,,False,0.1215316593647003,right_hand_shape,0.0,0.6333333333333333,0.0,1.0,1.0,0.005724197285667003,0.0,0.04197196809066364,0.005884829721362231,0.0,0.0,0.0,0.0,0.0
web_20260522_232256_781c0807,2026-05-22T23:22:58,花,30,,10.0,/data/WYC/signLanguage/work/generated/scoring_mvp_run3/all_demo_step2_worker_cache_semantic_v1/results/花/花_holistic_results.json,/data/WYC/signLanguage/work/generated/scoring_mvp_run2/all_demo_step4_worker_cache_v2/results/花/花_holistic_results.json,template_root,/data/WYC/signLanguage/work/generated/web_scoring_mvp/web_20260522_232256_781c0807/holistic/user_花_web_20260522_232256_781c0807_holistic_results.json,,79.8183945734389,normal_like,flower_core_accepted,normal,开花核心段可评分；继续保持手部完整入画和清晰张开动态。,0.030397255986824166,0.03268534895015375,0.03268534895015375,full_sequence_with_action_window_diagnostics,False,visible_semantic_core_scale,score_valid,score_valid,核心语义可评分。,True,1.0,0.7,1.0,True,query_not_short_core_capture,short_visible_core,0.0,False,,,,,,,,,,,,,,True,1.0,right_hand_shape,0.0,0.7,0.0,1.0,1.0,0.002580337636544196,0.0,0.03465361068737812,0.005884829721362231,0.0,0.0,0.0,0.0,0.0
web_20260522_232319_7e3cc881,2026-05-22T23:23:24,花,72,,24.0,/data/WYC/signLanguage/work/generated/scoring_mvp_run3/all_demo_step2_worker_cache_semantic_v1/results/花/花_holistic_results.json,/data/WYC/signLanguage/work/generated/scoring_mvp_run2/all_demo_step4_worker_cache_v2/results/花/花_holistic_results.json,template_root,/data/WYC/signLanguage/work/generated/web_scoring_mvp/web_20260522_232319_7e3cc881/holistic/user_花_web_20260522_232319_7e3cc881_holistic_results.json,,76.45603789336646,normal_like,flower_core_accepted,normal,开花核心段可评分；继续保持手部完整入画和清晰张开动态。,0.030121717518165336,0.03892587036816641,0.03892587036816641,full_sequence_with_action_window_diagnostics,False,visible_semantic_core_scale,score_valid,score_valid,核心语义可评分。,True,0.9,0.75,0.9,True,query_not_short_core_capture,short_visible_core,0.0,False,,,,,,,,,,,,,,True,0.9670312535762788,right_hand_shape,0.0,0.75,0.0,1.0,1.0,0.00022244289970208803,0.0,0.031879072633825056,0.005884829721362231,0.0,0.0,0.0,0.0,0.0
web_20260522_232339_70e4794b,2026-05-22T23:23:41,花,30,,10.0,/data/WYC/signLanguage/work/generated/scoring_mvp_run3/all_demo_step2_worker_cache_semantic_v1/results/花/花_holistic_results.json,/data/WYC/signLanguage/work/generated/scoring_mvp_run2/all_demo_step4_worker_cache_v2/results/花/花_holistic_results.json,template_root,/data/WYC/signLanguage/work/generated/web_scoring_mvp/web_20260522_232339_70e4794b/holistic/user_花_web_20260522_232339_70e4794b_holistic_results.json,,79.94096162764652,normal_like,flower_core_accepted,normal,从撮合状态开始，慢慢张开五指并保持约 0.5 秒；当前张开分数 0.45。,0.03022953653360981,0.032462861494400544,0.032462861494400544,full_sequence_with_action_window_diagnostics,False,visible_semantic_core_scale,score_valid,score_valid,核心语义可评分。,True,0.875,0.7666666666666667,0.875,True,query_not_short_core_capture,short_visible_core,0.0,False,,,,,,,,,,,,,,True,0.45,right_hand_shape,0.0,0.7666666666666667,0.0,1.0,1.0,0.0005635220125786164,0.0,0.02647395211341672,0.005884829721362231,0.0,0.0,0.0,0.0,0.0
web_20260522_232406_cac18708,2026-05-22T23:24:08,花,30,,10.0,/data/WYC/signLanguage/work/generated/scoring_mvp_run3/all_demo_step2_worker_cache_semantic_v1/results/花/花_holistic_results.json,/data/WYC/signLanguage/work/generated/scoring_mvp_run2/all_demo_step4_worker_cache_v2/results/花/花_holistic_results.json,template_root,/data/WYC/signLanguage/work/generated/web_scoring_mvp/web_20260522_232406_cac18708/holistic/user_花_web_20260522_232406_cac18708_holistic_results.json,,77.95067183328936,normal_like,flower_core_accepted,normal,开花核心段可评分；继续保持手部完整入画和清晰张开动态。,0.03329997850246047,0.036118625903647596,0.036118625903647596,full_sequence_with_action_window_diagnostics,False,visible_semantic_core_scale,score_valid,score_valid,核心语义可评分。,True,1.0,0.8333333333333334,1.0,True,query_not_short_core_capture,short_visible_core,0.0,False,,,,,,,,,,,,,,True,1.0,right_hand_shape,0.0,0.8333333333333334,0.0,1.0,1.0,0.0037073816617014233,0.0,0.03651037219078877,0.005884829721362231,0.0,0.0,0.0,0.0,0.0
web_20260522_232420_60da4112,2026-05-22T23:24:21,花,15,,5.0,/data/WYC/signLanguage/work/generated/scoring_mvp_run3/all_demo_step2_worker_cache_semantic_v1/results/花/花_holistic_results.json,/data/WYC/signLanguage/work/generated/scoring_mvp_run2/all_demo_step4_worker_cache_v2/results/花/花_holistic_results.json,template_root,/data/WYC/signLanguage/work/generated/web_scoring_mvp/web_20260522_232420_60da4112/holistic/user_花_web_20260522_232420_60da4112_holistic_results.json,,76.9663732655818,normal_like,flower_core_accepted,normal,开花核心段可评分；继续保持手部完整入画和清晰张开动态。,0.03178392021427527,0.03796122770175871,0.03796122770175871,full_sequence_with_action_window_diagnostics,False,visible_semantic_core_scale,score_valid,score_valid,核心语义可评分。,True,1.0,0.6666666666666666,1.0,True,action_window_coverage_low,short_visible_core,0.0,False,,,,,,,,,,,,,,True,0.9564277362823488,right_hand_shape,0.0,0.6666666666666666,0.0,1.0,1.0,0.004152267461105599,0.0,0.04777184378573151,0.005884829721362231,0.0,0.0,0.0,0.0,0.0
web_20260522_232642_fe440fb9,2026-05-22T23:26:43,花,15,,5.0,/data/WYC/signLanguage/work/generated/scoring_mvp_run3/all_demo_step2_worker_cache_semantic_v1/results/花/花_holistic_results.json,/data/WYC/signLanguage/work/generated/scoring_mvp_run2/all_demo_step4_worker_cache_v2/results/花/花_holistic_results.json,template_root,/data/WYC/signLanguage/work/generated/web_scoring_mvp/web_20260522_232642_fe440fb9/holistic/user_花_web_20260522_232642_fe440fb9_holistic_results.json,,79.8461858864898,normal_like,flower_core_accepted,normal,从撮合状态开始，慢慢张开五指并保持约 0.5 秒；当前张开分数 0.45。,0.031203650805785722,0.03263487137495865,0.03263487137495865,full_sequence_with_action_window_diagnostics,False,visible_semantic_core_scale,score_valid,score_valid,核心语义可评分。,True,1.0,0.6666666666666666,1.0,True,opening_guard_too_weak,short_visible_core,0.0,False,,,,,,,,,,,,,,True,0.45,right_hand_shape,0.0,0.6666666666666666,0.0,1.0,1.0,0.004152267461105599,0.0,0.015195831692753696,0.005884829721362231,0.0,0.0,0.0,0.0,0.0
web_20260523_000032_5389521b,2026-05-23T00:00:33,花,15,,5.0,/data/WYC/signLanguage/work/generated/scoring_mvp_run3/all_demo_step2_worker_cache_semantic_v1/results/花/花_holistic_results.json,/data/WYC/signLanguage/work/generated/scoring_mvp_run2/all_demo_step4_worker_cache_v2/results/花/花_holistic_results.json,template_root,/data/WYC/signLanguage/work/generated/web_scoring_mvp/web_20260523_000032_5389521b/holistic/user_花_web_20260523_000032_5389521b_holistic_results.json,,76.16829990096241,normal_like,flower_core_accepted,normal,从撮合状态开始，慢慢张开五指并保持约 0.5 秒；当前张开分数 0.45。,0.03204084629328773,0.03947259913936588,0.03947259913936588,full_sequence_with_action_window_diagnostics,False,visible_semantic_core_scale,score_valid,score_valid,核心语义可评分。,True,1.0,0.6,1.0,True,opening_guard_too_weak,short_visible_core,0.0,False,,,,,,,,,,,,,,True,0.45,right_hand_shape,0.0,0.6,0.0,1.0,1.0,0.007296127110228407,0.0,0.051597125017690405,0.005884829721362231,0.0,0.0,0.0,0.0,0.0
web_20260523_000852_b2c2f1de,2026-05-23T00:08:53,花,15,,5.0,/data/WYC/signLanguage/work/generated/scoring_mvp_run3/all_demo_step2_worker_cache_semantic_v1/results/花/花_holistic_results.json,/data/WYC/signLanguage/work/generated/scoring_mvp_run2/all_demo_step4_worker_cache_v2/results/花/花_holistic_results.json,template_root,/data/WYC/signLanguage/work/generated/web_scoring_mvp/web_20260523_000852_b2c2f1de/holistic/user_花_web_20260523_000852_b2c2f1de_holistic_results.json,,77.76499095032582,normal_like,flower_core_accepted,normal,从撮合状态开始，慢慢张开五指并保持约 0.5 秒；当前张开分数 0.45。,0.02988947184030888,0.03646443236022878,0.03646443236022878,full_sequence_with_action_window_diagnostics,False,visible_semantic_core_scale,score_valid,score_valid,核心语义可评分。,True,1.0,0.6,1.0,True,opening_guard_too_weak,short_visible_core,0.0,False,,,,,,,,,,,,,,True,0.45,right_hand_shape,0.0,0.6,0.0,1.0,1.0,0.007296127110228407,0.0,0.04683716765014465,0.005884829721362231,0.0,0.0,0.0,0.0,0.0
web_20260523_000903_3123d2db,2026-05-23T00:09:04,花,15,,5.0,/data/WYC/signLanguage/work/generated/scoring_mvp_run3/all_demo_step2_worker_cache_semantic_v1/results/花/花_holistic_results.json,/data/WYC/signLanguage/work/generated/scoring_mvp_run2/all_demo_step4_worker_cache_v2/results/花/花_holistic_results.json,template_root,/data/WYC/signLanguage/work/generated/web_scoring_mvp/web_20260523_000903_3123d2db/holistic/user_花_web_20260523_000903_3123d2db_holistic_results.json,,78.34899722430384,normal_like,flower_core_accepted,normal,开花核心段可评分；继续保持手部完整入画和清晰张开动态。,0.03125339968611161,0.035824419165730356,0.035824419165730356,full_sequence_with_action_window_diagnostics,False,flower_short_visible_core_semantic_floor,score_valid,score_valid,核心语义可评分。,True,1.0,0.7333333333333333,1.0,True,used,short_visible_core,78.34899722430384,True,,,,,,8,13,0.7247576192895689,,,,,,True,1.0,right_hand_shape,0.0,0.7333333333333333,0.0,1.0,1.0,0.0010084078119827924,0.0,0.041991881168939364,0.005884829721362231,0.0,0.0,0.0,0.0,0.0
web_20260523_000913_d5072c6f,2026-05-23T00:09:14,花,15,,5.0,/data/WYC/signLanguage/work/generated/scoring_mvp_run3/all_demo_step2_worker_cache_semantic_v1/results/花/花_holistic_results.json,/data/WYC/signLanguage/work/generated/scoring_mvp_run2/all_demo_step4_worker_cache_v2/results/花/花_holistic_results.json,template_root,/data/WYC/signLanguage/work/generated/web_scoring_mvp/web_20260523_000913_d5072c6f/holistic/user_花_web_20260523_000913_d5072c6f_holistic_results.json,,77.73467949563174,normal_like,flower_core_accepted,normal,开花核心段可评分；继续保持手部完整入画和清晰张开动态。,0.032075298480597494,0.03652096188178601,0.03652096188178601,full_sequence_with_action_window_diagnostics,False,visible_semantic_core_scale,score_valid,score_valid,核心语义可评分。,True,1.0,0.6666666666666666,1.0,True,action_window_coverage_low,short_visible_core,0.0,False,,,,,,,,,,,,,,True,0.8579010796546936,right_hand_shape,0.0,0.6666666666666666,0.0,1.0,1.0,0.004152267461105599,0.0,0.03815159886187085,0.005884829721362231,0.0,0.0,0.0,0.0,0.0
web_20260523_001048_5bcb9948,2026-05-23T00:10:49,跳,15,,5.0,/data/WYC/signLanguage/work/generated/scoring_mvp_run3/all_demo_step2_worker_cache_semantic_v1/results/跳/跳_holistic_results.json,/data/WYC/signLanguage/work/generated/scoring_mvp_run2/all_demo_step4_worker_cache_v2/results/跳/跳_holistic_results.json,template_root,/data/WYC/signLanguage/work/generated/web_scoring_mvp/web_20260523_001048_5bcb9948/holistic/user_跳_web_20260523_001048_5bcb9948_holistic_results.json,,5.354477071462027,low,jump_two_hand_presence_low,semantic_mismatch,保持双手关系清楚：左手稳定作为地面，右手食指/中指完成弹跳；当前左/右覆盖 0.40/0.60。,0.3362663694948887,0.4967686155122537,0.4967686155122537,semantic_action_window,True,short_action_window_with_query_energy_peak,semantic_mismatch,phase_endpoint_order_mismatch,双手关系已入画，但未满足右手在左手基础上弹跳的核心语义。,True,0.6666666666666666,0.6666666666666666,0.0,True,phase_endpoint_order_mismatch,,0.0,False,,,,,0.6666666666666666,,,,,,,,,True,,,0.4,0.6,0.4,1.0,1.0,0.005085990338164251,0.03342222222222223,0.04370971549856396,0.033703731888782715,0.07357071769782224,0.198328076549643,0.147643158076619,0.2874633859130435,0.6749114617835795
web_20260523_001100_dea381ee,2026-05-23T00:11:01,跳,15,,5.0,/data/WYC/signLanguage/work/generated/scoring_mvp_run3/all_demo_step2_worker_cache_semantic_v1/results/跳/跳_holistic_results.json,/data/WYC/signLanguage/work/generated/scoring_mvp_run2/all_demo_step4_worker_cache_v2/results/跳/跳_holistic_results.json,template_root,/data/WYC/signLanguage/work/generated/web_scoring_mvp/web_20260523_001100_dea381ee/holistic/user_跳_web_20260523_001100_dea381ee_holistic_results.json,,4.97256737468603,low,jump_two_hand_presence_low,recapture,左手“地面”和右手“两指小人”需要同时入画；当前左手覆盖 0.47、右手覆盖 0.53。,0.34685569148651996,0.5093262830553253,0.5093262830553253,semantic_action_window,True,short_action_window_with_query_energy_peak,needs_recapture,jump_two_hand_presence_low,左手地面和右手跳跃没有同时稳定入画，建议重采后再评分。,False,0.5,0.5,0.0,True,insufficient_two_hand_presence,,0.0,False,,,,,0.5,,,,,,,,,True,,,0.4666666666666667,0.5333333333333333,0.4666666666666667,1.0,1.0,0.00890048309178744,0.058488888888888875,0.031303497753771316,0.03450637200222913,0.03431820325200808,0.1828097109971635,0.07364789588339853,0.2892547074382079,0.44545969647869843
web_20260523_001113_b486eb41,2026-05-23T00:11:14,跳,15,,5.0,/data/WYC/signLanguage/work/generated/scoring_mvp_run3/all_demo_step2_worker_cache_semantic_v1/results/跳/跳_holistic_results.json,/data/WYC/signLanguage/work/generated/scoring_mvp_run2/all_demo_step4_worker_cache_v2/results/跳/跳_holistic_results.json,template_root,/data/WYC/signLanguage/work/generated/web_scoring_mvp/web_20260523_001113_b486eb41/holistic/user_跳_web_20260523_001113_b486eb41_holistic_results.json,,2.50121953378663,low,jump_two_hand_presence_low,recapture,左手“地面”和右手“两指小人”需要同时入画；当前左手覆盖 0.20、右手覆盖 0.60。,0.35082734328431875,0.6259408379626703,0.6259408379626703,semantic_action_window,True,short_action_window_with_query_energy_peak,needs_recapture,jump_two_hand_presence_low,左手地面和右手跳跃没有同时稳定入画，建议重采后再评分。,False,0.0,0.0,0.0,True,insufficient_two_hand_presence,,0.0,False,,,,,0.0,,,,,,,,,True,,,0.2,0.6,0.2,1.0,1.0,0.020343961352657005,0.1336888888888889,0.01784216316917847,0.03425782776263543,0.0,0.15017463274403023,0.0,0.28763095430194974,0.0
web_20260523_001152_83546751,2026-05-23T00:11:53,跳,15,,5.0,/data/WYC/signLanguage/work/generated/scoring_mvp_run3/all_demo_step2_worker_cache_semantic_v1/results/跳/跳_holistic_results.json,/data/WYC/signLanguage/work/generated/scoring_mvp_run2/all_demo_step4_worker_cache_v2/results/跳/跳_holistic_results.json,template_root,/data/WYC/signLanguage/work/generated/web_scoring_mvp/web_20260523_001152_83546751/holistic/user_跳_web_20260523_001152_83546751_holistic_results.json,,15.534123547123516,low,jump_two_hand_presence_low,semantic_mismatch,保持双手关系清楚：左手稳定作为地面，右手食指/中指完成弹跳；当前左/右覆盖 0.67/0.60。,0.23188860476551573,0.3160141204520337,0.3160141204520337,semantic_action_window,True,short_action_window_with_query_energy_peak,semantic_mismatch,phase_endpoint_order_mismatch,双手关系已入画，但未满足右手在左手基础上弹跳的核心语义。,True,1.0,1.0,0.0,True,phase_endpoint_order_mismatch,,0.0,False,,,,,1.0,,,,,,,,,True,,,0.6666666666666666,0.6,0.6,1.0,1.0,0.002542995169082127,0.0,0.035139750074141766,0.020003247788586424,0.1095903864654054,0.18811308429168,0.1706442380067665,0.2803276076740184,0.2594569945035452
web_20260523_005246_dbadcd43,2026-05-23T00:52:47,花,11,,5.0,/data/WYC/signLanguage/work/generated/scoring_mvp_run3/all_demo_step2_worker_cache_semantic_v1/results/花/花_holistic_results.json,/data/WYC/signLanguage/work/generated/scoring_mvp_run2/all_demo_step4_worker_cache_v2/results/花/花_holistic_results.json,template_root,/data/WYC/signLanguage/work/generated/web_scoring_mvp/web_20260523_005246_dbadcd43/holistic/user_花_web_20260523_005246_dbadcd43_holistic_results.json,,76.23153473731854,normal_like,flower_core_accepted,normal,开花核心段可评分；继续保持手部完整入画和清晰张开动态。,0.030888252623105888,0.14149820589512419,0.14149820589512419,full_sequence_with_action_window_diagnostics,False,flower_short_visible_core_semantic_floor,score_valid,score_valid,核心语义可评分。,True,1.0,0.6363636363636364,1.0,True,used,short_visible_core,76.23153473731854,True,,,,,,5,10,0.9022513085054742,,,,,,True,0.7496347260475159,right_hand_shape,0.0,0.6363636363636364,0.0,1.0,1.0,0.0055812945743432376,0.0,0.04537024407065244,0.005884829721362231,0.0,0.0,0.0,0.0,0.0
web_20260523_005320_4bd5e0a3,2026-05-23T00:53:22,花,27,,29.44954128440367,/data/WYC/signLanguage/work/generated/scoring_mvp_run3/all_demo_step2_worker_cache_semantic_v1/results/花/花_holistic_results.json,/data/WYC/signLanguage/work/generated/scoring_mvp_run2/all_demo_step4_worker_cache_v2/results/花/花_holistic_results.json,template_root,/data/WYC/signLanguage/work/generated/web_scoring_mvp/web_20260523_005320_4bd5e0a3/holistic/user_花_web_20260523_005320_4bd5e0a3_holistic_results.json,,80.78406965319468,normal_like,flower_core_accepted,normal,开花核心段可评分；继续保持手部完整入画和清晰张开动态。,0.03003631100574017,0.030941607660218445,0.030941607660218445,full_sequence_with_action_window_diagnostics,False,visible_semantic_core_scale,score_valid,score_valid,核心语义可评分。,True,1.0,0.7407407407407407,1.0,True,query_not_short_core_capture,short_visible_core,0.0,False,,,,,,,,,,,,,,True,0.7259365451335907,right_hand_shape,0.0,0.7407407407407407,0.0,1.0,1.0,0.0006590900731913689,0.0,0.013941808813504684,0.005884829721362231,0.0,0.0,0.0,0.0,0.0
web_20260523_005533_c97daf95,2026-05-23T00:55:34,花,15,,5.0,/data/WYC/signLanguage/work/generated/scoring_mvp_run3/all_demo_step2_worker_cache_semantic_v1/results/花/花_holistic_results.json,/data/WYC/signLanguage/work/generated/scoring_mvp_run2/all_demo_step4_worker_cache_v2/results/花/花_holistic_results.json,template_root,/data/WYC/signLanguage/work/generated/web_scoring_mvp/web_20260523_005533_c97daf95/holistic/user_花_web_20260523_005533_c97daf95_holistic_results.json,,78.6161393335025,normal_like,flower_core_accepted,normal,从撮合状态开始，慢慢张开五指并保持约 0.5 秒；当前张开分数 0.45。,0.03244117023770026,0.034886010026919434,0.034886010026919434,full_sequence_with_action_window_diagnostics,False,visible_semantic_core_scale,score_valid,score_valid,核心语义可评分。,True,1.0,0.6,1.0,True,opening_guard_too_weak,short_visible_core,0.0,False,,,,,,,,,,,,,,True,0.45,right_hand_shape,0.0,0.6,0.0,1.0,1.0,0.007296127110228407,0.0,0.023892052479585014,0.005884829721362231,0.0,0.0,0.0,0.0,0.0
web_20260523_005941_0ec0ccab,2026-05-23T00:59:43,跳,15,,5.0,/data/WYC/signLanguage/work/generated/scoring_mvp_run3/all_demo_step2_worker_cache_semantic_v1/results/跳/跳_holistic_results.json,/data/WYC/signLanguage/work/generated/scoring_mvp_run2/all_demo_step4_worker_cache_v2/results/跳/跳_holistic_results.json,template_root,/data/WYC/signLanguage/work/generated/web_scoring_mvp/web_20260523_005941_0ec0ccab/holistic/user_跳_web_20260523_005941_0ec0ccab_holistic_results.json,,9.232970669664187,low,jump_two_hand_presence_low,semantic_mismatch,保持双手关系清楚：左手稳定作为地面，右手食指/中指完成弹跳；当前左/右覆盖 0.80/0.53。,0.26410362262913156,0.4043048778387223,0.4043048778387223,semantic_action_window,True,short_action_window_with_query_energy_peak,semantic_mismatch,phase_endpoint_order_mismatch,双手关系已入画，但未满足右手在左手基础上弹跳的核心语义。,True,1.0,1.0,0.0,True,phase_endpoint_order_mismatch,,0.0,False,,,,,1.0,,,,,,,,,True,,,0.8,0.5333333333333333,0.5333333333333333,1.0,1.0,0.002542995169082127,0.0,0.04278226237952047,0.024187893909487175,0.11055831597633033,0.1944603741528147,0.1348804963045066,0.2614959838814858,0.4373979052882099
web_20260523_005953_cdf0697d,2026-05-23T00:59:54,跳,15,,5.0,/data/WYC/signLanguage/work/generated/scoring_mvp_run3/all_demo_step2_worker_cache_semantic_v1/results/跳/跳_holistic_results.json,/data/WYC/signLanguage/work/generated/scoring_mvp_run2/all_demo_step4_worker_cache_v2/results/跳/跳_holistic_results.json,template_root,/data/WYC/signLanguage/work/generated/web_scoring_mvp/web_20260523_005953_cdf0697d/holistic/user_跳_web_20260523_005953_cdf0697d_holistic_results.json,,4.449997514332308,low,jump_two_hand_presence_low,recapture,左手“地面”和右手“两指小人”需要同时入画；当前左手覆盖 0.40、右手覆盖 0.40。,0.2643037827495067,0.5281691644644606,0.5281691644644606,semantic_action_window,True,short_action_window_with_query_energy_peak,needs_recapture,jump_two_hand_presence_low,左手地面和右手跳跃没有同时稳定入画，建议重采后再评分。,False,0.3333333333333333,0.3333333333333333,0.0,True,insufficient_two_hand_presence,,0.0,False,,,,,0.3333333333333333,,,,,,,,,True,,,0.4,0.4,0.4,1.0,1.0,0.02390415458937198,0.10773333333333333,0.02135380227626793,0.0305634547840977,0.06884838821691695,0.18519908332718282,0.10197336395753774,0.28247296875710304,0.2977494680429919
web_20260523_010004_7eaf7ee3,2026-05-23T01:00:05,跳,15,,5.0,/data/WYC/signLanguage/work/generated/scoring_mvp_run3/all_demo_step2_worker_cache_semantic_v1/results/跳/跳_holistic_results.json,/data/WYC/signLanguage/work/generated/scoring_mvp_run2/all_demo_step4_worker_cache_v2/results/跳/跳_holistic_results.json,template_root,/data/WYC/signLanguage/work/generated/web_scoring_mvp/web_20260523_010004_7eaf7ee3/holistic/user_跳_web_20260523_010004_7eaf7ee3_holistic_results.json,,11.212813756950975,low,jump_two_hand_presence_low,semantic_mismatch,保持双手关系清楚：左手稳定作为地面，右手食指/中指完成弹跳；当前左/右覆盖 0.80/0.53。,0.270710374789992,0.37133508563562684,0.37133508563562684,semantic_action_window,True,short_action_window_with_query_energy_peak,semantic_mismatch,phase_endpoint_order_mismatch,双手关系已入画，但未满足右手在左手基础上弹跳的核心语义。,True,1.0,1.0,0.0,True,phase_endpoint_order_mismatch,,0.0,False,,,,,1.0,,,,,,,,,True,,,0.8,0.5333333333333333,0.5333333333333333,1.0,1.0,0.002542995169082127,0.0,0.014480807900428773,0.02400731206322594,0.10605710739403897,0.20009371379022076,0.1500123400306807,0.27276614449562764,0.4446090578707423
web_20260523_010014_049faf7d,2026-05-23T01:00:15,跳,15,,5.0,/data/WYC/signLanguage/work/generated/scoring_mvp_run3/all_demo_step2_worker_cache_semantic_v1/results/跳/跳_holistic_results.json,/data/WYC/signLanguage/work/generated/scoring_mvp_run2/all_demo_step4_worker_cache_v2/results/跳/跳_holistic_results.json,template_root,/data/WYC/signLanguage/work/generated/web_scoring_mvp/web_20260523_010014_049faf7d/holistic/user_跳_web_20260523_010014_049faf7d_holistic_results.json,,3.679921209053437,low,jump_two_hand_presence_low,recapture,左手“地面”和右手“两指小人”需要同时入画；当前左手覆盖 0.47、右手覆盖 0.20。,0.26958573445628947,0.5604153034558835,0.5604153034558835,semantic_action_window,True,short_action_window_with_query_energy_peak,needs_recapture,jump_two_hand_presence_low,左手地面和右手跳跃没有同时稳定入画，建议重采后再评分。,False,0.3333333333333333,0.3333333333333333,0.0,True,insufficient_two_hand_presence,,0.0,False,,,,,0.3333333333333333,,,,,,,,,True,,,0.4666666666666667,0.2,0.2,1.0,1.0,0.02390415458937198,0.10773333333333333,0.04551545783215382,0.028477515993457117,0.07533422625782547,0.19664491921963834,0.1077823171818492,0.2804965326717347,0.31970606058455914
web_20260523_010203_88bdaf53,2026-05-23T01:02:06,花,30,,10.0,/data/WYC/signLanguage/work/generated/scoring_mvp_run3/all_demo_step2_worker_cache_semantic_v1/results/花/花_holistic_results.json,/data/WYC/signLanguage/work/generated/scoring_mvp_run2/all_demo_step4_worker_cache_v2/results/花/花_holistic_results.json,template_root,/data/WYC/signLanguage/work/generated/web_scoring_mvp/web_20260523_010203_88bdaf53/holistic/user_花_web_20260523_010203_88bdaf53_holistic_results.json,,72.18350409686145,borderline,flower_core_accepted,borderline_review,保持手部靠近摄像头，完整覆盖撮合到张开；全段覆盖 0.63、窗口覆盖 1.00。,0.039930407324872984,0.04726400298943493,0.04726400298943493,full_sequence_with_action_window_diagnostics,False,visible_semantic_core_scale,score_valid,score_valid,核心语义可评分。,True,1.0,0.6333333333333333,1.0,True,query_not_short_core_capture,short_visible_core,0.0,False,,,,,,,,,,,,,,True,1.0,right_hand_shape,0.13333333333333333,0.6333333333333333,0.13333333333333333,1.0,1.0,0.007203660649960089,0.0,0.03068662624760316,0.011465829841078178,0.0,0.008630369801634593,0.0,0.013410749918609167,0.0
web_20260523_010215_ab4961d9,2026-05-23T01:02:17,花,30,,10.0,/data/WYC/signLanguage/work/generated/scoring_mvp_run3/all_demo_step2_worker_cache_semantic_v1/results/花/花_holistic_results.json,/data/WYC/signLanguage/work/generated/scoring_mvp_run2/all_demo_step4_worker_cache_v2/results/花/花_holistic_results.json,template_root,/data/WYC/signLanguage/work/generated/web_scoring_mvp/web_20260523_010215_ab4961d9/holistic/user_花_web_20260523_010215_ab4961d9_holistic_results.json,,79.16065010906186,normal_like,flower_core_accepted,normal,开花核心段可评分；继续保持手部完整入画和清晰张开动态。,0.030572292730957542,0.03388517364032888,0.03388517364032888,full_sequence_with_action_window_diagnostics,False,visible_semantic_core_scale,score_valid,score_valid,核心语义可评分。,True,1.0,0.6666666666666666,1.0,True,query_not_short_core_capture,short_visible_core,0.0,False,,,,,,,,,,,,,,True,1.0,right_hand_shape,0.0,0.6666666666666666,0.0,1.0,1.0,0.004152267461105599,0.0,0.04763727048541078,0.005884829721362231,0.0,0.0,0.0,0.0,0.0
web_20260523_010234_e2d59e5e,2026-05-23T01:02:37,跳,45,,15.0,/data/WYC/signLanguage/work/generated/scoring_mvp_run3/all_demo_step2_worker_cache_semantic_v1/results/跳/跳_holistic_results.json,/data/WYC/signLanguage/work/generated/scoring_mvp_run2/all_demo_step4_worker_cache_v2/results/跳/跳_holistic_results.json,template_root,/data/WYC/signLanguage/work/generated/web_scoring_mvp/web_20260523_010234_e2d59e5e/holistic/user_跳_web_20260523_010234_e2d59e5e_holistic_results.json,,8.936938212750524,low,jump_two_hand_presence_low,semantic_mismatch,保持双手关系清楚：左手稳定作为地面，右手食指/中指完成弹跳；当前左/右覆盖 0.67/0.42。,0.301560382972851,0.4098352104397791,0.4098352104397791,semantic_action_window,True,short_action_window_with_query_energy_peak,semantic_mismatch,phase_endpoint_order_mismatch,双手关系已入画，但未满足右手在左手基础上弹跳的核心语义。,True,0.8461538461538461,0.8461538461538461,0.0,True,phase_endpoint_order_mismatch,,0.0,False,,,,,0.8461538461538461,,,,,,,,,True,,,0.6666666666666666,0.4222222222222222,0.4222222222222222,1.0,1.0,0.000978075065031586,0.006427350427350421,0.05789393813565972,0.025956061827922112,0.10692550347243038,0.24021094799154546,0.13754702366581395,0.28100766202314226,0.3673186121049857
web_20260523_011122_fb34e3e5,2026-05-23T01:11:24,跳,30,,10.0,/data/WYC/signLanguage/work/generated/scoring_mvp_run3/all_demo_step2_worker_cache_semantic_v1/results/跳/跳_holistic_results.json,/data/WYC/signLanguage/work/generated/scoring_mvp_run2/all_demo_step4_worker_cache_v2/results/跳/跳_holistic_results.json,template_root,/data/WYC/signLanguage/work/generated/web_scoring_mvp/web_20260523_011122_fb34e3e5/holistic/user_跳_web_20260523_011122_fb34e3e5_holistic_results.json,,7.258864322414007,low,jump_two_hand_presence_low,semantic_mismatch,保持双手关系清楚：左手稳定作为地面，右手食指/中指完成弹跳；当前左/右覆盖 0.53/0.57。,0.2725645255618391,0.4451288323507658,0.4451288323507658,semantic_action_window,True,short_action_window_with_query_energy_peak,semantic_mismatch,phase_endpoint_order_mismatch,双手关系已入画，但未满足右手在左手基础上弹跳的核心语义。,True,0.75,0.75,0.0,True,phase_endpoint_order_mismatch,,0.0,False,,,,,0.75,,,,,,,,,True,,,0.5333333333333333,0.5666666666666667,0.5333333333333333,1.0,1.0,0.0031787439613526563,0.02088888888888888,0.030619397827769956,0.027866874734408832,0.11800570453479213,0.23814645193624426,0.17358053961863967,0.28115256444917464,0.38315010117305
web_20260523_011135_5967dd5a,2026-05-23T01:11:37,跳,30,,10.0,/data/WYC/signLanguage/work/generated/scoring_mvp_run3/all_demo_step2_worker_cache_semantic_v1/results/跳/跳_holistic_results.json,/data/WYC/signLanguage/work/generated/scoring_mvp_run2/all_demo_step4_worker_cache_v2/results/跳/跳_holistic_results.json,template_root,/data/WYC/signLanguage/work/generated/web_scoring_mvp/web_20260523_011135_5967dd5a/holistic/user_跳_web_20260523_011135_5967dd5a_holistic_results.json,,3.110634612389878,low,jump_two_hand_presence_low,recapture,左手“地面”和右手“两指小人”需要同时入画；当前左手覆盖 0.47、右手覆盖 0.70。,0.33678319947731983,0.5889368085582636,0.5889368085582636,semantic_action_window,True,short_action_window_with_query_energy_peak,needs_recapture,jump_two_hand_presence_low,左手地面和右手跳跃没有同时稳定入画，建议重采后再评分。,False,0.5,0.5,0.0,True,insufficient_two_hand_presence,,0.0,False,,,,,0.5,,,,,,,,,True,,,0.4666666666666667,0.7,0.4666666666666667,1.0,1.0,0.012905700483091788,0.06968888888888888,0.08148109665661513,0.035381990920131993,0.1002428555624405,0.23263063951305393,0.16601235445609736,0.28832204405810125,0.48110025009466517
web_20260523_015650_c394e067,2026-05-23T01:56:52,跳,19,37,14.682539682539682,/data/WYC/signLanguage/work/generated/scoring_mvp_run3/all_demo_step2_worker_cache_semantic_v1/results/跳/跳_holistic_results.json,/data/WYC/signLanguage/work/generated/scoring_mvp_run3/all_demo_step2_worker_cache_semantic_v1/results/跳/跳_holistic_results.json,template_root,/data/WYC/signLanguage/work/generated/web_scoring_mvp/web_20260523_015650_c394e067/holistic/user_跳_web_20260523_015650_c394e067_holistic_results.json,,84.92334172592344,normal_like,jump_core_accepted,normal,双手弹跳核心语义可评分；继续保持两只手同时稳定入画。,0.047507957405413435,0.0567061731277496,0.040078388035854895,semantic_action_window,True,jump_relation_semantic_floor,score_valid,score_valid,核心语义可评分。,True,1.0,1.0,1.0,True,used,action_window_net,84.92334172592344,True,0.9991643598546499,1.0,0.9761694370129093,0.6416554325973503,1.0,6,22,,,,,,,True,,,0.8947368421052632,0.8947368421052632,0.8947368421052632,1.0,1.0,0.002542995169082127,0.0,0.0034351449734841793,0.005661870031570454,0.014570871301029442,0.01103317493287221,0.07239472451864791,0.040172947780982377,0.009591429500753106
web_20260523_015727_2cb1fbe6,2026-05-23T01:57:28,跳,19,37,14.682539682539682,/data/WYC/signLanguage/work/generated/scoring_mvp_run3/all_demo_step2_worker_cache_semantic_v1/results/跳/跳_holistic_results.json,/data/WYC/signLanguage/work/generated/scoring_mvp_run3/all_demo_step2_worker_cache_semantic_v1/results/跳/跳_holistic_results.json,template_root,/data/WYC/signLanguage/work/generated/web_scoring_mvp/web_20260523_015727_2cb1fbe6/holistic/user_跳_web_20260523_015727_2cb1fbe6_holistic_results.json,,84.94841523300283,normal_like,jump_core_accepted,normal,双手弹跳核心语义可评分；继续保持两只手同时稳定入画。,0.044490776050910404,0.05107344476437807,0.03550167314655943,semantic_action_window,True,jump_relation_semantic_floor,score_valid,score_valid,核心语义可评分。,True,1.0,1.0,1.0,True,used,action_window_net,84.94841523300283,True,0.9994062681864736,1.0,1.0158404771126321,0.7243489648434365,1.0,6,22,,,,,,,True,,,0.8947368421052632,0.8947368421052632,0.8947368421052632,1.0,1.0,0.002542995169082127,0.0,0.0020243264681970084,0.003158852343918559,0.01249785477821893,0.009212301069541285,0.04945501040807624,0.04027302415833194,0.008955788627809472
web_20260523_015736_2678050f,2026-05-23T01:57:38,花,30,54,18.0,/data/WYC/signLanguage/work/generated/scoring_mvp_run3/all_demo_step2_worker_cache_semantic_v1/results/花/花_holistic_results.json,/data/WYC/signLanguage/work/generated/scoring_mvp_run3/all_demo_step2_worker_cache_semantic_v1/results/花/花_holistic_results.json,template_root,/data/WYC/signLanguage/work/generated/web_scoring_mvp/web_20260523_015736_2678050f/holistic/user_花_web_20260523_015736_2678050f_holistic_results.json,,77.84019168252094,normal_like,flower_core_accepted,normal,开花核心段可评分；继续保持手部完整入画和清晰张开动态。,0.03211483704203059,0.03632428141110601,0.03632428141110601,full_sequence_with_action_window_diagnostics,False,visible_semantic_core_scale,score_valid,score_valid,核心语义可评分。,True,1.0,0.7,1.0,True,query_not_short_core_capture,short_visible_core,0.0,False,,,,,,,,,,,,,,True,1.0,right_hand_shape,0.03333333333333333,0.7,0.03333333333333333,1.0,1.0,0.0029502034776174675,0.0,0.029791647851543555,0.005884829721362231,0.0,0.0,0.0,0.0,0.0
web_20260523_015755_80a348dd,2026-05-23T01:57:57,花,30,54,18.0,/data/WYC/signLanguage/work/generated/scoring_mvp_run3/all_demo_step2_worker_cache_semantic_v1/results/花/花_holistic_results.json,/data/WYC/signLanguage/work/generated/scoring_mvp_run3/all_demo_step2_worker_cache_semantic_v1/results/花/花_holistic_results.json,template_root,/data/WYC/signLanguage/work/generated/web_scoring_mvp/web_20260523_015755_80a348dd/holistic/user_花_web_20260523_015755_80a348dd_holistic_results.json,,78.25112504326592,normal_like,flower_core_accepted,normal,开花核心段可评分；继续保持手部完整入画和清晰张开动态。,0.0315532564479656,0.035560811972611794,0.035560811972611794,full_sequence_with_action_window_diagnostics,False,visible_semantic_core_scale,score_valid,score_valid,核心语义可评分。,True,0.7666666666666667,0.7666666666666667,0.75,True,query_not_short_core_capture,short_visible_core,0.0,False,,,,,,,,,,,,,,True,1.0,right_hand_shape,0.0,0.7666666666666667,0.0,1.0,1.0,0.0005635220125786164,0.0,0.06241580504332808,0.005884829721362231,0.0,0.0,0.0,0.0,0.0
web_20260523_015816_3c06955d,2026-05-23T01:58:17,花,30,54,18.0,/data/WYC/signLanguage/work/generated/scoring_mvp_run3/all_demo_step2_worker_cache_semantic_v1/results/花/花_holistic_results.json,/data/WYC/signLanguage/work/generated/scoring_mvp_run3/all_demo_step2_worker_cache_semantic_v1/results/花/花_holistic_results.json,template_root,/data/WYC/signLanguage/work/generated/web_scoring_mvp/web_20260523_015816_3c06955d/holistic/user_花_web_20260523_015816_3c06955d_holistic_results.json,,78.22802383654293,normal_like,flower_core_accepted,normal,让开花手保持在画面中央，完整露出手腕和五指；当前窗口核心手覆盖 0.50。,0.031176901040821693,0.035603625024997976,0.035603625024997976,full_sequence_with_action_window_diagnostics,False,visible_semantic_core_scale,score_valid,score_valid,核心语义可评分。,True,0.6333333333333333,0.6333333333333333,0.5,True,query_not_short_core_capture,short_visible_core,0.0,False,,,,,,,,,,,,,,True,0.7371691137552262,right_hand_shape,0.0,0.6333333333333333,0.0,1.0,1.0,0.005724197285667003,0.0,0.04757675589411679,0.005545320314360563,0.0,0.0,0.0,0.0,0.0
web_20260523_015835_2dfac551,2026-05-23T01:58:36,花,15,30,10.0,/data/WYC/signLanguage/work/generated/scoring_mvp_run3/all_demo_step2_worker_cache_semantic_v1/results/花/花_holistic_results.json,/data/WYC/signLanguage/work/generated/scoring_mvp_run3/all_demo_step2_worker_cache_semantic_v1/results/花/花_holistic_results.json,template_root,/data/WYC/signLanguage/work/generated/web_scoring_mvp/web_20260523_015835_2dfac551/holistic/user_花_web_20260523_015835_2dfac551_holistic_results.json,,78.1195983881378,normal_like,flower_core_accepted,normal,开花核心段可评分；继续保持手部完整入画和清晰张开动态。,0.032939754449510944,0.03801171166469929,0.03801171166469929,full_sequence_with_action_window_diagnostics,False,flower_short_visible_core_semantic_floor,score_valid,score_valid,核心语义可评分。,True,1.0,0.7333333333333333,1.0,True,used,short_visible_core,78.1195983881378,True,,,,,,18,29,0.6432566639717752,,,,,,True,1.0,right_hand_shape,0.0,0.7333333333333333,0.0,1.0,1.0,0.0010084078119827924,0.0,0.044774868588770514,0.005884829721362231,0.0,0.0,0.0,0.0,0.0
web_20260523_020555_09843ad1,2026-05-23T02:05:57,跳,19,37,14.682539682539682,/data/WYC/signLanguage/work/generated/scoring_mvp_run3/all_demo_step2_worker_cache_semantic_v1/results/跳/跳_holistic_results.json,/data/WYC/signLanguage/work/generated/scoring_mvp_run3/all_demo_step2_worker_cache_semantic_v1/results/跳/跳_holistic_results.json,template_root,/data/WYC/signLanguage/work/generated/web_scoring_mvp/web_20260523_020555_09843ad1/holistic/user_跳_web_20260523_020555_09843ad1_holistic_results.json,,84.94841523300283,normal_like,jump_core_accepted,normal,双手弹跳核心语义可评分；继续保持两只手同时稳定入画。,0.044490776050910404,0.05107344476437807,0.03550167314655943,semantic_action_window,True,jump_relation_semantic_floor,score_valid,score_valid,核心语义可评分。,True,1.0,1.0,1.0,True,used,action_window_net,84.94841523300283,True,0.9994062681864736,1.0,1.0158404771126321,0.7243489648434365,1.0,6,22,,,,,,,True,,,0.8947368421052632,0.8947368421052632,0.8947368421052632,1.0,1.0,0.002542995169082127,0.0,0.0020243264681970084,0.003158852343918559,0.01249785477821893,0.009212301069541285,0.04945501040807624,0.04027302415833194,0.008955788627809472
web_20260523_020656_ffa06ed9,2026-05-23T02:06:57,花,15,30,10.0,/data/WYC/signLanguage/work/generated/scoring_mvp_run3/all_demo_step2_worker_cache_semantic_v1/results/花/花_holistic_results.json,/data/WYC/signLanguage/work/generated/scoring_mvp_run3/all_demo_step2_worker_cache_semantic_v1/results/花/花_holistic_results.json,template_root,/data/WYC/signLanguage/work/generated/web_scoring_mvp/web_20260523_020656_ffa06ed9/holistic/user_花_web_20260523_020656_ffa06ed9_holistic_results.json,,77.18278859042866,normal_like,flower_core_accepted,normal,开花核心段可评分；继续保持手部完整入画和清晰张开动态。,0.0329345583399602,0.03755408643232683,0.03755408643232683,full_sequence_with_action_window_diagnostics,False,visible_semantic_core_scale,score_valid,score_valid,核心语义可评分。,True,1.0,0.7333333333333333,1.0,True,used,short_visible_core,76.32099541889795,True,,,,,,9,19,0.6369699636755505,,,,,,True,0.8214454036951065,right_hand_shape,0.06666666666666667,0.7333333333333333,0.06666666666666667,1.0,1.0,0.0017481394941293354,0.0,0.03566984483261521,0.011736626668583607,0.0,0.0,0.0,0.0,0.0
web_20260523_020721_d12639c5,2026-05-23T02:07:23,花,15,30,10.0,/data/WYC/signLanguage/work/generated/scoring_mvp_run3/all_demo_step2_worker_cache_semantic_v1/results/花/花_holistic_results.json,/data/WYC/signLanguage/work/generated/scoring_mvp_run3/all_demo_step2_worker_cache_semantic_v1/results/花/花_holistic_results.json,template_root,/data/WYC/signLanguage/work/generated/web_scoring_mvp/web_20260523_020721_d12639c5/holistic/user_花_web_20260523_020721_d12639c5_holistic_results.json,,77.48293063086018,normal_like,flower_core_accepted,normal,开花核心段可评分；继续保持手部完整入画和清晰张开动态。,0.03295210723868895,0.036991315952703954,0.036991315952703954,full_sequence_with_action_window_diagnostics,False,visible_semantic_core_scale,score_valid,score_valid,核心语义可评分。,True,1.0,0.8,1.0,True,action_window_coverage_low,short_visible_core,0.0,False,,,,,,,,,,,,,,True,1.0,right_hand_shape,0.0,0.8,0.0,1.0,1.0,0.00213545183714002,0.0,0.037910332890428035,0.005884829721362231,0.0,0.0,0.0,0.0,0.0
web_20260523_020734_b9299448,2026-05-23T02:07:35,花,15,30,10.0,/data/WYC/signLanguage/work/generated/scoring_mvp_run3/all_demo_step2_worker_cache_semantic_v1/results/花/花_holistic_results.json,/data/WYC/signLanguage/work/generated/scoring_mvp_run3/all_demo_step2_worker_cache_semantic_v1/results/花/花_holistic_results.json,template_root,/data/WYC/signLanguage/work/generated/web_scoring_mvp/web_20260523_020734_b9299448/holistic/user_花_web_20260523_020734_b9299448_holistic_results.json,,78.08182582418904,normal_like,flower_core_accepted,normal,开花核心段可评分；继续保持手部完整入画和清晰张开动态。,0.0330560476145772,0.03587486471998705,0.03587486471998705,full_sequence_with_action_window_diagnostics,False,visible_semantic_core_scale,score_valid,score_valid,核心语义可评分。,True,1.0,0.6666666666666666,1.0,True,action_window_coverage_low,short_visible_core,0.0,False,,,,,,,,,,,,,,True,1.0,right_hand_shape,0.0,0.6666666666666666,0.0,1.0,1.0,0.004152267461105599,0.0,0.029113563885322696,0.005884829721362231,0.0,0.0,0.0,0.0,0.0
web_20260523_020807_c15e8c2b,2026-05-23T02:08:08,花,15,30,10.0,/data/WYC/signLanguage/work/generated/scoring_mvp_run3/all_demo_step2_worker_cache_semantic_v1/results/花/花_holistic_results.json,/data/WYC/signLanguage/work/generated/scoring_mvp_run3/all_demo_step2_worker_cache_semantic_v1/results/花/花_holistic_results.json,template_root,/data/WYC/signLanguage/work/generated/web_scoring_mvp/web_20260523_020807_c15e8c2b/holistic/user_花_web_20260523_020807_c15e8c2b_holistic_results.json,,18.227351003209403,low,flower_opening_guard_failed,semantic_mismatch,从撮合状态开始，慢慢张开五指并保持约 0.5 秒；当前张开分数 0.55。,0.029192318378828915,0.20426963011303714,0.20426963011303714,full_sequence_with_action_window_diagnostics,False,default,semantic_mismatch,flower_opening_guard_failed,手部已入画，但手指张开/绽放动态不够清晰。,True,0.6666666666666666,0.6666666666666666,0.6666666666666666,False,opening_guard_too_weak,short_visible_core,0.0,False,,,,,,,,,,,,,,False,0.55,right_hand_shape,0.0,0.6666666666666666,0.0,1.0,1.0,0.004152267461105599,0.0,0.04353078058947623,0.005884829721362231,0.0,0.0,0.0,0.0,0.0
web_20260523_020825_2312ad97,2026-05-23T02:08:28,花,45,54,18.0,/data/WYC/signLanguage/work/generated/scoring_mvp_run3/all_demo_step2_worker_cache_semantic_v1/results/花/花_holistic_results.json,/data/WYC/signLanguage/work/generated/scoring_mvp_run3/all_demo_step2_worker_cache_semantic_v1/results/花/花_holistic_results.json,template_root,/data/WYC/signLanguage/work/generated/web_scoring_mvp/web_20260523_020825_2312ad97/holistic/user_花_web_20260523_020825_2312ad97_holistic_results.json,,63.31809108845088,borderline,flower_core_accepted,borderline_review,保持手部靠近摄像头，完整覆盖撮合到张开；全段覆盖 0.78、窗口覆盖 0.69。,0.03395909345739539,0.0662648692803439,0.0662648692803439,full_sequence_with_action_window_diagnostics,False,visible_semantic_core_scale,score_valid,score_valid,核心语义可评分。,True,0.7777777777777778,0.7777777777777778,0.6923076923076923,True,query_not_short_core_capture,short_visible_core,0.0,False,,,,,,,,,,,,,,True,1.0,right_hand_shape,0.0,0.7777777777777778,0.0,1.0,1.0,0.001087498620765749,0.0,0.04349909057739411,0.005884829721362231,0.0,0.0,0.0,0.0,0.0
web_20260523_020843_6ba8acd9,2026-05-23T02:08:48,花,60,60,20.0,/data/WYC/signLanguage/work/generated/scoring_mvp_run3/all_demo_step2_worker_cache_semantic_v1/results/花/花_holistic_results.json,/data/WYC/signLanguage/work/generated/scoring_mvp_run3/all_demo_step2_worker_cache_semantic_v1/results/花/花_holistic_results.json,template_root,/data/WYC/signLanguage/work/generated/web_scoring_mvp/web_20260523_020843_6ba8acd9/holistic/user_花_web_20260523_020843_6ba8acd9_holistic_results.json,,42.25314867077092,low,flower_opening_guard_failed,semantic_mismatch,从撮合状态开始，慢慢张开五指并保持约 0.5 秒；当前张开分数 0.56。,0.03241316979462149,0.10337895722517185,0.10337895722517185,full_sequence_with_action_window_diagnostics,False,default,semantic_mismatch,flower_opening_guard_failed,手部已入画，但未检测到清晰的手指张开/绽放动态。,True,0.8235294117647058,0.7166666666666667,0.8235294117647058,False,query_not_short_core_capture,short_visible_core,0.0,False,,,,,,,,,,,,,,False,0.5564961850643159,right_hand_shape,0.0,0.7166666666666667,0.0,1.0,1.0,0.0017943727242634914,0.0,0.05170964217094175,0.005884829721362231,0.0,0.0,0.0,0.0,0.0
web_20260523_020951_6ff2657c,2026-05-23T02:09:56,跳,60,60,20.0,/data/WYC/signLanguage/work/generated/scoring_mvp_run3/all_demo_step2_worker_cache_semantic_v1/results/跳/跳_holistic_results.json,/data/WYC/signLanguage/work/generated/scoring_mvp_run3/all_demo_step2_worker_cache_semantic_v1/results/跳/跳_holistic_results.json,template_root,/data/WYC/signLanguage/work/generated/web_scoring_mvp/web_20260523_020951_6ff2657c/holistic/user_跳_web_20260523_020951_6ff2657c_holistic_results.json,,7.283056837579631,low,jump_two_hand_presence_low,recapture,左手“地面”和右手“两指小人”需要同时入画；当前左手覆盖 0.27、右手覆盖 0.67。,0.21681206641670905,0.4445641738425614,0.4445641738425614,semantic_action_window,True,short_action_window_with_query_energy_peak,needs_recapture,jump_two_hand_presence_low,左手地面和右手跳跃没有同时稳定入画，建议重采后再评分。,False,0.11764705882352941,0.11764705882352941,0.0,True,insufficient_two_hand_presence,,0.0,False,,,,,0.11764705882352941,,,,,,,,,True,,,0.26666666666666666,0.6666666666666666,0.26666666666666666,1.0,1.0,0.0176513782324524,0.11599477124183004,0.056252062416246466,0.025344181457338487,0.03018701103576999,0.2134578055021934,0.0402629531042955,0.2834326391932428,0.0931262090126734
web_20260523_021006_aef545ce,2026-05-23T02:10:10,跳,60,60,20.0,/data/WYC/signLanguage/work/generated/scoring_mvp_run3/all_demo_step2_worker_cache_semantic_v1/results/跳/跳_holistic_results.json,/data/WYC/signLanguage/work/generated/scoring_mvp_run3/all_demo_step2_worker_cache_semantic_v1/results/跳/跳_holistic_results.json,template_root,/data/WYC/signLanguage/work/generated/web_scoring_mvp/web_20260523_021006_aef545ce/holistic/user_跳_web_20260523_021006_aef545ce_holistic_results.json,,9.028444705845166,low,jump_two_hand_presence_low,semantic_mismatch,保持双手关系清楚：左手稳定作为地面，右手食指/中指完成弹跳；当前左/右覆盖 0.73/0.60。,0.3329664150705042,0.40810640775337137,0.40810640775337137,semantic_action_window,True,short_action_window_with_query_energy_peak,semantic_mismatch,phase_endpoint_order_mismatch,双手关系已入画，但未满足右手在左手基础上弹跳的核心语义。,True,0.9411764705882353,0.9411764705882353,0.0,True,phase_endpoint_order_mismatch,,0.0,False,,,,,0.9411764705882353,,,,,,,,,True,,,0.7333333333333333,0.6,0.6,1.0,1.0,0.0011967036089798248,0.0,0.04800746599061163,0.023390220146860572,0.09751829285246094,0.2483682931470315,0.13650508252977037,0.2770490600000407,0.5661854856813967
web_20260523_021604_9c415199,2026-05-23T02:16:08,跳,60,60,20.0,/data/WYC/signLanguage/work/generated/scoring_mvp_run3/all_demo_step2_worker_cache_semantic_v1/results/跳/跳_holistic_results.json,/data/WYC/signLanguage/work/generated/scoring_mvp_run3/all_demo_step2_worker_cache_semantic_v1/results/跳/跳_holistic_results.json,template_root,/data/WYC/signLanguage/work/generated/web_scoring_mvp/web_20260523_021604_9c415199/holistic/user_跳_web_20260523_021604_9c415199_holistic_results.json,,4.7839703876199815,low,jump_two_hand_presence_low,recapture,左手“地面”和右手“两指小人”需要同时入画；当前左手覆盖 0.13、右手覆盖 0.72。,0.2794909329047356,0.5158880282499858,0.5158880282499858,semantic_action_window,True,short_action_window_with_query_energy_peak,needs_recapture,jump_two_hand_presence_low,左手地面和右手跳跃没有同时稳定入画，建议重采后再评分。,False,0.11764705882352941,0.11764705882352941,0.0,True,insufficient_two_hand_presence,,0.0,False,,,,,0.11764705882352941,,,,,,,,,True,,,0.13333333333333333,0.7166666666666667,0.13333333333333333,1.0,1.0,0.0176513782324524,0.11599477124183004,0.056751291070119385,0.034741202181777724,0.0,0.19822174559328593,0.0,0.26506764449864023,0.0
web_20260523_021622_26666615,2026-05-23T02:16:24,跳,30,54,18.0,/data/WYC/signLanguage/work/generated/scoring_mvp_run3/all_demo_step2_worker_cache_semantic_v1/results/跳/跳_holistic_results.json,/data/WYC/signLanguage/work/generated/scoring_mvp_run3/all_demo_step2_worker_cache_semantic_v1/results/跳/跳_holistic_results.json,template_root,/data/WYC/signLanguage/work/generated/web_scoring_mvp/web_20260523_021622_26666615/holistic/user_跳_web_20260523_021622_26666615_holistic_results.json,,7.831913380804867,low,jump_two_hand_presence_low,semantic_mismatch,保持双手关系清楚：左手稳定作为地面，右手食指/中指完成弹跳；当前左/右覆盖 0.60/0.50。,0.3005133831403335,0.4322340118757013,0.4322340118757013,semantic_action_window,True,short_action_window_with_query_energy_peak,semantic_mismatch,phase_endpoint_order_mismatch,双手关系已入画，但未满足右手在左手基础上弹跳的核心语义。,True,0.875,0.875,0.0,True,phase_endpoint_order_mismatch,,0.0,False,,,,,0.875,,,,,,,,,True,,,0.6,0.5,0.5,1.0,1.0,0.004323091787439612,0.01328888888888888,0.0522932479714366,0.02777882015201767,0.10058708196679592,0.19109923576698365,0.170145708699416,0.2448457331293016,0.541178117894048
web_20260523_022509_a44cb853,2026-05-23T02:25:12,跳,30,54,18.0,/data/WYC/signLanguage/work/generated/scoring_mvp_run3/all_demo_step2_worker_cache_semantic_v1/results/跳/跳_holistic_results.json,/data/WYC/signLanguage/work/generated/scoring_mvp_run3/all_demo_step2_worker_cache_semantic_v1/results/跳/跳_holistic_results.json,template_root,/data/WYC/signLanguage/work/generated/web_scoring_mvp/web_20260523_022509_a44cb853/holistic/user_跳_web_20260523_022509_a44cb853_holistic_results.json,,8.690248136280317,low,jump_low_other,semantic_mismatch,保持双手关系清楚：左手稳定作为地面，右手食指/中指完成弹跳；当前左/右覆盖 0.77/0.67。,0.2737661730991391,0.4145855349518649,0.4145855349518649,semantic_action_window,True,short_action_window_with_query_energy_peak,semantic_mismatch,phase_endpoint_order_mismatch,双手关系已入画，但未满足右手在左手基础上弹跳的核心语义。,True,1.0,0.75,1.0,True,phase_endpoint_order_mismatch,,0.0,False,,,,,0.75,,,,,,,,,True,,,0.7666666666666667,0.6666666666666666,0.6666666666666666,1.0,1.0,0.010553429951690823,0.034399999999999986,0.02239404078376286,0.020304018659992394,0.06998802667080362,0.19050194261414313,0.12516002305595517,0.271820757560943,0.28986334727606095
web_20260523_023452_bd691c4f,2026-05-23T02:34:56,花,53,105,29.44954128440367,/data/WYC/signLanguage/work/generated/scoring_mvp_run3/all_demo_step2_worker_cache_semantic_v1/results/花/花_holistic_results.json,/data/WYC/signLanguage/work/generated/scoring_mvp_run3/all_demo_step2_worker_cache_semantic_v1/results/花/花_holistic_results.json,template_root,/data/WYC/signLanguage/work/generated/web_scoring_mvp/web_20260523_023452_bd691c4f/holistic/user_花_web_20260523_023452_bd691c4f_holistic_results.json,,79.39839837023891,normal_like,flower_core_accepted,normal,开花核心段可评分；继续保持手部完整入画和清晰张开动态。,0.02899202722322958,0.033450338491697165,0.033450338491697165,full_sequence_with_action_window_diagnostics,False,visible_semantic_core_scale,score_valid,score_valid,核心语义可评分。,True,1.0,0.7735849056603774,1.0,True,query_not_short_core_capture,short_visible_core,0.0,False,,,,,,,,,,,,,,True,0.816073654294014,right_hand_shape,0.0,0.7735849056603774,0.0,1.0,1.0,0.0008897715988083416,0.0,0.008537073506558171,0.005884829721362231,0.0,0.0,0.0,0.0,0.0
web_20260523_023716_bb545221,2026-05-23T02:37:17,花,15,30,10.0,/data/WYC/signLanguage/work/generated/scoring_mvp_run3/all_demo_step2_worker_cache_semantic_v1/results/花/花_holistic_results.json,/data/WYC/signLanguage/work/generated/scoring_mvp_run3/all_demo_step2_worker_cache_semantic_v1/results/花/花_holistic_results.json,template_root,/data/WYC/signLanguage/work/generated/web_scoring_mvp/web_20260523_023716_bb545221/holistic/user_花_web_20260523_023716_bb545221_holistic_results.json,,75.53318443817626,normal_like,flower_core_accepted,normal,从撮合状态开始，慢慢张开五指并保持约 0.5 秒；当前张开分数 0.59。,0.036608248191187985,0.04068672411070608,0.04068672411070608,full_sequence_with_action_window_diagnostics,False,visible_semantic_core_scale,score_valid,score_valid,核心语义可评分。,True,1.0,0.6666666666666666,1.0,True,opening_guard_too_weak,short_visible_core,0.0,False,,,,,,,,,,,,,,True,0.5927757751941681,right_hand_shape,0.0,0.6666666666666666,0.0,1.0,1.0,0.004152267461105599,0.0,0.036111668408146266,0.005884829721362231,0.0,0.0,0.0,0.0,0.0
web_20260523_023729_fe2e847d,2026-05-23T02:37:30,花,15,30,10.0,/data/WYC/signLanguage/work/generated/scoring_mvp_run3/all_demo_step2_worker_cache_semantic_v1/results/花/花_holistic_results.json,/data/WYC/signLanguage/work/generated/scoring_mvp_run3/all_demo_step2_worker_cache_semantic_v1/results/花/花_holistic_results.json,template_root,/data/WYC/signLanguage/work/generated/web_scoring_mvp/web_20260523_023729_fe2e847d/holistic/user_花_web_20260523_023729_fe2e847d_holistic_results.json,,78.09925693366887,normal_like,flower_core_accepted,normal,开花核心段可评分；继续保持手部完整入画和清晰张开动态。,0.03306179338375074,0.035842498304792074,0.035842498304792074,full_sequence_with_action_window_diagnostics,False,visible_semantic_core_scale,score_valid,score_valid,核心语义可评分。,True,1.0,0.8,1.0,True,action_window_coverage_low,short_visible_core,0.0,False,,,,,,,,,,,,,,True,0.6797603499889374,right_hand_shape,0.0,0.8,0.0,1.0,1.0,0.00213545183714002,0.0,0.030918645151685447,0.005884829721362231,0.0,0.0,0.0,0.0,0.0
web_20260523_023751_844be9b0,2026-05-23T02:37:53,花,15,30,10.0,/data/WYC/signLanguage/work/generated/scoring_mvp_run3/all_demo_step2_worker_cache_semantic_v1/results/花/花_holistic_results.json,/data/WYC/signLanguage/work/generated/scoring_mvp_run3/all_demo_step2_worker_cache_semantic_v1/results/花/花_holistic_results.json,template_root,/data/WYC/signLanguage/work/generated/web_scoring_mvp/web_20260523_023751_844be9b0/holistic/user_花_web_20260523_023751_844be9b0_holistic_results.json,,78.30805692480041,normal_like,flower_core_accepted,normal,开花核心段可评分；继续保持手部完整入画和清晰张开动态。,0.03273400609866125,0.03545535507021096,0.03545535507021096,full_sequence_with_action_window_diagnostics,False,visible_semantic_core_scale,score_valid,score_valid,核心语义可评分。,True,1.0,0.8666666666666667,1.0,True,action_window_coverage_low,short_visible_core,0.0,False,,,,,,,,,,,,,,True,0.7885371279716492,right_hand_shape,0.0,0.8666666666666667,0.0,1.0,1.0,0.005279311486262827,0.0,0.02744503022760917,0.005884829721362231,0.0,0.0,0.0,0.0,0.0
web_20260523_023814_169a471d,2026-05-23T02:38:17,花,30,54,18.0,/data/WYC/signLanguage/work/generated/scoring_mvp_run3/all_demo_step2_worker_cache_semantic_v1/results/花/花_holistic_results.json,/data/WYC/signLanguage/work/generated/scoring_mvp_run3/all_demo_step2_worker_cache_semantic_v1/results/花/花_holistic_results.json,template_root,/data/WYC/signLanguage/work/generated/web_scoring_mvp/web_20260523_023814_169a471d/holistic/user_花_web_20260523_023814_169a471d_holistic_results.json,,77.05564745831941,normal_like,flower_core_accepted,normal,从撮合状态开始，慢慢张开五指并保持约 0.5 秒；当前张开分数 0.44。,0.0348391223445133,0.03779313797879898,0.03779313797879898,full_sequence_with_action_window_diagnostics,False,visible_semantic_core_scale,score_valid,score_valid,核心语义可评分。,True,0.875,0.8666666666666667,0.875,True,query_not_short_core_capture,short_visible_core,0.0,False,,,,,,,,,,,,,,True,0.44249507188797,right_hand_shape,0.0,0.8666666666666667,0.0,1.0,1.0,0.005279311486262827,0.0,0.0253168701913913,0.005884829721362231,0.0,0.0,0.0,0.0,0.0
web_20260523_023830_033d7664,2026-05-23T02:38:33,花,30,54,18.0,/data/WYC/signLanguage/work/generated/scoring_mvp_run3/all_demo_step2_worker_cache_semantic_v1/results/花/花_holistic_results.json,/data/WYC/signLanguage/work/generated/scoring_mvp_run3/all_demo_step2_worker_cache_semantic_v1/results/花/花_holistic_results.json,template_root,/data/WYC/signLanguage/work/generated/web_scoring_mvp/web_20260523_023830_033d7664/holistic/user_花_web_20260523_023830_033d7664_holistic_results.json,,78.8270187377436,normal_like,flower_core_accepted,normal,开花核心段可评分；继续保持手部完整入画和清晰张开动态。,0.03167090723238341,0.03449758372405747,0.03449758372405747,full_sequence_with_action_window_diagnostics,False,visible_semantic_core_scale,score_valid,score_valid,核心语义可评分。,True,0.875,0.8,0.875,True,query_not_short_core_capture,short_visible_core,0.0,False,,,,,,,,,,,,,,True,1.0,right_hand_shape,0.0,0.8,0.0,1.0,1.0,0.00213545183714002,0.0,0.039396930666944156,0.005884829721362231,0.0,0.0,0.0,0.0,0.0
web_20260523_024000_dd35e1bb,2026-05-23T02:40:02,跳,30,54,18.0,/data/WYC/signLanguage/work/generated/scoring_mvp_run3/all_demo_step2_worker_cache_semantic_v1/results/跳/跳_holistic_results.json,/data/WYC/signLanguage/work/generated/scoring_mvp_run3/all_demo_step2_worker_cache_semantic_v1/results/跳/跳_holistic_results.json,template_root,/data/WYC/signLanguage/work/generated/web_scoring_mvp/web_20260523_024000_dd35e1bb/holistic/user_跳_web_20260523_024000_dd35e1bb_holistic_results.json,,4.122984148559758,low,jump_low_other,semantic_mismatch,保持双手关系清楚：左手稳定作为地面，右手食指/中指完成弹跳；当前左/右覆盖 0.90/0.70。,0.3346600076638852,0.5411221719397376,0.5411221719397376,semantic_action_window,True,short_action_window_with_query_energy_peak,semantic_mismatch,phase_endpoint_order_mismatch,双手关系已入画，但未满足右手在左手基础上弹跳的核心语义。,True,0.75,0.75,0.0,True,phase_endpoint_order_mismatch,,0.0,False,,,,,0.75,,,,,,,,,True,,,0.9,0.7,0.7,1.0,1.0,0.010553429951690823,0.034399999999999986,0.09405148347586445,0.031410405373677515,0.0837464196772602,0.18691143207343067,0.1371280582539825,0.2393188944365147,0.45746823483502885
web_20260523_024025_9c6cf572,2026-05-23T02:40:28,跳,30,54,18.0,/data/WYC/signLanguage/work/generated/scoring_mvp_run3/all_demo_step2_worker_cache_semantic_v1/results/跳/跳_holistic_results.json,/data/WYC/signLanguage/work/generated/scoring_mvp_run3/all_demo_step2_worker_cache_semantic_v1/results/跳/跳_holistic_results.json,template_root,/data/WYC/signLanguage/work/generated/web_scoring_mvp/web_20260523_024025_9c6cf572/holistic/user_跳_web_20260523_024025_9c6cf572_holistic_results.json,,3.769062346165826,low,jump_two_hand_presence_low,recapture,左手“地面”和右手“两指小人”需要同时入画；当前左手覆盖 0.30、右手覆盖 0.60。,0.2770320327843779,0.5563534137528376,0.5563534137528376,semantic_action_window,True,short_action_window_with_query_energy_peak,needs_recapture,jump_two_hand_presence_low,左手地面和右手跳跃没有同时稳定入画，建议重采后再评分。,False,0.5,0.5,0.0,True,insufficient_two_hand_presence,,0.0,False,,,,,0.5,,,,,,,,,True,,,0.3,0.6,0.3,1.0,1.0,0.00890048309178744,0.058488888888888875,0.057639689598561965,0.028295914693090108,0.08711477730513467,0.19705130502438026,0.12308202826999239,0.27104326613584745,0.3530708972580753
web_20260523_024037_ff5b3fb5,2026-05-23T02:40:39,跳,30,54,18.0,/data/WYC/signLanguage/work/generated/scoring_mvp_run3/all_demo_step2_worker_cache_semantic_v1/results/跳/跳_holistic_results.json,/data/WYC/signLanguage/work/generated/scoring_mvp_run3/all_demo_step2_worker_cache_semantic_v1/results/跳/跳_holistic_results.json,template_root,/data/WYC/signLanguage/work/generated/web_scoring_mvp/web_20260523_024037_ff5b3fb5/holistic/user_跳_web_20260523_024037_ff5b3fb5_holistic_results.json,,6.226831427977597,low,jump_two_hand_presence_low,recapture,左手“地面”和右手“两指小人”需要同时入画；当前左手覆盖 0.50、右手覆盖 0.83。,0.29188021697759464,0.471154171699649,0.471154171699649,semantic_action_window,True,short_action_window_with_query_energy_peak,needs_recapture,jump_two_hand_presence_low,左手地面和右手跳跃没有同时稳定入画，建议重采后再评分。,False,0.5,0.5,0.0,True,insufficient_two_hand_presence,,0.0,False,,,,,0.5,,,,,,,,,True,,,0.5,0.8333333333333334,0.5,1.0,1.0,0.00890048309178744,0.058488888888888875,0.04404136843505351,0.02475098130596057,0.08696867691946779,0.21367967042332983,0.09224758605999825,0.2729481568814396,0.2653972357550851
web_20260523_030621_977512c9,2026-05-23T03:06:25,花,53,105,29.44954128440367,/data/WYC/signLanguage/work/generated/scoring_mvp_run3/all_demo_step2_worker_cache_semantic_v1/results/花/花_holistic_results.json,/data/WYC/signLanguage/work/generated/scoring_mvp_run3/all_demo_step2_worker_cache_semantic_v1/results/花/花_holistic_results.json,template_root,/data/WYC/signLanguage/work/generated/web_scoring_mvp/web_20260523_030621_977512c9/holistic/user_花_web_20260523_030621_977512c9_holistic_results.json,,79.39839837023891,normal_like,flower_core_accepted,normal,开花核心段可评分；继续保持手部完整入画和清晰张开动态。,0.02899202722322958,0.033450338491697165,0.033450338491697165,full_sequence_with_action_window_diagnostics,False,visible_semantic_core_scale,score_valid,score_valid,核心语义可评分。,True,1.0,0.7735849056603774,1.0,True,query_not_short_core_capture,short_visible_core,0.0,False,,,,,,,,,,,,,,True,0.816073654294014,right_hand_shape,0.0,0.7735849056603774,0.0,1.0,1.0,0.0008897715988083416,0.0,0.008537073506558171,0.005884829721362231,0.0,0.0,0.0,0.0,0.0
web_20260523_030625_c3f72e11,2026-05-23T03:06:26,跳,19,37,14.682539682539682,/data/WYC/signLanguage/work/generated/scoring_mvp_run3/all_demo_step2_worker_cache_semantic_v1/results/跳/跳_holistic_results.json,/data/WYC/signLanguage/work/generated/scoring_mvp_run3/all_demo_step2_worker_cache_semantic_v1/results/跳/跳_holistic_results.json,template_root,/data/WYC/signLanguage/work/generated/web_scoring_mvp/web_20260523_030625_c3f72e11/holistic/user_跳_web_20260523_030625_c3f72e11_holistic_results.json,,84.96471093977739,normal_like,jump_core_accepted,normal,双手弹跳核心语义可评分；继续保持两只手同时稳定入画。,0.047280118537600724,0.055043579513593774,0.038495538025433526,semantic_action_window,True,jump_relation_semantic_floor,score_valid,score_valid,核心语义可评分。,True,1.0,1.0,1.0,True,used,action_window_net,84.96471093977739,True,0.9994498509339091,1.0,1.0085224911160175,0.6482222923879405,1.0,6,22,,,,,,,True,,,0.8947368421052632,0.8947368421052632,0.8947368421052632,1.0,1.0,0.002542995169082127,0.0,0.0029444120094800994,0.003036631104924646,0.013050415656164898,0.010869041562637845,0.07971353502642227,0.03963831015681503,0.00812232344446573
web_20260523_031125_9cc568f2,2026-05-23T03:11:28,花,53,105,29.44954128440367,/data/WYC/signLanguage/work/generated/scoring_mvp_run3/all_demo_step2_worker_cache_semantic_v1/results/花/花_holistic_results.json,/data/WYC/signLanguage/work/generated/scoring_mvp_run3/all_demo_step2_worker_cache_semantic_v1/results/花/花_holistic_results.json,template_root,/data/WYC/signLanguage/work/generated/web_scoring_mvp/web_20260523_031125_9cc568f2/holistic/user_花_web_20260523_031125_9cc568f2_holistic_results.json,,79.2397950568015,normal_like,flower_core_accepted,normal,开花核心段可评分；继续保持手部完整入画和清晰张开动态。,0.029482937069314468,0.03374027482561618,0.03374027482561618,full_sequence_with_action_window_diagnostics,False,visible_semantic_core_scale,score_valid,score_valid,核心语义可评分。,True,1.0,0.7924528301886793,1.0,True,query_not_short_core_capture,short_visible_core,0.0,False,,,,,,,,,,,,,,True,0.8892769348621369,right_hand_shape,0.0,0.7924528301886793,0.0,1.0,1.0,0.0017795431976166832,0.0,0.013401847665030988,0.005884829721362231,0.0,0.0,0.0,0.0,0.0
web_20260523_031129_bd3988e8,2026-05-23T03:11:30,跳,19,37,14.682539682539682,/data/WYC/signLanguage/work/generated/scoring_mvp_run3/all_demo_step2_worker_cache_semantic_v1/results/跳/跳_holistic_results.json,/data/WYC/signLanguage/work/generated/scoring_mvp_run3/all_demo_step2_worker_cache_semantic_v1/results/跳/跳_holistic_results.json,template_root,/data/WYC/signLanguage/work/generated/web_scoring_mvp/web_20260523_031129_bd3988e8/holistic/user_跳_web_20260523_031129_bd3988e8_holistic_results.json,,84.97386773835608,normal_like,jump_core_accepted,normal,双手弹跳核心语义可评分；继续保持两只手同时稳定入画。,0.04870685196651341,0.057656330301181155,0.040608932112901466,semantic_action_window,True,jump_relation_semantic_floor,score_valid,score_valid,核心语义可评分。,True,1.0,1.0,1.0,True,used,action_window_net,84.97386773835608,True,0.9997262652221789,1.0,1.008410660853481,0.6691438404871951,1.0,6,22,,,,,,,True,,,0.8947368421052632,0.8947368421052632,0.8947368421052632,1.0,1.0,0.002542995169082127,0.0,0.0017909634296471876,0.0027588801996548647,0.011288830204728295,0.010089209649714317,0.08586628769792938,0.04079521596680252,0.011835508064836592
web_20260523_031134_8688f93f,2026-05-23T03:11:36,跳,30,54,18.0,/data/WYC/signLanguage/work/generated/scoring_mvp_run3/all_demo_step2_worker_cache_semantic_v1/results/跳/跳_holistic_results.json,/data/WYC/signLanguage/work/generated/scoring_mvp_run3/all_demo_step2_worker_cache_semantic_v1/results/跳/跳_holistic_results.json,template_root,/data/WYC/signLanguage/work/generated/web_scoring_mvp/web_20260523_031134_8688f93f/holistic/user_跳_web_20260523_031134_8688f93f_holistic_results.json,,7.38954832035755,low,jump_two_hand_presence_low,semantic_mismatch,保持双手关系清楚：左手稳定作为地面，右手食指/中指完成弹跳；当前左/右覆盖 0.70/0.60。,0.29589639787091027,0.4421007365663946,0.4421007365663946,semantic_action_window,True,short_action_window_with_query_energy_peak,semantic_mismatch,phase_endpoint_order_mismatch,双手关系已入画，但未满足右手在左手基础上弹跳的核心语义。,True,0.7272727272727273,0.7272727272727273,0.3333333333333333,True,phase_endpoint_order_mismatch,,0.0,False,,,,,0.7272727272727273,,,,,,,,,True,,,0.7,0.6,0.6,1.0,1.0,0.0036989020641194537,0.024307070707070694,0.04174968206664311,0.031343518746747887,0.07954004133682574,0.19533253464630132,0.14394598934635372,0.27089720824427427,0.36054181181248796
web_20260523_031147_55d51ab9,2026-05-23T03:11:49,跳,30,54,18.0,/data/WYC/signLanguage/work/generated/scoring_mvp_run3/all_demo_step2_worker_cache_semantic_v1/results/跳/跳_holistic_results.json,/data/WYC/signLanguage/work/generated/scoring_mvp_run3/all_demo_step2_worker_cache_semantic_v1/results/跳/跳_holistic_results.json,template_root,/data/WYC/signLanguage/work/generated/web_scoring_mvp/web_20260523_031147_55d51ab9/holistic/user_跳_web_20260523_031147_55d51ab9_holistic_results.json,,0.8328617528044224,low,jump_two_hand_presence_low,recapture,左手“地面”和右手“两指小人”需要同时入画；当前左手覆盖 0.50、右手覆盖 0.60。,0.3878581139702369,0.8125603533139072,0.8125603533139072,semantic_action_window,True,short_action_window_with_query_energy_peak,needs_recapture,jump_two_hand_presence_low,左手地面和右手跳跃没有同时稳定入画，建议重采后再评分。,False,0.25,0.25,0.0,True,insufficient_two_hand_presence,,0.0,False,,,,,0.25,,,,,,,,,True,,,0.5,0.6,0.5,1.0,1.0,0.026637874396135266,0.12968888888888888,0.0877802615466231,0.035783405002480326,0.031749897430164334,0.145475165440738,0.06895623250138974,0.16427328734896704,0.26776950345925105
web_20260523_031219_0da0bd96,2026-05-23T03:12:20,跳,15,30,10.0,/data/WYC/signLanguage/work/generated/scoring_mvp_run3/all_demo_step2_worker_cache_semantic_v1/results/跳/跳_holistic_results.json,/data/WYC/signLanguage/work/generated/scoring_mvp_run3/all_demo_step2_worker_cache_semantic_v1/results/跳/跳_holistic_results.json,template_root,/data/WYC/signLanguage/work/generated/web_scoring_mvp/web_20260523_031219_0da0bd96/holistic/user_跳_web_20260523_031219_0da0bd96_holistic_results.json,,6.131511302145911,low,jump_low_other,semantic_mismatch,保持双手关系清楚：左手稳定作为地面，右手食指/中指完成弹跳；当前左/右覆盖 0.73/0.67。,0.27834893128381044,0.47377210889587096,0.47377210889587096,semantic_action_window,True,short_action_window_with_query_energy_peak,semantic_mismatch,phase_endpoint_order_mismatch,双手关系已入画，但未满足右手在左手基础上弹跳的核心语义。,True,0.6666666666666666,0.6666666666666666,0.0,True,phase_endpoint_order_mismatch,,0.0,False,,,,,0.6666666666666666,,,,,,,,,True,,,0.7333333333333333,0.6666666666666666,0.6666666666666666,1.0,1.0,0.005085990338164251,0.03342222222222223,0.06354385000797229,0.02274800569219539,0.09868252377840382,0.20423245971893492,0.13773932216718265,0.26181191008339,0.4331513025233047
web_20260523_031235_d0de0d44,2026-05-23T03:12:36,跳,15,30,10.0,/data/WYC/signLanguage/work/generated/scoring_mvp_run3/all_demo_step2_worker_cache_semantic_v1/results/跳/跳_holistic_results.json,/data/WYC/signLanguage/work/generated/scoring_mvp_run3/all_demo_step2_worker_cache_semantic_v1/results/跳/跳_holistic_results.json,template_root,/data/WYC/signLanguage/work/generated/web_scoring_mvp/web_20260523_031235_d0de0d44/holistic/user_跳_web_20260523_031235_d0de0d44_holistic_results.json,,15.226162534087994,low,jump_two_hand_presence_low,semantic_mismatch,保持双手关系清楚：左手稳定作为地面，右手食指/中指完成弹跳；当前左/右覆盖 0.53/0.60。,0.23692616179518888,0.3194122984192183,0.3194122984192183,semantic_action_window,True,short_action_window_with_query_energy_peak,semantic_mismatch,phase_endpoint_order_mismatch,双手关系已入画，但未满足右手在左手基础上弹跳的核心语义。,True,1.0,1.0,1.0,True,phase_endpoint_order_mismatch,,0.0,False,,,,,1.0,,,,,,,,,True,,,0.5333333333333333,0.6,0.5333333333333333,1.0,1.0,0.002542995169082127,0.0,0.028619785232744124,0.022484563546439126,0.11165043690261818,0.17413104012783473,0.1680579966805166,0.26859856483119343,0.3028764770200255
web_20260523_031247_f927176a,2026-05-23T03:12:48,跳,15,30,10.0,/data/WYC/signLanguage/work/generated/scoring_mvp_run3/all_demo_step2_worker_cache_semantic_v1/results/跳/跳_holistic_results.json,/data/WYC/signLanguage/work/generated/scoring_mvp_run3/all_demo_step2_worker_cache_semantic_v1/results/跳/跳_holistic_results.json,template_root,/data/WYC/signLanguage/work/generated/web_scoring_mvp/web_20260523_031247_f927176a/holistic/user_跳_web_20260523_031247_f927176a_holistic_results.json,,10.542593022256467,low,jump_two_hand_presence_low,semantic_mismatch,保持双手关系清楚：左手稳定作为地面，右手食指/中指完成弹跳；当前左/右覆盖 0.93/0.53。,0.24633801715392326,0.3817946679111411,0.3817946679111411,semantic_action_window,True,short_action_window_with_query_energy_peak,semantic_mismatch,phase_endpoint_order_mismatch,双手关系已入画，但未满足右手在左手基础上弹跳的核心语义。,True,1.0,1.0,1.0,True,phase_endpoint_order_mismatch,,0.0,False,,,,,1.0,,,,,,,,,True,,,0.9333333333333333,0.5333333333333333,0.5333333333333333,1.0,1.0,0.002542995169082127,0.0,0.03193178561827821,0.023901730073723367,0.10927168514627955,0.2012144060831983,0.13127832360161495,0.2718114473412011,0.3422060691426258
web_20260523_031304_c5ddfa0c,2026-05-23T03:13:05,花,15,30,10.0,/data/WYC/signLanguage/work/generated/scoring_mvp_run3/all_demo_step2_worker_cache_semantic_v1/results/花/花_holistic_results.json,/data/WYC/signLanguage/work/generated/scoring_mvp_run3/all_demo_step2_worker_cache_semantic_v1/results/花/花_holistic_results.json,template_root,/data/WYC/signLanguage/work/generated/web_scoring_mvp/web_20260523_031304_c5ddfa0c/holistic/user_花_web_20260523_031304_c5ddfa0c_holistic_results.json,,78.40091878671288,normal_like,flower_core_accepted,normal,开花核心段可评分；继续保持手部完整入画和清晰张开动态。,0.03293777774260642,0.03528350822490771,0.03528350822490771,full_sequence_with_action_window_diagnostics,False,visible_semantic_core_scale,score_valid,score_valid,核心语义可评分。,True,1.0,0.6,1.0,True,used,short_visible_core,78.17871711735899,True,,,,,,8,19,0.6713058682679639,,,,,,True,1.0,right_hand_shape,0.0,0.6,0.0,1.0,1.0,0.007296127110228407,0.0,0.02294283561022618,0.005884829721362231,0.0,0.0,0.0,0.0,0.0
web_20260523_031317_966d9c05,2026-05-23T03:13:20,花,30,54,18.0,/data/WYC/signLanguage/work/generated/scoring_mvp_run3/all_demo_step2_worker_cache_semantic_v1/results/花/花_holistic_results.json,/data/WYC/signLanguage/work/generated/scoring_mvp_run3/all_demo_step2_worker_cache_semantic_v1/results/花/花_holistic_results.json,template_root,/data/WYC/signLanguage/work/generated/web_scoring_mvp/web_20260523_031317_966d9c05/holistic/user_花_web_20260523_031317_966d9c05_holistic_results.json,,79.24021806825945,normal_like,flower_core_accepted,normal,开花核心段可评分；继续保持手部完整入画和清晰张开动态。,0.030226870929727784,0.03373950076382513,0.03373950076382513,full_sequence_with_action_window_diagnostics,False,visible_semantic_core_scale,score_valid,score_valid,核心语义可评分。,True,0.9,0.6333333333333333,0.9,True,query_not_short_core_capture,short_visible_core,0.0,False,,,,,,,,,,,,,,True,1.0,right_hand_shape,0.0,0.6333333333333333,0.0,1.0,1.0,0.005724197285667003,0.0,0.027853943154470574,0.005884829721362231,0.0,0.0,0.0,0.0,0.0
web_20260523_031333_6c5f7460,2026-05-23T03:13:35,花,30,54,18.0,/data/WYC/signLanguage/work/generated/scoring_mvp_run3/all_demo_step2_worker_cache_semantic_v1/results/花/花_holistic_results.json,/data/WYC/signLanguage/work/generated/scoring_mvp_run3/all_demo_step2_worker_cache_semantic_v1/results/花/花_holistic_results.json,template_root,/data/WYC/signLanguage/work/generated/web_scoring_mvp/web_20260523_031333_6c5f7460/holistic/user_花_web_20260523_031333_6c5f7460_holistic_results.json,,77.23927680674187,normal_like,flower_core_accepted,normal,开花核心段可评分；继续保持手部完整入画和清晰张开动态。,0.03459738763915712,0.03744800325425647,0.03744800325425647,full_sequence_with_action_window_diagnostics,False,visible_semantic_core_scale,score_valid,score_valid,核心语义可评分。,True,0.875,0.8333333333333334,0.875,True,query_not_short_core_capture,short_visible_core,0.0,False,,,,,,,,,,,,,,True,0.7603316736221314,right_hand_shape,0.0,0.8333333333333334,0.0,1.0,1.0,0.0037073816617014233,0.0,0.027275822229167586,0.005884829721362231,0.0,0.0,0.0,0.0,0.0
web_20260523_031345_3b07a113,2026-05-23T03:13:47,花,30,54,18.0,/data/WYC/signLanguage/work/generated/scoring_mvp_run3/all_demo_step2_worker_cache_semantic_v1/results/花/花_holistic_results.json,/data/WYC/signLanguage/work/generated/scoring_mvp_run3/all_demo_step2_worker_cache_semantic_v1/results/花/花_holistic_results.json,template_root,/data/WYC/signLanguage/work/generated/web_scoring_mvp/web_20260523_031345_3b07a113/holistic/user_花_web_20260523_031345_3b07a113_holistic_results.json,,54.42538927680064,low,flower_opening_guard_failed,semantic_mismatch,从撮合状态开始，慢慢张开五指并保持约 0.5 秒；当前张开分数 0.09。,0.031007023471145694,0.07300073116278355,0.07300073116278355,full_sequence_with_action_window_diagnostics,False,default,semantic_mismatch,flower_opening_guard_failed,手部已入画，但未检测到清晰的手指张开/绽放动态。,True,0.7666666666666667,0.7666666666666667,0.75,False,query_not_short_core_capture,short_visible_core,0.0,False,,,,,,,,,,,,,,False,0.08636298179626464,right_hand_shape,0.0,0.7666666666666667,0.0,1.0,1.0,0.0005635220125786164,0.0,0.024004446505449525,0.005884829721362231,0.0,0.0,0.0,0.0,0.0
web_20260523_032325_7e7b2476,2026-05-23T03:23:27,花,30,54,18.0,/data/WYC/signLanguage/work/generated/scoring_mvp_run3/all_demo_step2_worker_cache_semantic_v1/results/花/花_holistic_results.json,/data/WYC/signLanguage/work/generated/scoring_mvp_run3/all_demo_step2_worker_cache_semantic_v1/results/花/花_holistic_results.json,template_root,/data/WYC/signLanguage/work/generated/web_scoring_mvp/web_20260523_032325_7e7b2476/holistic/user_花_web_20260523_032325_7e7b2476_holistic_results.json,,79.18631608843909,normal_like,flower_core_accepted,normal,开花核心段可评分；继续保持手部完整入画和清晰张开动态。,0.02865170443619024,0.0338381684196839,0.0338381684196839,full_sequence_with_action_window_diagnostics,False,visible_semantic_core_scale,score_valid,score_valid,核心语义可评分。,True,1.0,0.5,1.0,True,query_not_short_core_capture,short_visible_core,0.0,False,,,,,,,,,,,,,,True,1.0,right_hand_shape,0.0,0.5,0.0,1.0,1.0,0.012011916583912617,0.0,0.022952708096286422,0.005545320314360563,0.0,0.0,0.0,0.0,0.0
web_20260523_032344_77c9db0c,2026-05-23T03:23:49,花,60,60,20.0,/data/WYC/signLanguage/work/generated/scoring_mvp_run3/all_demo_step2_worker_cache_semantic_v1/results/花/花_holistic_results.json,/data/WYC/signLanguage/work/generated/scoring_mvp_run3/all_demo_step2_worker_cache_semantic_v1/results/花/花_holistic_results.json,template_root,/data/WYC/signLanguage/work/generated/web_scoring_mvp/web_20260523_032344_77c9db0c/holistic/user_花_web_20260523_032344_77c9db0c_holistic_results.json,,66.46484471770337,borderline,flower_core_accepted,borderline_review,保持手部靠近摄像头，完整覆盖撮合到张开；全段覆盖 0.77、窗口覆盖 0.76。,0.031358949092213685,0.059232069201087936,0.059232069201087936,full_sequence_with_action_window_diagnostics,False,visible_semantic_core_scale,score_valid,score_valid,核心语义可评分。,True,0.7666666666666667,0.7666666666666667,0.7647058823529411,True,query_not_short_core_capture,short_visible_core,0.0,False,,,,,,,,,,,,,,True,1.0,right_hand_shape,0.0,0.7666666666666667,0.0,1.0,1.0,0.0005635220125786164,0.0,0.026913039656250904,0.005884829721362231,0.0,0.0,0.0,0.0,0.0
web_20260523_041345_488a62c3,2026-05-23T04:13:49,花,53,105,29.44954128440367,/data/WYC/signLanguage/work/generated/scoring_mvp_run3/all_demo_step2_worker_cache_semantic_v1/results/花/花_holistic_results.json,/data/WYC/signLanguage/work/generated/scoring_mvp_run3/all_demo_step2_worker_cache_semantic_v1/results/花/花_holistic_results.json,template_root,/data/WYC/signLanguage/work/generated/web_scoring_mvp/web_20260523_041345_488a62c3/holistic/user_花_web_20260523_041345_488a62c3_holistic_results.json,,79.2397950568015,normal_like,flower_core_accepted,normal,开花核心段可评分；继续保持手部完整入画和清晰张开动态。,0.029482937069314468,0.03374027482561618,0.03374027482561618,full_sequence_with_action_window_diagnostics,False,visible_semantic_core_scale,score_valid,score_valid,核心语义可评分。,True,1.0,0.7924528301886793,1.0,True,query_not_short_core_capture,short_visible_core,0.0,False,,,,,,,,,,,,,,True,0.8892769348621369,right_hand_shape,0.0,0.7924528301886793,0.0,1.0,1.0,0.0017795431976166832,0.0,0.013401847665030988,0.005884829721362231,0.0,0.0,0.0,0.0,0.0
web_20260523_041350_ad02e9e5,2026-05-23T04:13:51,跳,19,37,14.682539682539682,/data/WYC/signLanguage/work/generated/scoring_mvp_run3/all_demo_step2_worker_cache_semantic_v1/results/跳/跳_holistic_results.json,/data/WYC/signLanguage/work/generated/scoring_mvp_run3/all_demo_step2_worker_cache_semantic_v1/results/跳/跳_holistic_results.json,template_root,/data/WYC/signLanguage/work/generated/web_scoring_mvp/web_20260523_041350_ad02e9e5/holistic/user_跳_web_20260523_041350_ad02e9e5_holistic_results.json,,84.97386773835608,normal_like,jump_core_accepted,normal,双手弹跳核心语义可评分；继续保持两只手同时稳定入画。,0.04870685196651341,0.057656330301181155,0.040608932112901466,semantic_action_window,True,jump_relation_semantic_floor,score_valid,score_valid,核心语义可评分。,True,1.0,1.0,1.0,True,used,action_window_net,84.97386773835608,True,0.9997262652221789,1.0,1.008410660853481,0.6691438404871951,1.0,6,22,,,,,,,True,,,0.8947368421052632,0.8947368421052632,0.8947368421052632,1.0,1.0,0.002542995169082127,0.0,0.0017909634296471876,0.0027588801996548647,0.011288830204728295,0.010089209649714317,0.08586628769792938,0.04079521596680252,0.011835508064836592
web_20260523_041443_0292d680,2026-05-23T04:14:47,花,53,105,29.44954128440367,/data/WYC/signLanguage/work/generated/scoring_mvp_run3/all_demo_step2_worker_cache_semantic_v1/results/花/花_holistic_results.json,/data/WYC/signLanguage/work/generated/scoring_mvp_run3/all_demo_step2_worker_cache_semantic_v1/results/花/花_holistic_results.json,template_root,/data/WYC/signLanguage/work/generated/web_scoring_mvp/web_20260523_041443_0292d680/holistic/user_花_web_20260523_041443_0292d680_holistic_results.json,,79.2397950568015,normal_like,flower_core_accepted,normal,开花核心段可评分；继续保持手部完整入画和清晰张开动态。,0.029482937069314468,0.03374027482561618,0.03374027482561618,full_sequence_with_action_window_diagnostics,False,visible_semantic_core_scale,score_valid,score_valid,核心语义可评分。,True,1.0,0.7924528301886793,1.0,True,query_not_short_core_capture,short_visible_core,0.0,False,,,,,,,,,,,,,,True,0.8892769348621369,right_hand_shape,0.0,0.7924528301886793,0.0,1.0,1.0,0.0017795431976166832,0.0,0.013401847665030988,0.005884829721362231,0.0,0.0,0.0,0.0,0.0
web_20260523_041447_f7341789,2026-05-23T04:14:48,跳,19,37,14.682539682539682,/data/WYC/signLanguage/work/generated/scoring_mvp_run3/all_demo_step2_worker_cache_semantic_v1/results/跳/跳_holistic_results.json,/data/WYC/signLanguage/work/generated/scoring_mvp_run3/all_demo_step2_worker_cache_semantic_v1/results/跳/跳_holistic_results.json,template_root,/data/WYC/signLanguage/work/generated/web_scoring_mvp/web_20260523_041447_f7341789/holistic/user_跳_web_20260523_041447_f7341789_holistic_results.json,,84.97386773835608,normal_like,jump_core_accepted,normal,双手弹跳核心语义可评分；继续保持两只手同时稳定入画。,0.04870685196651341,0.057656330301181155,0.040608932112901466,semantic_action_window,True,jump_relation_semantic_floor,score_valid,score_valid,核心语义可评分。,True,1.0,1.0,1.0,True,used,action_window_net,84.97386773835608,True,0.9997262652221789,1.0,1.008410660853481,0.6691438404871951,1.0,6,22,,,,,,,True,,,0.8947368421052632,0.8947368421052632,0.8947368421052632,1.0,1.0,0.002542995169082127,0.0,0.0017909634296471876,0.0027588801996548647,0.011288830204728295,0.010089209649714317,0.08586628769792938,0.04079521596680252,0.011835508064836592
web_20260523_041618_e930772c,2026-05-23T04:16:24,花,60,60,20.0,/data/WYC/signLanguage/work/generated/scoring_mvp_run3/all_demo_step2_worker_cache_semantic_v1/results/花/花_holistic_results.json,/data/WYC/signLanguage/work/generated/scoring_mvp_run3/all_demo_step2_worker_cache_semantic_v1/results/花/花_holistic_results.json,template_root,/data/WYC/signLanguage/work/generated/web_scoring_mvp/web_20260523_041618_e930772c/holistic/user_花_web_20260523_041618_e930772c_holistic_results.json,,64.60970588941437,borderline,flower_core_accepted,borderline_review,保持手部靠近摄像头，完整覆盖撮合到张开；全段覆盖 0.75、窗口覆盖 0.88。,0.030354255680631898,0.06333680337527868,0.06333680337527868,full_sequence_with_action_window_diagnostics,False,visible_semantic_core_scale,score_valid,score_valid,核心语义可评分。,True,0.8823529411764706,0.75,0.8823529411764706,True,query_not_short_core_capture,short_visible_core,0.0,False,,,,,,,,,,,,,,True,1.0,right_hand_shape,0.016666666666666666,0.75,0.016666666666666666,1.0,1.0,0.00040737582023872375,0.0,0.03687605047263037,0.005884829721362231,0.0,0.0,0.0,0.0,0.0
web_20260523_041635_7421d5c0,2026-05-23T04:16:38,花,30,54,18.0,/data/WYC/signLanguage/work/generated/scoring_mvp_run3/all_demo_step2_worker_cache_semantic_v1/results/花/花_holistic_results.json,/data/WYC/signLanguage/work/generated/scoring_mvp_run3/all_demo_step2_worker_cache_semantic_v1/results/花/花_holistic_results.json,template_root,/data/WYC/signLanguage/work/generated/web_scoring_mvp/web_20260523_041635_7421d5c0/holistic/user_花_web_20260523_041635_7421d5c0_holistic_results.json,,78.93963679494192,normal_like,flower_core_accepted,normal,开花核心段可评分；继续保持手部完整入画和清晰张开动态。,0.031098077140194025,0.03429057393466697,0.03429057393466697,full_sequence_with_action_window_diagnostics,False,visible_semantic_core_scale,score_valid,score_valid,核心语义可评分。,True,0.875,0.7,0.875,True,query_not_short_core_capture,short_visible_core,0.0,False,,,,,,,,,,,,,,True,1.0,right_hand_shape,0.0,0.7,0.0,1.0,1.0,0.002580337636544196,0.0,0.033753850937500975,0.005545320314360563,0.0,0.0,0.0,0.0,0.0
web_20260523_041652_402b253a,2026-05-23T04:16:55,花,30,54,18.0,/data/WYC/signLanguage/work/generated/scoring_mvp_run3/all_demo_step2_worker_cache_semantic_v1/results/花/花_holistic_results.json,/data/WYC/signLanguage/work/generated/scoring_mvp_run3/all_demo_step2_worker_cache_semantic_v1/results/花/花_holistic_results.json,template_root,/data/WYC/signLanguage/work/generated/web_scoring_mvp/web_20260523_041652_402b253a/holistic/user_花_web_20260523_041652_402b253a_holistic_results.json,,76.87803114987845,normal_like,flower_core_accepted,normal,开花核心段可评分；继续保持手部完整入画和清晰张开动态。,0.035237430496556706,0.03812775450178896,0.03812775450178896,full_sequence_with_action_window_diagnostics,False,visible_semantic_core_scale,score_valid,score_valid,核心语义可评分。,True,0.875,0.8333333333333334,0.875,True,query_not_short_core_capture,short_visible_core,0.0,False,,,,,,,,,,,,,,True,1.0,right_hand_shape,0.03333333333333333,0.8333333333333334,0.03333333333333333,1.0,1.0,0.004077247502774695,0.0,0.03049795046706612,0.005884829721362231,0.0,0.0017017504208345648,0.0,0.002753950359997584,0.0
web_20260523_041708_24e7d28a,2026-05-23T04:17:11,花,30,54,18.0,/data/WYC/signLanguage/work/generated/scoring_mvp_run3/all_demo_step2_worker_cache_semantic_v1/results/花/花_holistic_results.json,/data/WYC/signLanguage/work/generated/scoring_mvp_run3/all_demo_step2_worker_cache_semantic_v1/results/花/花_holistic_results.json,template_root,/data/WYC/signLanguage/work/generated/web_scoring_mvp/web_20260523_041708_24e7d28a/holistic/user_花_web_20260523_041708_24e7d28a_holistic_results.json,,79.2655135729492,normal_like,flower_core_accepted,normal,开花核心段可评分；继续保持手部完整入画和清晰张开动态。,0.028974956969325324,0.03369322044104847,0.03369322044104847,full_sequence_with_action_window_diagnostics,False,visible_semantic_core_scale,score_valid,score_valid,核心语义可评分。,True,0.875,0.6,0.875,True,query_not_short_core_capture,short_visible_core,0.0,False,,,,,,,,,,,,,,True,0.6120886337757111,right_hand_shape,0.0,0.6,0.0,1.0,1.0,0.007296127110228407,0.0,0.05389838558855577,0.005884829721362231,0.0,0.0,0.0,0.0,0.0
web_20260523_041735_ea1bbaa6,2026-05-23T04:17:37,跳,30,54,18.0,/data/WYC/signLanguage/work/generated/scoring_mvp_run3/all_demo_step2_worker_cache_semantic_v1/results/跳/跳_holistic_results.json,/data/WYC/signLanguage/work/generated/scoring_mvp_run3/all_demo_step2_worker_cache_semantic_v1/results/跳/跳_holistic_results.json,template_root,/data/WYC/signLanguage/work/generated/web_scoring_mvp/web_20260523_041735_ea1bbaa6/holistic/user_跳_web_20260523_041735_ea1bbaa6_holistic_results.json,,8.390795323279919,low,jump_two_hand_presence_low,semantic_mismatch,保持双手关系清楚：左手稳定作为地面，右手食指/中指完成弹跳；当前左/右覆盖 0.83/0.63。,0.2947210621925484,0.4205364635282435,0.4205364635282435,semantic_action_window,True,short_action_window_with_query_energy_peak,semantic_mismatch,phase_endpoint_order_mismatch,双手关系已入画，但未满足右手在左手基础上弹跳的核心语义。,True,1.0,1.0,0.0,True,phase_endpoint_order_mismatch,,0.0,False,,,,,1.0,,,,,,,,,True,,,0.8333333333333334,0.6333333333333333,0.6333333333333333,1.0,1.0,0.002542995169082127,0.0,0.04351768896640412,0.02235822899424348,0.11120440951709742,0.2010229839583451,0.16691833396075612,0.26936634132308174,0.5324075708018937
web_20260523_041958_068b1181,2026-05-23T04:20:00,花,30,54,18.0,/data/WYC/signLanguage/work/generated/scoring_mvp_run3/all_demo_step2_worker_cache_semantic_v1/results/花/花_holistic_results.json,/data/WYC/signLanguage/work/generated/scoring_mvp_run3/all_demo_step2_worker_cache_semantic_v1/results/花/花_holistic_results.json,template_root,/data/WYC/signLanguage/work/generated/web_scoring_mvp/web_20260523_041958_068b1181/holistic/user_花_web_20260523_041958_068b1181_holistic_results.json,,79.0226212256232,normal_like,flower_core_accepted,normal,开花核心段可评分；继续保持手部完整入画和清晰张开动态。,0.030181298018105936,0.034138224332850395,0.034138224332850395,full_sequence_with_action_window_diagnostics,False,visible_semantic_core_scale,score_valid,score_valid,核心语义可评分。,True,0.875,0.6,0.875,True,query_not_short_core_capture,short_visible_core,0.0,False,,,,,,,,,,,,,,True,1.0,right_hand_shape,0.0,0.6,0.0,1.0,1.0,0.007296127110228407,0.0,0.030063523326623137,0.005884829721362231,0.0,0.0,0.0,0.0,0.0
web_20260523_042011_9284da87,2026-05-23T04:20:14,花,30,54,18.0,/data/WYC/signLanguage/work/generated/scoring_mvp_run3/all_demo_step2_worker_cache_semantic_v1/results/花/花_holistic_results.json,/data/WYC/signLanguage/work/generated/scoring_mvp_run3/all_demo_step2_worker_cache_semantic_v1/results/花/花_holistic_results.json,template_root,/data/WYC/signLanguage/work/generated/web_scoring_mvp/web_20260523_042011_9284da87/holistic/user_花_web_20260523_042011_9284da87_holistic_results.json,,79.81460309873225,normal_like,flower_core_accepted,normal,开花核心段可评分；继续保持手部完整入画和清晰张开动态。,0.030838834310727013,0.032692236797160115,0.032692236797160115,full_sequence_with_action_window_diagnostics,False,visible_semantic_core_scale,score_valid,score_valid,核心语义可评分。,True,0.875,0.7333333333333333,0.875,True,query_not_short_core_capture,short_visible_core,0.0,False,,,,,,,,,,,,,,True,1.0,right_hand_shape,0.0,0.7333333333333333,0.0,1.0,1.0,0.0010084078119827924,0.0,0.027126149046841342,0.005884829721362231,0.0,0.0,0.0,0.0,0.0
web_20260523_042024_ee2fc3da,2026-05-23T04:20:27,花,30,54,18.0,/data/WYC/signLanguage/work/generated/scoring_mvp_run3/all_demo_step2_worker_cache_semantic_v1/results/花/花_holistic_results.json,/data/WYC/signLanguage/work/generated/scoring_mvp_run3/all_demo_step2_worker_cache_semantic_v1/results/花/花_holistic_results.json,template_root,/data/WYC/signLanguage/work/generated/web_scoring_mvp/web_20260523_042024_ee2fc3da/holistic/user_花_web_20260523_042024_ee2fc3da_holistic_results.json,,78.53756029727911,normal_like,flower_core_accepted,normal,开花核心段可评分；继续保持手部完整入画和清晰张开动态。,0.03232558303103618,0.035031014073641974,0.035031014073641974,full_sequence_with_action_window_diagnostics,False,visible_semantic_core_scale,score_valid,score_valid,核心语义可评分。,True,0.875,0.8,0.875,True,query_not_short_core_capture,short_visible_core,0.0,False,,,,,,,,,,,,,,True,1.0,right_hand_shape,0.0,0.8,0.0,1.0,1.0,0.00213545183714002,0.0,0.03312152668906328,0.005884829721362231,0.0,0.0,0.0,0.0,0.0
web_20260523_042222_fac8359d,2026-05-23T04:22:25,花,30,54,18.0,/data/WYC/signLanguage/work/generated/scoring_mvp_run3/all_demo_step2_worker_cache_semantic_v1/results/花/花_holistic_results.json,/data/WYC/signLanguage/work/generated/scoring_mvp_run3/all_demo_step2_worker_cache_semantic_v1/results/花/花_holistic_results.json,template_root,/data/WYC/signLanguage/work/generated/web_scoring_mvp/web_20260523_042222_fac8359d/holistic/user_花_web_20260523_042222_fac8359d_holistic_results.json,,78.34176340206311,normal_like,flower_core_accepted,normal,开花核心段可评分；继续保持手部完整入画和清晰张开动态。,0.03221915897760415,0.03539295551854445,0.03539295551854445,full_sequence_with_action_window_diagnostics,False,visible_semantic_core_scale,score_valid,score_valid,核心语义可评分。,True,1.0,0.8666666666666667,1.0,True,query_not_short_core_capture,short_visible_core,0.0,False,,,,,,,,,,,,,,True,1.0,right_hand_shape,0.0,0.8666666666666667,0.0,1.0,1.0,0.005279311486262827,0.0,0.029489134666304557,0.005884829721362231,0.0,0.0,0.0,0.0,0.0
web_20260523_042235_9431f1a0,2026-05-23T04:22:37,花,30,54,18.0,/data/WYC/signLanguage/work/generated/scoring_mvp_run3/all_demo_step2_worker_cache_semantic_v1/results/花/花_holistic_results.json,/data/WYC/signLanguage/work/generated/scoring_mvp_run3/all_demo_step2_worker_cache_semantic_v1/results/花/花_holistic_results.json,template_root,/data/WYC/signLanguage/work/generated/web_scoring_mvp/web_20260523_042235_9431f1a0/holistic/user_花_web_20260523_042235_9431f1a0_holistic_results.json,,79.19873289903553,normal_like,flower_core_accepted,normal,开花核心段可评分；继续保持手部完整入画和清晰张开动态。,0.030086347747847415,0.033815433476560366,0.033815433476560366,full_sequence_with_action_window_diagnostics,False,visible_semantic_core_scale,score_valid,score_valid,核心语义可评分。,True,0.875,0.6666666666666666,0.875,True,query_not_short_core_capture,short_visible_core,0.0,False,,,,,,,,,,,,,,True,1.0,right_hand_shape,0.0,0.6666666666666666,0.0,1.0,1.0,0.004152267461105599,0.0,0.028199685410276443,0.005545320314360563,0.0,0.0,0.0,0.0,0.0
web_20260523_043442_e00f8b9c,2026-05-23T04:34:46,花,53,105,29.44954128440367,/data/WYC/signLanguage/work/generated/scoring_mvp_run3/all_demo_step2_worker_cache_semantic_v1/results/花/花_holistic_results.json,/data/WYC/signLanguage/work/generated/scoring_mvp_run3/all_demo_step2_worker_cache_semantic_v1/results/花/花_holistic_results.json,template_root,/data/WYC/signLanguage/work/generated/web_scoring_mvp/web_20260523_043442_e00f8b9c/holistic/user_花_web_20260523_043442_e00f8b9c_holistic_results.json,,79.2397950568015,normal_like,flower_core_accepted,normal,开花核心段可评分；继续保持手部完整入画和清晰张开动态。,0.029482937069314468,0.03374027482561618,0.03374027482561618,full_sequence_with_action_window_diagnostics,False,visible_semantic_core_scale,score_valid,score_valid,核心语义可评分。,True,1.0,0.7924528301886793,1.0,True,query_not_short_core_capture,short_visible_core,0.0,False,,,,,,,,,,,,,,True,0.8892769348621369,right_hand_shape,0.0,0.7924528301886793,0.0,1.0,1.0,0.0017795431976166832,0.0,0.013401847665030988,0.005884829721362231,0.0,0.0,0.0,0.0,0.0
web_20260523_043446_cbecd916,2026-05-23T04:34:48,跳,19,37,14.682539682539682,/data/WYC/signLanguage/work/generated/scoring_mvp_run3/all_demo_step2_worker_cache_semantic_v1/results/跳/跳_holistic_results.json,/data/WYC/signLanguage/work/generated/scoring_mvp_run3/all_demo_step2_worker_cache_semantic_v1/results/跳/跳_holistic_results.json,template_root,/data/WYC/signLanguage/work/generated/web_scoring_mvp/web_20260523_043446_cbecd916/holistic/user_跳_web_20260523_043446_cbecd916_holistic_results.json,,84.97386773835608,normal_like,jump_core_accepted,normal,双手弹跳核心语义可评分；继续保持两只手同时稳定入画。,0.04870685196651341,0.057656330301181155,0.040608932112901466,semantic_action_window,True,jump_relation_semantic_floor,score_valid,score_valid,核心语义可评分。,True,1.0,1.0,1.0,True,used,action_window_net,84.97386773835608,True,0.9997262652221789,1.0,1.008410660853481,0.6691438404871951,1.0,6,22,,,,,,,True,,,0.8947368421052632,0.8947368421052632,0.8947368421052632,1.0,1.0,0.002542995169082127,0.0,0.0017909634296471876,0.0027588801996548647,0.011288830204728295,0.010089209649714317,0.08586628769792938,0.04079521596680252,0.011835508064836592
web_20260523_043910_b186b6a6,2026-05-23T04:39:13,花,30,54,18.0,/data/WYC/signLanguage/work/generated/scoring_mvp_run3/all_demo_step2_worker_cache_semantic_v1/results/花/花_holistic_results.json,/data/WYC/signLanguage/work/generated/scoring_mvp_run3/all_demo_step2_worker_cache_semantic_v1/results/花/花_holistic_results.json,template_root,/data/WYC/signLanguage/work/generated/web_scoring_mvp/web_20260523_043910_b186b6a6/holistic/user_花_web_20260523_043910_b186b6a6_holistic_results.json,,76.69491740770177,normal_like,flower_core_accepted,normal,开花核心段可评分；继续保持手部完整入画和清晰张开动态。,0.03597689203597348,0.03847353812381217,0.03847353812381217,full_sequence_with_action_window_diagnostics,False,visible_semantic_core_scale,score_valid,score_valid,核心语义可评分。,True,1.0,0.7666666666666667,1.0,True,query_not_short_core_capture,short_visible_core,0.0,False,,,,,,,,,,,,,,True,0.7367295455932618,right_hand_shape,0.0,0.7666666666666667,0.0,1.0,1.0,0.0005635220125786164,0.0,0.02400836571761622,0.005884829721362231,0.0,0.0,0.0,0.0,0.0
web_20260523_043923_b95a60d0,2026-05-23T04:39:26,花,30,54,18.0,/data/WYC/signLanguage/work/generated/scoring_mvp_run3/all_demo_step2_worker_cache_semantic_v1/results/花/花_holistic_results.json,/data/WYC/signLanguage/work/generated/scoring_mvp_run3/all_demo_step2_worker_cache_semantic_v1/results/花/花_holistic_results.json,template_root,/data/WYC/signLanguage/work/generated/web_scoring_mvp/web_20260523_043923_b95a60d0/holistic/user_花_web_20260523_043923_b95a60d0_holistic_results.json,,79.20405210414854,normal_like,flower_core_accepted,normal,开花核心段可评分；继续保持手部完整入画和清晰张开动态。,0.03148675697610234,0.03380569520407151,0.03380569520407151,full_sequence_with_action_window_diagnostics,False,visible_semantic_core_scale,score_valid,score_valid,核心语义可评分。,True,1.0,0.7333333333333333,1.0,True,query_not_short_core_capture,short_visible_core,0.0,False,,,,,,,,,,,,,,True,1.0,right_hand_shape,0.0,0.7333333333333333,0.0,1.0,1.0,0.0010084078119827924,0.0,0.023216085514865623,0.005884829721362231,0.0,0.0,0.0,0.0,0.0
web_20260523_043955_dd909904,2026-05-23T04:39:58,花,30,54,18.0,/data/WYC/signLanguage/work/generated/scoring_mvp_run3/all_demo_step2_worker_cache_semantic_v1/results/花/花_holistic_results.json,/data/WYC/signLanguage/work/generated/scoring_mvp_run3/all_demo_step2_worker_cache_semantic_v1/results/花/花_holistic_results.json,template_root,/data/WYC/signLanguage/work/generated/web_scoring_mvp/web_20260523_043955_dd909904/holistic/user_花_web_20260523_043955_dd909904_holistic_results.json,,79.00689200949522,normal_like,flower_core_accepted,normal,开花核心段可评分；继续保持手部完整入画和清晰张开动态。,0.03085182275608181,0.03416708902146959,0.03416708902146959,full_sequence_with_action_window_diagnostics,False,visible_semantic_core_scale,score_valid,score_valid,核心语义可评分。,True,1.0,0.7,1.0,True,query_not_short_core_capture,short_visible_core,0.0,False,,,,,,,,,,,,,,True,1.0,right_hand_shape,0.0,0.7,0.0,1.0,1.0,0.002580337636544196,0.0,0.0237685696339187,0.005884829721362231,0.0,0.0,0.0,0.0,0.0
web_20260523_044018_960618af,2026-05-23T04:40:20,跳,30,54,18.0,/data/WYC/signLanguage/work/generated/scoring_mvp_run3/all_demo_step2_worker_cache_semantic_v1/results/跳/跳_holistic_results.json,/data/WYC/signLanguage/work/generated/scoring_mvp_run3/all_demo_step2_worker_cache_semantic_v1/results/跳/跳_holistic_results.json,template_root,/data/WYC/signLanguage/work/generated/web_scoring_mvp/web_20260523_044018_960618af/holistic/user_跳_web_20260523_044018_960618af_holistic_results.json,,4.328131731671172,low,jump_low_other,semantic_mismatch,保持双手关系清楚：左手稳定作为地面，右手食指/中指完成弹跳；当前左/右覆盖 0.77/0.77。,0.29909173045710014,0.5328814755633807,0.5328814755633807,semantic_action_window,True,short_action_window_with_query_energy_peak,semantic_mismatch,phase_endpoint_order_mismatch,双手关系已入画，但未满足右手在左手基础上弹跳的核心语义。,True,0.625,0.625,0.0,True,phase_endpoint_order_mismatch,,0.0,False,,,,,0.625,,,,,,,,,True,,,0.7666666666666667,0.7666666666666667,0.7666666666666667,1.0,1.0,0.01455864734299517,0.056399999999999985,0.08871675513877551,0.03302328857048944,0.12398415306949222,0.17927684894516005,0.15353397363843568,0.2350203489654118,0.5522820108154886
web_20260523_044135_12fbd5bc,2026-05-23T04:41:37,跳,30,54,18.0,/data/WYC/signLanguage/work/generated/scoring_mvp_run3/all_demo_step2_worker_cache_semantic_v1/results/跳/跳_holistic_results.json,/data/WYC/signLanguage/work/generated/scoring_mvp_run3/all_demo_step2_worker_cache_semantic_v1/results/跳/跳_holistic_results.json,template_root,/data/WYC/signLanguage/work/generated/web_scoring_mvp/web_20260523_044135_12fbd5bc/holistic/user_跳_web_20260523_044135_12fbd5bc_holistic_results.json,,4.982796697743448,low,jump_low_other,semantic_mismatch,保持双手关系清楚：左手稳定作为地面，右手食指/中指完成弹跳；当前左/右覆盖 0.70/0.77。,0.27454474606908297,0.5089775315106269,0.5089775315106269,semantic_action_window,True,short_action_window_with_query_energy_peak,semantic_mismatch,phase_endpoint_order_mismatch,双手关系已入画，但未满足右手在左手基础上弹跳的核心语义。,True,0.875,0.875,0.0,True,phase_endpoint_order_mismatch,,0.0,False,,,,,0.875,,,,,,,,,True,,,0.7,0.7666666666666667,0.7,1.0,1.0,0.004323091787439612,0.01328888888888888,0.10519881184150678,0.036681306905730196,0.12870415878308825,0.22163346599656247,0.19917612078360267,0.24539470341428052,0.4481007000416529
web_20260523_044203_20778933,2026-05-23T04:42:05,跳,30,54,18.0,/data/WYC/signLanguage/work/generated/scoring_mvp_run3/all_demo_step2_worker_cache_semantic_v1/results/跳/跳_holistic_results.json,/data/WYC/signLanguage/work/generated/scoring_mvp_run3/all_demo_step2_worker_cache_semantic_v1/results/跳/跳_holistic_results.json,template_root,/data/WYC/signLanguage/work/generated/web_scoring_mvp/web_20260523_044203_20778933/holistic/user_跳_web_20260523_044203_20778933_holistic_results.json,,4.186357829553837,low,jump_two_hand_presence_low,recapture,左手“地面”和右手“两指小人”需要同时入画；当前左手覆盖 0.63、右手覆盖 0.77。,0.2076851172973825,0.5385335003301884,0.5385335003301884,semantic_action_window,True,short_action_window_with_query_energy_peak,needs_recapture,jump_two_hand_presence_low,左手地面和右手跳跃没有同时稳定入画，建议重采后再评分。,False,0.5,0.5,0.0,True,insufficient_two_hand_presence,,0.0,False,,,,,0.5,,,,,,,,,True,,,0.6333333333333333,0.7666666666666667,0.6333333333333333,1.0,1.0,0.012905700483091788,0.06968888888888888,0.11540146429723672,0.031193490306407667,0.11468567219160244,0.16256366986776238,0.18720653999245157,0.2562943059480245,0.23848843614874168
web_20260523_044323_2eb9eb7e,2026-05-23T04:43:25,跳,25,45,18.0,/data/WYC/signLanguage/work/generated/scoring_mvp_run3/all_demo_step2_worker_cache_semantic_v1/results/跳/跳_holistic_results.json,/data/WYC/signLanguage/work/generated/scoring_mvp_run3/all_demo_step2_worker_cache_semantic_v1/results/跳/跳_holistic_results.json,template_root,/data/WYC/signLanguage/work/generated/web_scoring_mvp/web_20260523_044323_2eb9eb7e/holistic/user_跳_web_20260523_044323_2eb9eb7e_holistic_results.json,,11.645003291906592,low,jump_low_other,semantic_mismatch,保持双手关系清楚：左手稳定作为地面，右手食指/中指完成弹跳；当前左/右覆盖 0.76/0.80。,0.29529015486448024,0.3649168228349024,0.3649168228349024,semantic_action_window,True,short_action_window_with_query_energy_peak,semantic_mismatch,phase_endpoint_order_mismatch,双手关系已入画，但未满足右手在左手基础上弹跳的核心语义。,True,1.0,1.0,0.0,True,phase_endpoint_order_mismatch,,0.0,False,,,,,1.0,,,,,,,,,True,,,0.76,0.8,0.76,1.0,1.0,0.002542995169082127,0.0,0.021579766551653546,0.02335704184855928,0.1225464221223988,0.19391007756796866,0.17145753353059187,0.278171175511598,0.5074732847426239
web_20260523_044336_5d15d099,2026-05-23T04:43:38,跳,25,45,18.0,/data/WYC/signLanguage/work/generated/scoring_mvp_run3/all_demo_step2_worker_cache_semantic_v1/results/跳/跳_holistic_results.json,/data/WYC/signLanguage/work/generated/scoring_mvp_run3/all_demo_step2_worker_cache_semantic_v1/results/跳/跳_holistic_results.json,template_root,/data/WYC/signLanguage/work/generated/web_scoring_mvp/web_20260523_044336_5d15d099/holistic/user_跳_web_20260523_044336_5d15d099_holistic_results.json,,6.182970727586637,low,jump_two_hand_presence_low,semantic_mismatch,保持双手关系清楚：左手稳定作为地面，右手食指/中指完成弹跳；当前左/右覆盖 0.48/0.72。,0.35264513694880556,0.4723537780402319,0.4723537780402319,semantic_action_window,True,short_action_window_with_query_energy_peak,semantic_mismatch,phase_endpoint_order_mismatch,双手关系已入画，但未满足右手在左手基础上弹跳的核心语义。,True,0.7142857142857143,0.7142857142857143,0.0,True,phase_endpoint_order_mismatch,,0.0,False,,,,,0.7142857142857143,,,,,,,,,True,,,0.48,0.72,0.48,1.0,1.0,0.003996135265700482,0.026260317460317446,0.024810644141547183,0.02897814093603837,0.1025930550748766,0.21191637704956687,0.12136492857583868,0.27836891858213486,0.6071271964851768
web_20260523_044358_00db9d4d,2026-05-23T04:43:59,跳,25,45,18.0,/data/WYC/signLanguage/work/generated/scoring_mvp_run3/all_demo_step2_worker_cache_semantic_v1/results/跳/跳_holistic_results.json,/data/WYC/signLanguage/work/generated/scoring_mvp_run3/all_demo_step2_worker_cache_semantic_v1/results/跳/跳_holistic_results.json,template_root,/data/WYC/signLanguage/work/generated/web_scoring_mvp/web_20260523_044358_00db9d4d/holistic/user_跳_web_20260523_044358_00db9d4d_holistic_results.json,,7.175022409848543,low,jump_two_hand_presence_low,semantic_mismatch,保持双手关系清楚：左手稳定作为地面，右手食指/中指完成弹跳；当前左/右覆盖 0.64/0.80。,0.2875898153607002,0.447100387854162,0.447100387854162,semantic_action_window,True,short_action_window_with_query_energy_peak,semantic_mismatch,phase_endpoint_order_mismatch,双手关系已入画，但未满足右手在左手基础上弹跳的核心语义。,True,0.7142857142857143,0.7142857142857143,0.0,True,phase_endpoint_order_mismatch,,0.0,False,,,,,0.7142857142857143,,,,,,,,,True,,,0.64,0.8,0.64,1.0,1.0,0.003996135265700482,0.026260317460317446,0.04789347397500974,0.024626442802914972,0.12211673564539127,0.21764553445900395,0.14917012721404233,0.26512200206734265,0.6141499786554956
web_20260523_052715_1ad3c2d2,2026-05-23T05:27:17,跳,25,45,18.0,/data/WYC/signLanguage/work/generated/scoring_mvp_run3/all_demo_step2_worker_cache_semantic_v1/results/跳/跳_holistic_results.json,/data/WYC/signLanguage/work/generated/scoring_mvp_run3/all_demo_step2_worker_cache_semantic_v1/results/跳/跳_holistic_results.json,template_root,/data/WYC/signLanguage/work/generated/web_scoring_mvp/web_20260523_052715_1ad3c2d2/holistic/user_跳_web_20260523_052715_1ad3c2d2_holistic_results.json,,19.378647858117258,low,jump_two_hand_presence_low,semantic_mismatch,保持双手关系清楚：左手稳定作为地面，右手食指/中指完成弹跳；当前左/右覆盖 0.64/0.76。,0.20286626435781793,0.2784866550144833,0.2784866550144833,semantic_action_window,True,short_action_window_with_query_energy_peak,semantic_mismatch,phase_endpoint_order_mismatch,双手关系已入画，但未满足右手在左手基础上弹跳的核心语义。,True,1.0,1.0,0.0,True,phase_endpoint_order_mismatch,,0.0,False,,,,,1.0,,,,,,,,,True,,,0.64,0.76,0.64,1.0,1.0,0.002542995169082127,0.0,0.018536566052716315,0.01893335498232895,0.10113185447996614,0.14718202616789072,0.1568054126278528,0.25918536036364276,0.20802809818980994
web_20260523_052731_8f51941f,2026-05-23T05:27:33,跳,25,45,18.0,/data/WYC/signLanguage/work/generated/scoring_mvp_run3/all_demo_step2_worker_cache_semantic_v1/results/跳/跳_holistic_results.json,/data/WYC/signLanguage/work/generated/scoring_mvp_run3/all_demo_step2_worker_cache_semantic_v1/results/跳/跳_holistic_results.json,template_root,/data/WYC/signLanguage/work/generated/web_scoring_mvp/web_20260523_052731_8f51941f/holistic/user_跳_web_20260523_052731_8f51941f_holistic_results.json,,8.70587192634697,low,jump_low_other,semantic_mismatch,保持双手关系清楚：左手稳定作为地面，右手食指/中指完成弹跳；当前左/右覆盖 0.84/0.92。,0.31599351538827775,0.4142807030927713,0.4142807030927713,semantic_action_window,True,short_action_window_with_query_energy_peak,semantic_mismatch,phase_endpoint_order_mismatch,双手关系已入画，但未满足右手在左手基础上弹跳的核心语义。,True,1.0,1.0,0.0,True,phase_endpoint_order_mismatch,,0.0,False,,,,,1.0,,,,,,,,,True,,,0.84,0.92,0.84,1.0,1.0,0.002542995169082127,0.0,0.05033163183726961,0.02357135047781668,0.12079826050386223,0.22328962506984906,0.13995316780002479,0.27620945832920196,0.6083511942194483
web_20260523_052744_427c726a,2026-05-23T05:27:47,花,25,45,18.0,/data/WYC/signLanguage/work/generated/scoring_mvp_run3/all_demo_step2_worker_cache_semantic_v1/results/花/花_holistic_results.json,/data/WYC/signLanguage/work/generated/scoring_mvp_run3/all_demo_step2_worker_cache_semantic_v1/results/花/花_holistic_results.json,template_root,/data/WYC/signLanguage/work/generated/web_scoring_mvp/web_20260523_052744_427c726a/holistic/user_花_web_20260523_052744_427c726a_holistic_results.json,,80.05843949105305,normal_like,flower_core_accepted,normal,开花核心段可评分；继续保持手部完整入画和清晰张开动态。,0.030531508674041925,0.03224993203171569,0.03224993203171569,full_sequence_with_action_window_diagnostics,False,visible_semantic_core_scale,score_valid,score_valid,核心语义可评分。,True,1.0,0.72,1.0,True,query_not_short_core_capture,short_visible_core,0.0,False,,,,,,,,,,,,,,True,1.0,right_hand_shape,0.0,0.72,0.0,1.0,1.0,0.0016371797418073526,0.0,0.031638466758854115,0.005884829721362231,0.0,0.0,0.0,0.0,0.0
web_20260523_052801_95c97bce,2026-05-23T05:28:04,花,30,54,18.0,/data/WYC/signLanguage/work/generated/scoring_mvp_run3/all_demo_step2_worker_cache_semantic_v1/results/花/花_holistic_results.json,/data/WYC/signLanguage/work/generated/scoring_mvp_run3/all_demo_step2_worker_cache_semantic_v1/results/花/花_holistic_results.json,template_root,/data/WYC/signLanguage/work/generated/web_scoring_mvp/web_20260523_052801_95c97bce/holistic/user_花_web_20260523_052801_95c97bce_holistic_results.json,,79.32177801584079,normal_like,flower_core_accepted,normal,开花核心段可评分；继续保持手部完整入画和清晰张开动态。,0.029019346234743098,0.033590332694119304,0.033590332694119304,full_sequence_with_action_window_diagnostics,False,visible_semantic_core_scale,score_valid,score_valid,核心语义可评分。,True,1.0,0.5666666666666667,1.0,True,query_not_short_core_capture,short_visible_core,0.0,False,,,,,,,,,,,,,,True,0.873297570347786,right_hand_shape,0.03333333333333333,0.5666666666666667,0.03333333333333333,1.0,1.0,0.00923792277586308,0.0,0.024385084793850403,0.005884829721362231,0.0,0.0,0.0,0.0,0.0
web_20260523_052817_7ae13ce2,2026-05-23T05:28:19,花,25,45,18.0,/data/WYC/signLanguage/work/generated/scoring_mvp_run3/all_demo_step2_worker_cache_semantic_v1/results/花/花_holistic_results.json,/data/WYC/signLanguage/work/generated/scoring_mvp_run3/all_demo_step2_worker_cache_semantic_v1/results/花/花_holistic_results.json,template_root,/data/WYC/signLanguage/work/generated/web_scoring_mvp/web_20260523_052817_7ae13ce2/holistic/user_花_web_20260523_052817_7ae13ce2_holistic_results.json,,79.05011946544708,normal_like,flower_core_accepted,normal,开花核心段可评分；继续保持手部完整入画和清晰张开动态。,0.03132661971377267,0.034087776105062945,0.034087776105062945,full_sequence_with_action_window_diagnostics,False,visible_semantic_core_scale,score_valid,score_valid,核心语义可评分。,True,1.0,0.68,1.0,True,query_not_short_core_capture,short_visible_core,0.0,False,,,,,,,,,,,,,,True,0.8188649249076844,right_hand_shape,0.0,0.68,0.0,1.0,1.0,0.003523495531281034,0.0,0.04726504879243744,0.005884829721362231,0.0,0.0,0.0,0.0,0.0
web_20260523_053035_073e5794,2026-05-23T05:30:38,花,25,45,18.0,/data/WYC/signLanguage/work/generated/scoring_mvp_run3/all_demo_step2_worker_cache_semantic_v1/results/花/花_holistic_results.json,/data/WYC/signLanguage/work/generated/scoring_mvp_run3/all_demo_step2_worker_cache_semantic_v1/results/花/花_holistic_results.json,template_root,/data/WYC/signLanguage/work/generated/web_scoring_mvp/web_20260523_053035_073e5794/holistic/user_花_web_20260523_053035_073e5794_holistic_results.json,,76.73563263980246,normal_like,flower_core_accepted,normal,开花核心段可评分；继续保持手部完整入画和清晰张开动态。,0.036538326313825246,0.0383965820183775,0.0383965820183775,full_sequence_with_action_window_diagnostics,False,visible_semantic_core_scale,score_valid,score_valid,核心语义可评分。,True,1.0,0.68,1.0,True,query_not_short_core_capture,short_visible_core,0.0,False,,,,,,,,,,,,,,True,1.0,right_hand_shape,0.04,0.68,0.04,1.0,1.0,0.00396733454056896,0.0,0.02542523304999639,0.005884829721362231,0.0,0.0018408322741459615,0.0,0.00394603248338075,0.0
web_20260523_053051_a785c84e,2026-05-23T05:30:53,花,25,45,18.0,/data/WYC/signLanguage/work/generated/scoring_mvp_run3/all_demo_step2_worker_cache_semantic_v1/results/花/花_holistic_results.json,/data/WYC/signLanguage/work/generated/scoring_mvp_run3/all_demo_step2_worker_cache_semantic_v1/results/花/花_holistic_results.json,template_root,/data/WYC/signLanguage/work/generated/web_scoring_mvp/web_20260523_053051_a785c84e/holistic/user_花_web_20260523_053051_a785c84e_holistic_results.json,,79.26511292952996,normal_like,flower_core_accepted,normal,开花核心段可评分；继续保持手部完整入画和清晰张开动态。,0.031102129960219882,0.03369395333786558,0.03369395333786558,full_sequence_with_action_window_diagnostics,False,visible_semantic_core_scale,score_valid,score_valid,核心语义可评分。,True,1.0,0.64,1.0,True,query_not_short_core_capture,short_visible_core,0.0,False,,,,,,,,,,,,,,True,0.7125184786319734,right_hand_shape,0.0,0.64,0.0,1.0,1.0,0.00540981132075472,0.0,0.03595682977577432,0.005884829721362231,0.0,0.0,0.0,0.0,0.0
web_20260523_053102_e1ff4324,2026-05-23T05:31:04,花,25,45,18.0,/data/WYC/signLanguage/work/generated/scoring_mvp_run3/all_demo_step2_worker_cache_semantic_v1/results/花/花_holistic_results.json,/data/WYC/signLanguage/work/generated/scoring_mvp_run3/all_demo_step2_worker_cache_semantic_v1/results/花/花_holistic_results.json,template_root,/data/WYC/signLanguage/work/generated/web_scoring_mvp/web_20260523_053102_e1ff4324/holistic/user_花_web_20260523_053102_e1ff4324_holistic_results.json,,46.71220276350576,low,flower_opening_guard_failed,semantic_mismatch,从撮合状态开始，慢慢张开五指并保持约 0.5 秒；当前张开分数 0.32。,0.03125799145381957,0.09133977051608455,0.09133977051608455,full_sequence_with_action_window_diagnostics,False,default,semantic_mismatch,flower_opening_guard_failed,手部已入画，但未检测到清晰的手指张开/绽放动态。,True,1.0,0.72,1.0,False,query_not_short_core_capture,short_visible_core,0.0,False,,,,,,,,,,,,,,False,0.317240760922432,right_hand_shape,0.0,0.72,0.0,1.0,1.0,0.0016371797418073526,0.0,0.03671071299532181,0.005884829721362231,0.0,0.0,0.0,0.0,0.0
web_20260523_053116_49159767,2026-05-23T05:31:19,花,25,45,18.0,/data/WYC/signLanguage/work/generated/scoring_mvp_run3/all_demo_step2_worker_cache_semantic_v1/results/花/花_holistic_results.json,/data/WYC/signLanguage/work/generated/scoring_mvp_run3/all_demo_step2_worker_cache_semantic_v1/results/花/花_holistic_results.json,template_root,/data/WYC/signLanguage/work/generated/web_scoring_mvp/web_20260523_053116_49159767/holistic/user_花_web_20260523_053116_49159767_holistic_results.json,,79.45374184950865,normal_like,flower_core_accepted,normal,从撮合状态开始，慢慢张开五指并保持约 0.5 秒；当前张开分数 0.52。,0.032067912772911544,0.033349303594619996,0.033349303594619996,full_sequence_with_action_window_diagnostics,False,visible_semantic_core_scale,score_valid,score_valid,核心语义可评分。,True,1.0,0.8,1.0,True,query_not_short_core_capture,short_visible_core,0.0,False,,,,,,,,,,,,,,True,0.5248572063446045,right_hand_shape,0.0,0.8,0.0,1.0,1.0,0.00213545183714002,0.0,0.019933544244961098,0.005884829721362231,0.0,0.0,0.0,0.0,0.0
web_20260523_053128_81d821bf,2026-05-23T05:31:31,花,25,45,18.0,/data/WYC/signLanguage/work/generated/scoring_mvp_run3/all_demo_step2_worker_cache_semantic_v1/results/花/花_holistic_results.json,/data/WYC/signLanguage/work/generated/scoring_mvp_run3/all_demo_step2_worker_cache_semantic_v1/results/花/花_holistic_results.json,template_root,/data/WYC/signLanguage/work/generated/web_scoring_mvp/web_20260523_053128_81d821bf/holistic/user_花_web_20260523_053128_81d821bf_holistic_results.json,,79.58365089397635,normal_like,flower_core_accepted,normal,从撮合状态开始，慢慢张开五指并保持约 0.5 秒；当前张开分数 0.45。,0.03127973096499533,0.03311241822681544,0.03311241822681544,full_sequence_with_action_window_diagnostics,False,visible_semantic_core_scale,score_valid,score_valid,核心语义可评分。,True,1.0,0.68,1.0,True,query_not_short_core_capture,short_visible_core,0.0,False,,,,,,,,,,,,,,True,0.45,right_hand_shape,0.0,0.68,0.0,1.0,1.0,0.003523495531281034,0.0,0.02663240147087819,0.005884829721362231,0.0,0.0,0.0,0.0,0.0
web_20260523_053203_4ec1e6ab,2026-05-23T05:32:06,花,25,45,18.0,/data/WYC/signLanguage/work/generated/scoring_mvp_run3/all_demo_step2_worker_cache_semantic_v1/results/花/花_holistic_results.json,/data/WYC/signLanguage/work/generated/scoring_mvp_run3/all_demo_step2_worker_cache_semantic_v1/results/花/花_holistic_results.json,template_root,/data/WYC/signLanguage/work/generated/web_scoring_mvp/web_20260523_053203_4ec1e6ab/holistic/user_花_web_20260523_053203_4ec1e6ab_holistic_results.json,,79.59467492174286,normal_like,flower_core_accepted,normal,开花核心段可评分；继续保持手部完整入画和清晰张开动态。,0.03105940535445297,0.03309233403481871,0.03309233403481871,full_sequence_with_action_window_diagnostics,False,visible_semantic_core_scale,score_valid,score_valid,核心语义可评分。,True,1.0,0.68,1.0,True,query_not_short_core_capture,short_visible_core,0.0,False,,,,,,,,,,,,,,True,1.0,right_hand_shape,0.0,0.68,0.0,1.0,1.0,0.003523495531281034,0.0,0.031082210771892316,0.005884829721362231,0.0,0.0,0.0,0.0,0.0
web_20260523_053241_5fbbf9c7,2026-05-23T05:32:43,跳,25,45,18.0,/data/WYC/signLanguage/work/generated/scoring_mvp_run3/all_demo_step2_worker_cache_semantic_v1/results/跳/跳_holistic_results.json,/data/WYC/signLanguage/work/generated/scoring_mvp_run3/all_demo_step2_worker_cache_semantic_v1/results/跳/跳_holistic_results.json,template_root,/data/WYC/signLanguage/work/generated/web_scoring_mvp/web_20260523_053241_5fbbf9c7/holistic/user_跳_web_20260523_053241_5fbbf9c7_holistic_results.json,,8.45944273689221,low,jump_low_other,semantic_mismatch,保持双手关系清楚：左手稳定作为地面，右手食指/中指完成弹跳；当前左/右覆盖 0.80/0.92。,0.2908959355710284,0.41915370361551363,0.41915370361551363,semantic_action_window,True,short_action_window_with_query_energy_peak,semantic_mismatch,phase_endpoint_order_mismatch,双手关系已入画，但未满足右手在左手基础上弹跳的核心语义。,True,1.0,1.0,0.0,True,phase_endpoint_order_mismatch,,0.0,False,,,,,1.0,,,,,,,,,True,,,0.8,0.92,0.8,1.0,1.0,0.002542995169082127,0.0,0.04195392571707711,0.020318570153105966,0.1295465893767524,0.2039549505398518,0.15983241316264118,0.26830405750167513,0.5174909281248568
web_20260523_053254_bd7f1d1c,2026-05-23T05:32:56,跳,25,45,18.0,/data/WYC/signLanguage/work/generated/scoring_mvp_run3/all_demo_step2_worker_cache_semantic_v1/results/跳/跳_holistic_results.json,/data/WYC/signLanguage/work/generated/scoring_mvp_run3/all_demo_step2_worker_cache_semantic_v1/results/跳/跳_holistic_results.json,template_root,/data/WYC/signLanguage/work/generated/web_scoring_mvp/web_20260523_053254_bd7f1d1c/holistic/user_跳_web_20260523_053254_bd7f1d1c_holistic_results.json,,3.0448594719449633,low,jump_two_hand_presence_low,recapture,左手“地面”和右手“两指小人”需要同时入画；当前左手覆盖 0.52、右手覆盖 0.88。,0.3267327081763164,0.5925637591189103,0.5925637591189103,semantic_action_window,True,short_action_window_with_query_energy_peak,needs_recapture,jump_two_hand_presence_low,左手地面和右手跳跃没有同时稳定入画，建议重采后再评分。,False,0.42857142857142855,0.42857142857142855,0.0,True,insufficient_two_hand_presence,,0.0,False,,,,,0.42857142857142855,,,,,,,,,True,,,0.52,0.88,0.52,1.0,1.0,0.010535265700483092,0.06923174603174602,0.04771908690395361,0.03224630029545188,0.07075448537471099,0.20746973382884137,0.09629675283494016,0.26976361943088784,0.5006922500631769
web_20260523_053309_28821cfd,2026-05-23T05:33:11,跳,25,45,18.0,/data/WYC/signLanguage/work/generated/scoring_mvp_run3/all_demo_step2_worker_cache_semantic_v1/results/跳/跳_holistic_results.json,/data/WYC/signLanguage/work/generated/scoring_mvp_run3/all_demo_step2_worker_cache_semantic_v1/results/跳/跳_holistic_results.json,template_root,/data/WYC/signLanguage/work/generated/web_scoring_mvp/web_20260523_053309_28821cfd/holistic/user_跳_web_20260523_053309_28821cfd_holistic_results.json,,3.491450297374847,low,jump_two_hand_presence_low,recapture,左手“地面”和右手“两指小人”需要同时入画；当前左手覆盖 0.44、右手覆盖 0.84。,0.3151390671053366,0.5693374297688026,0.5693374297688026,semantic_action_window,True,short_action_window_with_query_energy_peak,needs_recapture,jump_two_hand_presence_low,左手地面和右手跳跃没有同时稳定入画，建议重采后再评分。,False,0.5714285714285714,0.5714285714285714,0.0,True,insufficient_two_hand_presence,,0.0,False,,,,,0.5714285714285714,,,,,,,,,True,,,0.44,0.84,0.44,1.0,1.0,0.007265700483091788,0.047746031746031745,0.05396034076271528,0.034358098065748924,0.12227698794453053,0.18252896127562956,0.13271639621365985,0.2782785612906865,0.42824926196580126
web_20260523_053345_da4d1ec9,2026-05-23T05:33:46,跳,25,45,18.0,/data/WYC/signLanguage/work/generated/scoring_mvp_run3/all_demo_step2_worker_cache_semantic_v1/results/跳/跳_holistic_results.json,/data/WYC/signLanguage/work/generated/scoring_mvp_run3/all_demo_step2_worker_cache_semantic_v1/results/跳/跳_holistic_results.json,template_root,/data/WYC/signLanguage/work/generated/web_scoring_mvp/web_20260523_053345_da4d1ec9/holistic/user_跳_web_20260523_053345_da4d1ec9_holistic_results.json,,2.365787951869093,low,jump_two_hand_presence_low,recapture,左手“地面”和右手“两指小人”需要同时入画；当前左手覆盖 0.00、右手覆盖 0.76。,0.30233568676464506,0.6353878899953447,0.6353878899953447,semantic_action_window,True,short_action_window_with_query_energy_peak,needs_recapture,jump_two_hand_presence_low,左手地面和右手跳跃没有同时稳定入画，建议重采后再评分。,False,0.0,0.0,0.0,True,insufficient_two_hand_presence,,0.0,False,,,,,0.0,,,,,,,,,True,,,0.0,0.76,0.0,1.0,1.0,0.020343961352657005,0.1336888888888889,0.03643486211508429,0.03543655495822789,0.0,0.26992662874162426,0.0,0.26629688279877267,0.0
web_20260523_053401_8934d89a,2026-05-23T05:34:03,跳,25,45,18.0,/data/WYC/signLanguage/work/generated/scoring_mvp_run3/all_demo_step2_worker_cache_semantic_v1/results/跳/跳_holistic_results.json,/data/WYC/signLanguage/work/generated/scoring_mvp_run3/all_demo_step2_worker_cache_semantic_v1/results/跳/跳_holistic_results.json,template_root,/data/WYC/signLanguage/work/generated/web_scoring_mvp/web_20260523_053401_8934d89a/holistic/user_跳_web_20260523_053401_8934d89a_holistic_results.json,,3.6431533993163545,low,jump_two_hand_presence_low,recapture,左手“地面”和右手“两指小人”需要同时入画；当前左手覆盖 0.00、右手覆盖 0.84。,0.2879680977910017,0.5621194392153966,0.5621194392153966,semantic_action_window,True,short_action_window_with_query_energy_peak,needs_recapture,jump_two_hand_presence_low,左手地面和右手跳跃没有同时稳定入画，建议重采后再评分。,False,0.0,0.0,0.0,True,insufficient_two_hand_presence,,0.0,False,,,,,0.0,,,,,,,,,True,,,0.0,0.84,0.0,1.0,1.0,0.020343961352657005,0.1336888888888889,0.03785941710392885,0.036176709726563505,0.0,0.2707800848181305,0.0,0.26449984568007745,0.0
web_20260523_053940_f86fc279,2026-05-23T05:39:42,跳,25,45,18.0,/data/WYC/signLanguage/work/generated/scoring_mvp_run3/all_demo_step2_worker_cache_semantic_v1/results/跳/跳_holistic_results.json,/data/WYC/signLanguage/work/generated/scoring_mvp_run3/all_demo_step2_worker_cache_semantic_v1/results/跳/跳_holistic_results.json,template_root,/data/WYC/signLanguage/work/generated/web_scoring_mvp/web_20260523_053940_f86fc279/holistic/user_跳_web_20260523_053940_f86fc279_holistic_results.json,,2.2024919013715687,low,jump_two_hand_presence_low,recapture,左手“地面”和右手“两指小人”需要同时入画；当前左手覆盖 0.44、右手覆盖 0.76。,0.3025305805237921,0.6475255311986068,0.6475255311986068,semantic_action_window,True,short_action_window_with_query_energy_peak,needs_recapture,jump_two_hand_presence_low,左手地面和右手跳跃没有同时稳定入画，建议重采后再评分。,False,0.42857142857142855,0.42857142857142855,0.0,True,insufficient_two_hand_presence,,0.0,False,,,,,0.42857142857142855,,,,,,,,,True,,,0.44,0.76,0.44,1.0,1.0,0.01511265700483092,0.08203174603174603,0.10749022877375945,0.03499084501428677,0.05675200703337801,0.20067175442123086,0.05838464124670378,0.2827426562696605,0.28617211384450647
web_20260523_062341_afa8c368,2026-05-23T06:23:43,花,20,36,18.0,/data/WYC/signLanguage/work/generated/scoring_mvp_run3/all_demo_step2_worker_cache_semantic_v1/results/花/花_holistic_results.json,/data/WYC/signLanguage/work/generated/scoring_mvp_run3/all_demo_step2_worker_cache_semantic_v1/results/花/花_holistic_results.json,template_root,/data/WYC/signLanguage/work/generated/web_scoring_mvp/web_20260523_062341_afa8c368/holistic/user_花_web_20260523_062341_afa8c368_holistic_results.json,,14.571577821117309,low,flower_opening_guard_failed,semantic_mismatch,从撮合状态开始，慢慢张开五指并保持约 0.5 秒；当前张开分数 0.00。,0.04116987704635403,0.23113167350230693,0.23113167350230693,full_sequence_with_action_window_diagnostics,False,default,semantic_mismatch,flower_opening_guard_failed,手部已入画，但未检测到清晰的手指张开/绽放动态。,True,1.0,1.0,1.0,False,query_not_short_core_capture,short_visible_core,0.0,False,,,,,,,,,,,,,,False,0.0,right_hand_shape,1.0,0.45,0.45,1.0,1.0,0.025465786552952865,0.0,0.07787219358620825,0.017944571033772918,0.0,0.0,0.0,0.0,0.0
web_20260523_062353_2b6f64cd,2026-05-23T06:23:56,花,25,45,18.0,/data/WYC/signLanguage/work/generated/scoring_mvp_run3/all_demo_step2_worker_cache_semantic_v1/results/花/花_holistic_results.json,/data/WYC/signLanguage/work/generated/scoring_mvp_run3/all_demo_step2_worker_cache_semantic_v1/results/花/花_holistic_results.json,template_root,/data/WYC/signLanguage/work/generated/web_scoring_mvp/web_20260523_062353_2b6f64cd/holistic/user_花_web_20260523_062353_2b6f64cd_holistic_results.json,,79.52980911987503,normal_like,flower_core_accepted,normal,开花核心段可评分；继续保持手部完整入画和清晰张开动态。,0.03164127754936098,0.03321055018299307,0.03321055018299307,full_sequence_with_action_window_diagnostics,False,visible_semantic_core_scale,score_valid,score_valid,核心语义可评分。,True,1.0,0.76,1.0,True,query_not_short_core_capture,short_visible_core,0.0,False,,,,,,,,,,,,,,True,1.0,right_hand_shape,0.0,0.76,0.0,1.0,1.0,0.00024913604766633356,0.0,0.033876181001158856,0.005884829721362231,0.0,0.0,0.0,0.0,0.0
web_20260523_062406_09525c5f,2026-05-23T06:24:09,花,25,45,18.0,/data/WYC/signLanguage/work/generated/scoring_mvp_run3/all_demo_step2_worker_cache_semantic_v1/results/花/花_holistic_results.json,/data/WYC/signLanguage/work/generated/scoring_mvp_run3/all_demo_step2_worker_cache_semantic_v1/results/花/花_holistic_results.json,template_root,/data/WYC/signLanguage/work/generated/web_scoring_mvp/web_20260523_062406_09525c5f/holistic/user_花_web_20260523_062406_09525c5f_holistic_results.json,,80.02240105598675,normal_like,flower_core_accepted,normal,开花核心段可评分；继续保持手部完整入画和清晰张开动态。,0.03112698488097587,0.032315218710059414,0.032315218710059414,full_sequence_with_action_window_diagnostics,False,visible_semantic_core_scale,score_valid,score_valid,核心语义可评分。,True,1.0,0.72,1.0,True,query_not_short_core_capture,short_visible_core,0.0,False,,,,,,,,,,,,,,True,1.0,right_hand_shape,0.0,0.72,0.0,1.0,1.0,0.0016371797418073526,0.0,0.019856477234627194,0.005884829721362231,0.0,0.0,0.0,0.0,0.0
web_20260523_062420_5aea4dd9,2026-05-23T06:24:23,花,25,45,18.0,/data/WYC/signLanguage/work/generated/scoring_mvp_run3/all_demo_step2_worker_cache_semantic_v1/results/花/花_holistic_results.json,/data/WYC/signLanguage/work/generated/scoring_mvp_run3/all_demo_step2_worker_cache_semantic_v1/results/花/花_holistic_results.json,template_root,/data/WYC/signLanguage/work/generated/web_scoring_mvp/web_20260523_062420_5aea4dd9/holistic/user_花_web_20260523_062420_5aea4dd9_holistic_results.json,,78.62361889539538,normal_like,flower_core_accepted,normal,开花核心段可评分；继续保持手部完整入画和清晰张开动态。,0.03292368206524338,0.034872215341815574,0.034872215341815574,full_sequence_with_action_window_diagnostics,False,visible_semantic_core_scale,score_valid,score_valid,核心语义可评分。,True,1.0,0.8,1.0,True,query_not_short_core_capture,short_visible_core,0.0,False,,,,,,,,,,,,,,True,1.0,right_hand_shape,0.0,0.8,0.0,1.0,1.0,0.00213545183714002,0.0,0.034758932130822005,0.005884829721362231,0.0,0.0,0.0,0.0,0.0
web_20260523_062433_e3e870b6,2026-05-23T06:24:35,花,25,45,18.0,/data/WYC/signLanguage/work/generated/scoring_mvp_run3/all_demo_step2_worker_cache_semantic_v1/results/花/花_holistic_results.json,/data/WYC/signLanguage/work/generated/scoring_mvp_run3/all_demo_step2_worker_cache_semantic_v1/results/花/花_holistic_results.json,template_root,/data/WYC/signLanguage/work/generated/web_scoring_mvp/web_20260523_062433_e3e870b6/holistic/user_花_web_20260523_062433_e3e870b6_holistic_results.json,,53.00760066288153,low,flower_opening_guard_failed,semantic_mismatch,从撮合状态开始，慢慢张开五指并保持约 0.5 秒；当前张开分数 0.55。,0.030803187039390962,0.07616818487812864,0.07616818487812864,full_sequence_with_action_window_diagnostics,False,default,semantic_mismatch,flower_opening_guard_failed,手部已入画，但未检测到清晰的手指张开/绽放动态。,True,0.8571428571428571,0.68,0.8571428571428571,False,query_not_short_core_capture,short_visible_core,0.0,False,,,,,,,,,,,,,,False,0.55,right_hand_shape,0.0,0.68,0.0,1.0,1.0,0.003523495531281034,0.0,0.020107615982320828,0.005884829721362231,0.0,0.0,0.0,0.0,0.0
web_20260523_062644_9a457871,2026-05-23T06:26:47,花,25,45,18.0,/data/WYC/signLanguage/work/generated/scoring_mvp_run3/all_demo_step2_worker_cache_semantic_v1/results/花/花_holistic_results.json,/data/WYC/signLanguage/work/generated/scoring_mvp_run3/all_demo_step2_worker_cache_semantic_v1/results/花/花_holistic_results.json,template_root,/data/WYC/signLanguage/work/generated/web_scoring_mvp/web_20260523_062644_9a457871/holistic/user_花_web_20260523_062644_9a457871_holistic_results.json,,79.94084919136743,normal_like,flower_core_accepted,normal,开花核心段可评分；继续保持手部完整入画和清晰张开动态。,0.030553599395136036,0.03246306543580431,0.03246306543580431,full_sequence_with_action_window_diagnostics,False,visible_semantic_core_scale,score_valid,score_valid,核心语义可评分。,True,1.0,0.68,1.0,True,query_not_short_core_capture,short_visible_core,0.0,False,,,,,,,,,,,,,,True,1.0,right_hand_shape,0.0,0.68,0.0,1.0,1.0,0.003523495531281034,0.0,0.028338596556393005,0.005884829721362231,0.0,0.0,0.0,0.0,0.0
web_20260523_063002_0aa1419e,2026-05-23T06:30:04,跳,25,45,18.0,/data/WYC/signLanguage/work/generated/scoring_mvp_run3/all_demo_step2_worker_cache_semantic_v1/results/跳/跳_holistic_results.json,/data/WYC/signLanguage/work/generated/scoring_mvp_run3/all_demo_step2_worker_cache_semantic_v1/results/跳/跳_holistic_results.json,template_root,/data/WYC/signLanguage/work/generated/web_scoring_mvp/web_20260523_063002_0aa1419e/holistic/user_跳_web_20260523_063002_0aa1419e_holistic_results.json,,4.239826394505696,low,jump_two_hand_presence_low,recapture,左手“地面”和右手“两指小人”需要同时入画；当前左手覆盖 0.48、右手覆盖 0.84。,0.2734718499367914,0.5363797287257013,0.5363797287257013,semantic_action_window,True,short_action_window_with_query_energy_peak,needs_recapture,jump_two_hand_presence_low,左手地面和右手跳跃没有同时稳定入画，建议重采后再评分。,False,0.2857142857142857,0.2857142857142857,0.0,True,insufficient_two_hand_presence,,0.0,False,,,,,0.2857142857142857,,,,,,,,,True,,,0.48,0.84,0.48,1.0,1.0,0.013804830917874397,0.09071746031746031,0.032722991449837556,0.024169686323713403,0.06221450690164094,0.19523940682009927,0.07612503997442409,0.28230617135192076,0.1243419690540065
web_20260523_063015_4017237e,2026-05-23T06:30:17,跳,25,45,18.0,/data/WYC/signLanguage/work/generated/scoring_mvp_run3/all_demo_step2_worker_cache_semantic_v1/results/跳/跳_holistic_results.json,/data/WYC/signLanguage/work/generated/scoring_mvp_run3/all_demo_step2_worker_cache_semantic_v1/results/跳/跳_holistic_results.json,template_root,/data/WYC/signLanguage/work/generated/web_scoring_mvp/web_20260523_063015_4017237e/holistic/user_跳_web_20260523_063015_4017237e_holistic_results.json,,8.918992977808744,low,jump_two_hand_presence_low,recapture,左手“地面”和右手“两指小人”需要同时入画；当前左手覆盖 0.64、右手覆盖 0.84。,0.24169962942636383,0.4101763193238772,0.4101763193238772,semantic_action_window,True,short_action_window_with_query_energy_peak,needs_recapture,jump_two_hand_presence_low,左手地面和右手跳跃没有同时稳定入画，建议重采后再评分。,False,1.0,0.42857142857142855,1.0,True,insufficient_two_hand_presence,,0.0,False,,,,,0.42857142857142855,,,,,,,,,True,,,0.64,0.84,0.64,1.0,1.0,0.010535265700483092,0.06923174603174602,0.03494847744836449,0.029199558128304458,0.06382083622249576,0.18559672966595117,0.09842403598591226,0.2821386284088471,0.15129980486658248
web_20260523_063026_c2f04725,2026-05-23T06:30:28,跳,25,45,18.0,/data/WYC/signLanguage/work/generated/scoring_mvp_run3/all_demo_step2_worker_cache_semantic_v1/results/跳/跳_holistic_results.json,/data/WYC/signLanguage/work/generated/scoring_mvp_run3/all_demo_step2_worker_cache_semantic_v1/results/跳/跳_holistic_results.json,template_root,/data/WYC/signLanguage/work/generated/web_scoring_mvp/web_20260523_063026_c2f04725/holistic/user_跳_web_20260523_063026_c2f04725_holistic_results.json,,12.248317146859815,low,jump_two_hand_presence_low,semantic_mismatch,保持双手关系清楚：左手稳定作为地面，右手食指/中指完成弹跳；当前左/右覆盖 0.64/0.92。,0.27057547811060073,0.35634475981304825,0.35634475981304825,semantic_action_window,True,short_action_window_with_query_energy_peak,semantic_mismatch,phase_endpoint_order_mismatch,双手关系已入画，但未满足右手在左手基础上弹跳的核心语义。,True,0.8571428571428571,0.8571428571428571,0.0,True,phase_endpoint_order_mismatch,,0.0,False,,,,,0.8571428571428571,,,,,,,,,True,,,0.64,0.92,0.64,1.0,1.0,0.0007265700483091788,0.004774603174603174,0.023841062215964007,0.022262917993856678,0.10799595564841692,0.19615330647170628,0.1307472582518225,0.2774206470854175,0.5451166637823578
web_20260523_063052_fc94e4f7,2026-05-23T06:30:53,跳,25,45,18.0,/data/WYC/signLanguage/work/generated/scoring_mvp_run3/all_demo_step2_worker_cache_semantic_v1/results/跳/跳_holistic_results.json,/data/WYC/signLanguage/work/generated/scoring_mvp_run3/all_demo_step2_worker_cache_semantic_v1/results/跳/跳_holistic_results.json,template_root,/data/WYC/signLanguage/work/generated/web_scoring_mvp/web_20260523_063052_fc94e4f7/holistic/user_跳_web_20260523_063052_fc94e4f7_holistic_results.json,,17.520121173912663,low,jump_low_other,semantic_mismatch,保持双手关系清楚：左手稳定作为地面，右手食指/中指完成弹跳；当前左/右覆盖 0.72/0.84。,0.22256567681228437,0.2955966873226788,0.2955966873226788,semantic_action_window,True,short_action_window_with_query_energy_peak,semantic_mismatch,phase_endpoint_order_mismatch,双手关系已入画，但未满足右手在左手基础上弹跳的核心语义。,True,1.0,1.0,0.0,True,phase_endpoint_order_mismatch,,0.0,False,,,,,1.0,,,,,,,,,True,,,0.72,0.84,0.72,1.0,1.0,0.002542995169082127,0.0,0.020222630614042284,0.017199577779091202,0.11116419929202641,0.13698090337944752,0.1785368065847679,0.26695739236521826,0.275280449437162
web_20260523_063109_8727dac1,2026-05-23T06:31:11,跳,25,45,18.0,/data/WYC/signLanguage/work/generated/scoring_mvp_run3/all_demo_step2_worker_cache_semantic_v1/results/跳/跳_holistic_results.json,/data/WYC/signLanguage/work/generated/scoring_mvp_run3/all_demo_step2_worker_cache_semantic_v1/results/跳/跳_holistic_results.json,template_root,/data/WYC/signLanguage/work/generated/web_scoring_mvp/web_20260523_063109_8727dac1/holistic/user_跳_web_20260523_063109_8727dac1_holistic_results.json,,9.550620215648639,low,jump_two_hand_presence_low,semantic_mismatch,保持双手关系清楚：左手稳定作为地面，右手食指/中指完成弹跳；当前左/右覆盖 0.60/1.00。,0.24584970384803675,0.39856454250651363,0.39856454250651363,semantic_action_window,True,short_action_window_with_query_energy_peak,semantic_mismatch,phase_endpoint_order_mismatch,双手关系已入画，但未满足右手在左手基础上弹跳的核心语义。,True,0.625,0.625,0.0,True,phase_endpoint_order_mismatch,,0.0,False,,,,,0.625,,,,,,,,,True,,,0.6,1.0,0.6,1.0,1.0,0.006039613526570048,0.03968888888888888,0.02123442815144857,0.025705091261227962,0.07947777483645613,0.1516803712189071,0.103204884432538,0.25698062118623277,0.22932302814141872
web_20260523_063159_324827f7,2026-05-23T06:32:00,花,15,30,10.0,/data/WYC/signLanguage/work/generated/scoring_mvp_run3/all_demo_step2_worker_cache_semantic_v1/results/花/花_holistic_results.json,/data/WYC/signLanguage/work/generated/scoring_mvp_run3/all_demo_step2_worker_cache_semantic_v1/results/花/花_holistic_results.json,template_root,/data/WYC/signLanguage/work/generated/web_scoring_mvp/web_20260523_063159_324827f7/holistic/user_花_web_20260523_063159_324827f7_holistic_results.json,,78.46302938015793,normal_like,flower_core_accepted,normal,开花核心段可评分；继续保持手部完整入画和清晰张开动态。,0.03277819001241305,0.035168682139941364,0.035168682139941364,full_sequence_with_action_window_diagnostics,False,visible_semantic_core_scale,score_valid,score_valid,核心语义可评分。,True,1.0,0.6666666666666666,1.0,True,used,short_visible_core,78.33328680886288,True,,,,,,10,15,0.7421274715548775,,,,,,True,1.0,right_hand_shape,0.0,0.6666666666666666,0.0,1.0,1.0,0.004152267461105599,0.0,0.026733980674869744,0.005884829721362231,0.0,0.0,0.0,0.0,0.0
web_20260523_063217_bd40ee0c,2026-05-23T06:32:20,花,30,54,18.0,/data/WYC/signLanguage/work/generated/scoring_mvp_run3/all_demo_step2_worker_cache_semantic_v1/results/花/花_holistic_results.json,/data/WYC/signLanguage/work/generated/scoring_mvp_run3/all_demo_step2_worker_cache_semantic_v1/results/花/花_holistic_results.json,template_root,/data/WYC/signLanguage/work/generated/web_scoring_mvp/web_20260523_063217_bd40ee0c/holistic/user_花_web_20260523_063217_bd40ee0c_holistic_results.json,,79.2439729650452,normal_like,flower_core_accepted,normal,开花核心段可评分；继续保持手部完整入画和清晰张开动态。,0.0313652862695627,0.03373262992036138,0.03373262992036138,full_sequence_with_action_window_diagnostics,False,visible_semantic_core_scale,score_valid,score_valid,核心语义可评分。,True,1.0,0.7333333333333333,1.0,True,query_not_short_core_capture,short_visible_core,0.0,False,,,,,,,,,,,,,,True,1.0,right_hand_shape,0.0,0.7333333333333333,0.0,1.0,1.0,0.0010084078119827924,0.0,0.024534132383362606,0.005884829721362231,0.0,0.0,0.0,0.0,0.0
web_20260523_063230_6a3bad1f,2026-05-23T06:32:33,花,25,45,18.0,/data/WYC/signLanguage/work/generated/scoring_mvp_run3/all_demo_step2_worker_cache_semantic_v1/results/花/花_holistic_results.json,/data/WYC/signLanguage/work/generated/scoring_mvp_run3/all_demo_step2_worker_cache_semantic_v1/results/花/花_holistic_results.json,template_root,/data/WYC/signLanguage/work/generated/web_scoring_mvp/web_20260523_063230_6a3bad1f/holistic/user_花_web_20260523_063230_6a3bad1f_holistic_results.json,,79.67382118869443,normal_like,flower_core_accepted,normal,开花核心段可评分；继续保持手部完整入画和清晰张开动态。,0.031183511685895365,0.032948222550967105,0.032948222550967105,full_sequence_with_action_window_diagnostics,False,visible_semantic_core_scale,score_valid,score_valid,核心语义可评分。,True,1.0,0.68,1.0,True,query_not_short_core_capture,short_visible_core,0.0,False,,,,,,,,,,,,,,True,0.8261124920845032,right_hand_shape,0.0,0.68,0.0,1.0,1.0,0.003523495531281034,0.0,0.025121814876470052,0.005884829721362231,0.0,0.0,0.0,0.0,0.0
web_20260523_071212_4547d033,2026-05-23T07:12:14,花,25,45,18.0,/data/WYC/signLanguage/work/generated/scoring_mvp_run3/all_demo_step2_worker_cache_semantic_v1/results/花/花_holistic_results.json,/data/WYC/signLanguage/work/generated/scoring_mvp_run3/all_demo_step2_worker_cache_semantic_v1/results/花/花_holistic_results.json,template_root,/data/WYC/signLanguage/work/generated/web_scoring_mvp/web_20260523_071212_4547d033/holistic/user_花_web_20260523_071212_4547d033_holistic_results.json,,79.55953575021618,normal_like,flower_core_accepted,normal,开花核心段可评分；继续保持手部完整入画和清晰张开动态。,0.03020218758834384,0.03315636224912292,0.03315636224912292,full_sequence_with_action_window_diagnostics,False,visible_semantic_core_scale,score_valid,score_valid,核心语义可评分。,True,1.0,0.6,1.0,True,query_not_short_core_capture,short_visible_core,0.0,False,,,,,,,,,,,,,,True,1.0,right_hand_shape,0.0,0.6,0.0,1.0,1.0,0.007296127110228407,0.0,0.03646381735417705,0.005884829721362231,0.0,0.0,0.0,0.0,0.0
web_20260523_071306_071a2172,2026-05-23T07:13:08,花,15,30,10.0,/data/WYC/signLanguage/work/generated/scoring_mvp_run3/all_demo_step2_worker_cache_semantic_v1/results/花/花_holistic_results.json,/data/WYC/signLanguage/work/generated/scoring_mvp_run3/all_demo_step2_worker_cache_semantic_v1/results/花/花_holistic_results.json,template_root,/data/WYC/signLanguage/work/generated/web_scoring_mvp/web_20260523_071306_071a2172/holistic/user_花_web_20260523_071306_071a2172_holistic_results.json,,76.92287432056455,normal_like,flower_core_accepted,normal,开花核心段可评分；继续保持手部完整入画和清晰张开动态。,0.037068346264014077,0.0394545692308529,0.0394545692308529,full_sequence_with_action_window_diagnostics,False,flower_short_visible_core_semantic_floor,score_valid,score_valid,核心语义可评分。,True,1.0,0.6,1.0,True,used,short_visible_core,76.92287432056455,True,,,,,,10,15,0.771474744130897,,,,,,True,0.8674894851446152,right_hand_shape,0.06666666666666667,0.6,0.06666666666666667,1.0,1.0,0.00803585879237495,0.0,0.02088374187136308,0.005884829721362231,0.0,0.002243057476019418,0.0,0.003511811049168588,0.0
web_20260523_071320_415e2975,2026-05-23T07:13:21,花,15,30,10.0,/data/WYC/signLanguage/work/generated/scoring_mvp_run3/all_demo_step2_worker_cache_semantic_v1/results/花/花_holistic_results.json,/data/WYC/signLanguage/work/generated/scoring_mvp_run3/all_demo_step2_worker_cache_semantic_v1/results/花/花_holistic_results.json,template_root,/data/WYC/signLanguage/work/generated/web_scoring_mvp/web_20260523_071320_415e2975/holistic/user_花_web_20260523_071320_415e2975_holistic_results.json,,78.39183513989589,normal_like,flower_core_accepted,normal,开花核心段可评分；继续保持手部完整入画和清晰张开动态。,0.0334019527673827,0.03530030911343033,0.03530030911343033,full_sequence_with_action_window_diagnostics,False,visible_semantic_core_scale,score_valid,score_valid,核心语义可评分。,True,1.0,0.8,1.0,True,used,short_visible_core,74.82417009537517,True,,,,,,8,13,0.7320061922771187,,,,,,True,0.6533577394485475,right_hand_shape,0.0,0.8,0.0,1.0,1.0,0.00213545183714002,0.0,0.026016708623942657,0.005884829721362231,0.0,0.0,0.0,0.0,0.0
web_20260523_071339_f3f432d2,2026-05-23T07:13:42,花,25,45,18.0,/data/WYC/signLanguage/work/generated/scoring_mvp_run3/all_demo_step2_worker_cache_semantic_v1/results/花/花_holistic_results.json,/data/WYC/signLanguage/work/generated/scoring_mvp_run3/all_demo_step2_worker_cache_semantic_v1/results/花/花_holistic_results.json,template_root,/data/WYC/signLanguage/work/generated/web_scoring_mvp/web_20260523_071339_f3f432d2/holistic/user_花_web_20260523_071339_f3f432d2_holistic_results.json,,79.4095590622068,normal_like,flower_core_accepted,normal,开花核心段可评分；继续保持手部完整入画和清晰张开动态。,0.031669949530284784,0.033429957896616506,0.033429957896616506,full_sequence_with_action_window_diagnostics,False,visible_semantic_core_scale,score_valid,score_valid,核心语义可评分。,True,1.0,0.68,1.0,True,query_not_short_core_capture,short_visible_core,0.0,False,,,,,,,,,,,,,,True,1.0,right_hand_shape,0.0,0.68,0.0,1.0,1.0,0.003523495531281034,0.0,0.02501731490446971,0.005884829721362231,0.0,0.0,0.0,0.0,0.0
web_20260523_071415_2505a91e,2026-05-23T07:14:18,花,25,45,18.0,/data/WYC/signLanguage/work/generated/scoring_mvp_run3/all_demo_step2_worker_cache_semantic_v1/results/花/花_holistic_results.json,/data/WYC/signLanguage/work/generated/scoring_mvp_run3/all_demo_step2_worker_cache_semantic_v1/results/花/花_holistic_results.json,template_root,/data/WYC/signLanguage/work/generated/web_scoring_mvp/web_20260523_071415_2505a91e/holistic/user_花_web_20260523_071415_2505a91e_holistic_results.json,,79.11559662089849,normal_like,flower_core_accepted,normal,开花核心段可评分；继续保持手部完整入画和清晰张开动态。,0.03223470278262573,0.03396772242569748,0.03396772242569748,full_sequence_with_action_window_diagnostics,False,visible_semantic_core_scale,score_valid,score_valid,核心语义可评分。,True,0.8571428571428571,0.8,0.8571428571428571,True,query_not_short_core_capture,short_visible_core,0.0,False,,,,,,,,,,,,,,True,1.0,right_hand_shape,0.04,0.8,0.04,1.0,1.0,0.0025792908464279457,0.0,0.028194384238104796,0.005884829721362231,0.0,0.0,0.0,0.0,0.0
web_20260602_212933_7ad54f26,2026-06-02T21:29:35,花,15,30,10.0,/data/WYC/signLanguage/work/generated/scoring_mvp_run3/all_demo_step2_worker_cache_semantic_v1/results/花/花_holistic_results.json,/data/WYC/signLanguage/work/generated/scoring_mvp_run3/all_demo_step2_worker_cache_semantic_v1/results/花/花_holistic_results.json,template_root,/data/WYC/signLanguage/work/generated/web_scoring_mvp/web_20260602_212933_7ad54f26/holistic/user_花_web_20260602_212933_7ad54f26_holistic_results.json,,14.862884114352834,low,flower_opening_guard_failed,recapture,让开花手保持在画面中央，完整露出手腕和五指；当前窗口核心手覆盖 0.00。,0.02687464750960641,0.22875636957281106,0.22875636957281106,full_sequence_with_action_window_diagnostics,False,default,needs_recapture,flower_core_hand_presence_low,核心手部覆盖不足，建议让开花手势稳定入画后重采。,False,0.0,0.0,0.0,False,insufficient_core_hand_presence,short_visible_core,0.0,False,,,,,,,,,,,,,,False,0.0,,0.0,0.0,0.0,1.0,1.0,0.03559086395233368,0.0,0.0,0.004781424148606812,0.0,0.0,0.0,0.0,0.0
web_20260602_212951_e1173da1,2026-06-02T21:29:52,花,15,30,10.0,/data/WYC/signLanguage/work/generated/scoring_mvp_run3/all_demo_step2_worker_cache_semantic_v1/results/花/花_holistic_results.json,/data/WYC/signLanguage/work/generated/scoring_mvp_run3/all_demo_step2_worker_cache_semantic_v1/results/花/花_holistic_results.json,template_root,/data/WYC/signLanguage/work/generated/web_scoring_mvp/web_20260602_212951_e1173da1/holistic/user_花_web_20260602_212951_e1173da1_holistic_results.json,,77.62491144989006,normal_like,flower_core_accepted,normal,开花核心段可评分；继续保持手部完整入画和清晰张开动态。,0.03463974541443352,0.03672585903920213,0.03672585903920213,full_sequence_with_action_window_diagnostics,False,visible_semantic_core_scale,score_valid,score_valid,核心语义可评分。,True,1.0,0.8,1.0,True,action_window_coverage_low,short_visible_core,0.0,False,,,,,,,,,,,,,,True,1.0,right_hand_shape,0.0,0.8,0.0,1.0,1.0,0.00213545183714002,0.0,0.027059804616836942,0.005884829721362231,0.0,0.0,0.0,0.0,0.0
web_20260602_213015_411a2ecd,2026-06-02T21:30:18,花,30,54,18.0,/data/WYC/signLanguage/work/generated/scoring_mvp_run3/all_demo_step2_worker_cache_semantic_v1/results/花/花_holistic_results.json,/data/WYC/signLanguage/work/generated/scoring_mvp_run3/all_demo_step2_worker_cache_semantic_v1/results/花/花_holistic_results.json,template_root,/data/WYC/signLanguage/work/generated/web_scoring_mvp/web_20260602_213015_411a2ecd/holistic/user_花_web_20260602_213015_411a2ecd_holistic_results.json,,78.86089449865257,normal_like,flower_core_accepted,normal,开花核心段可评分；继续保持手部完整入画和清晰张开动态。,0.029551493407142127,0.034435283636415376,0.034435283636415376,full_sequence_with_action_window_diagnostics,False,visible_semantic_core_scale,score_valid,score_valid,核心语义可评分。,True,1.0,0.6333333333333333,1.0,True,query_not_short_core_capture,short_visible_core,0.0,False,,,,,,,,,,,,,,True,1.0,right_hand_shape,0.0,0.6333333333333333,0.0,1.0,1.0,0.005724197285667003,0.0,0.03682948999212747,0.005545320314360563,0.0,0.0,0.0,0.0,0.0
web_20260602_213030_368950ee,2026-06-02T21:30:33,花,25,45,18.0,/data/WYC/signLanguage/work/generated/scoring_mvp_run3/all_demo_step2_worker_cache_semantic_v1/results/花/花_holistic_results.json,/data/WYC/signLanguage/work/generated/scoring_mvp_run3/all_demo_step2_worker_cache_semantic_v1/results/花/花_holistic_results.json,template_root,/data/WYC/signLanguage/work/generated/web_scoring_mvp/web_20260602_213030_368950ee/holistic/user_花_web_20260602_213030_368950ee_holistic_results.json,,78.35512494388232,normal_like,flower_core_accepted,normal,开花核心段可评分；继续保持手部完整入画和清晰张开动态。,0.03157085136410032,0.035368227221908397,0.035368227221908397,full_sequence_with_action_window_diagnostics,False,visible_semantic_core_scale,score_valid,score_valid,核心语义可评分。,True,1.0,0.48,1.0,True,query_not_short_core_capture,short_visible_core,0.0,False,,,,,,,,,,,,,,True,1.0,right_hand_shape,0.04,0.48,0.04,1.0,1.0,0.013398913487937387,0.0,0.03079047622176317,0.005545320314360563,0.0,0.002392857450103307,0.0,0.0035977419418641425,0.0
web_20260602_213050_ec3d0907,2026-06-02T21:30:52,花,25,45,18.0,/data/WYC/signLanguage/work/generated/scoring_mvp_run3/all_demo_step2_worker_cache_semantic_v1/results/花/花_holistic_results.json,/data/WYC/signLanguage/work/generated/scoring_mvp_run3/all_demo_step2_worker_cache_semantic_v1/results/花/花_holistic_results.json,template_root,/data/WYC/signLanguage/work/generated/web_scoring_mvp/web_20260602_213050_ec3d0907/holistic/user_花_web_20260602_213050_ec3d0907_holistic_results.json,,79.51660170577749,normal_like,flower_core_accepted,normal,开花核心段可评分；继续保持手部完整入画和清晰张开动态。,0.030837213250649982,0.03323463214798182,0.03323463214798182,full_sequence_with_action_window_diagnostics,False,visible_semantic_core_scale,score_valid,score_valid,核心语义可评分。,True,1.0,0.72,1.0,True,query_not_short_core_capture,short_visible_core,0.0,False,,,,,,,,,,,,,,True,1.0,right_hand_shape,0.0,0.72,0.0,1.0,1.0,0.0016371797418073526,0.0,0.04672725652903361,0.005884829721362231,0.0,0.0,0.0,0.0,0.0
web_20260602_213918_4947c25e,2026-06-02T21:39:20,花,25,45,18.0,/data/WYC/signLanguage/work/generated/scoring_mvp_run3/all_demo_step2_worker_cache_semantic_v1/results/花/花_holistic_results.json,/data/WYC/signLanguage/work/generated/scoring_mvp_run3/all_demo_step2_worker_cache_semantic_v1/results/花/花_holistic_results.json,template_root,/data/WYC/signLanguage/work/generated/web_scoring_mvp/web_20260602_213918_4947c25e/holistic/user_花_web_20260602_213918_4947c25e_holistic_results.json,,79.70653210079507,normal_like,flower_core_accepted,normal,开花核心段可评分；继续保持手部完整入画和清晰张开动态。,0.031014770373895738,0.03288870351711765,0.03288870351711765,full_sequence_with_action_window_diagnostics,False,visible_semantic_core_scale,score_valid,score_valid,核心语义可评分。,True,0.8888888888888888,0.72,0.8888888888888888,True,query_not_short_core_capture,short_visible_core,0.0,False,,,,,,,,,,,,,,True,0.7360476684570313,right_hand_shape,0.0,0.72,0.0,1.0,1.0,0.0016371797418073526,0.0,0.035094239771035346,0.005884829721362231,0.0,0.0,0.0,0.0,0.0
web_20260602_214010_3f951c51,2026-06-02T21:40:12,跳,25,45,18.0,/data/WYC/signLanguage/work/generated/scoring_mvp_run3/all_demo_step2_worker_cache_semantic_v1/results/跳/跳_holistic_results.json,/data/WYC/signLanguage/work/generated/scoring_mvp_run3/all_demo_step2_worker_cache_semantic_v1/results/跳/跳_holistic_results.json,template_root,/data/WYC/signLanguage/work/generated/web_scoring_mvp/web_20260602_214010_3f951c51/holistic/user_跳_web_20260602_214010_3f951c51_holistic_results.json,,7.8438115814853075,low,jump_two_hand_presence_low,semantic_mismatch,保持双手关系清楚：左手稳定作为地面，右手食指/中指完成弹跳；当前左/右覆盖 0.60/0.88。,0.3136304115027466,0.43197639163739887,0.43197639163739887,semantic_action_window,True,short_action_window_with_query_energy_peak,semantic_mismatch,phase_endpoint_order_mismatch,双手关系已入画，但未满足右手在左手基础上弹跳的核心语义。,True,1.0,1.0,0.0,True,phase_endpoint_order_mismatch,,0.0,False,,,,,1.0,,,,,,,,,True,,,0.6,0.88,0.6,1.0,1.0,0.002542995169082127,0.0,0.06223736263959088,0.02408591100971085,0.11542489451408777,0.20340249444371933,0.15773234219045676,0.2708899082958266,0.5767714950447185
web_20260602_214656_3fae071b,2026-06-02T21:46:58,跳,25,45,18.0,/data/WYC/signLanguage/work/generated/scoring_mvp_run3/all_demo_step2_worker_cache_semantic_v1/results/跳/跳_holistic_results.json,/data/WYC/signLanguage/work/generated/scoring_mvp_run3/all_demo_step2_worker_cache_semantic_v1/results/跳/跳_holistic_results.json,template_root,/data/WYC/signLanguage/work/generated/web_scoring_mvp/web_20260602_214656_3fae071b/holistic/user_跳_web_20260602_214656_3fae071b_holistic_results.json,,1.353793221951907,low,jump_two_hand_presence_low,recapture,左手“地面”和右手“两指小人”需要同时入画；当前左手覆盖 0.04、右手覆盖 0.48。,0.3777508970391062,0.7301176887098844,0.7301176887098844,semantic_action_window,True,short_action_window_with_query_energy_peak,needs_recapture,jump_two_hand_presence_low,左手地面和右手跳跃没有同时稳定入画，建议重采后再评分。,False,0.25,0.14285714285714285,0.25,True,insufficient_two_hand_presence,,0.0,False,,,,,0.14285714285714285,,,,,,,,,True,,,0.04,0.48,0.04,1.0,1.0,0.02622917874396135,0.1378031746031746,0.027883045719955243,0.03633999055512927,0.0,0.2651520912702426,0.0,0.21368937203021326,0.0
web_20260602_233301_233b8215,2026-06-02T23:33:01,花,6,59,10.0,/data/WYC/signLanguage/work/generated/scoring_mvp_run3/all_demo_step2_worker_cache_semantic_v1/results/花/花_holistic_results.json,/data/WYC/signLanguage/work/generated/scoring_mvp_run3/all_demo_step2_worker_cache_semantic_v1/results/花/花_holistic_results.json,template_root,/data/WYC/signLanguage/work/generated/web_scoring_mvp/web_20260602_233301_233b8215/holistic/user_花_web_20260602_233301_233b8215_holistic_results.json,,2.9127845134605423,low,flower_opening_guard_failed,semantic_mismatch,从撮合状态开始，慢慢张开五指并保持约 0.5 秒；当前张开分数 0.05。,0.03878805068059302,0.4243272821810712,0.4243272821810712,full_sequence_with_action_window_diagnostics,False,default,semantic_mismatch,flower_opening_guard_failed,手部已入画，但手指张开/绽放动态不够清晰。,True,1.0,1.0,1.0,False,opening_guard_too_weak,short_visible_core,0.0,False,,,,,,,,,,,,,,False,0.05203584730625151,right_hand_shape,0.0,1.0,0.0,1.0,1.0,0.011567030784508442,0.0,0.07148359740970181,0.005884829721362231,0.0,0.0,0.0,0.0,0.0
web_20260602_233302_d92c0ce2,2026-06-02T23:33:02,跳,9,23,10.0,/data/WYC/signLanguage/work/generated/scoring_mvp_run3/all_demo_step2_worker_cache_semantic_v1/results/跳/跳_holistic_results.json,/data/WYC/signLanguage/work/generated/scoring_mvp_run3/all_demo_step2_worker_cache_semantic_v1/results/跳/跳_holistic_results.json,template_root,/data/WYC/signLanguage/work/generated/web_scoring_mvp/web_20260602_233302_d92c0ce2/holistic/user_跳_web_20260602_233302_d92c0ce2_holistic_results.json,,55.326306518008785,low,jump_low_other,semantic_mismatch,保持双手关系清楚：左手稳定作为地面，右手食指/中指完成弹跳；当前左/右覆盖 0.89/1.00。,0.06059087973237762,0.10045244097511562,0.10045244097511562,semantic_action_window,True,short_action_window_with_query_energy_peak,semantic_mismatch,phase_endpoint_order_mismatch,双手关系已入画，但未满足右手在左手基础上弹跳的核心语义。,True,1.0,0.8333333333333334,1.0,True,phase_endpoint_order_mismatch,,0.0,False,,,,,0.8333333333333334,,,,,,,,,True,,,0.8888888888888888,1.0,0.8888888888888888,1.0,1.0,0.0012714975845410609,0.008355555555555541,0.008709116408228875,0.013053415049699993,0.014429364340153818,0.011618303014715947,0.08985780752223071,0.05065765213156377,0.017724507252150336
web_20260602_233343_899e6970,2026-06-02T23:33:47,花,53,105,10.0,/data/WYC/signLanguage/work/generated/scoring_mvp_run3/all_demo_step2_worker_cache_semantic_v1/results/花/花_holistic_results.json,/data/WYC/signLanguage/work/generated/scoring_mvp_run3/all_demo_step2_worker_cache_semantic_v1/results/花/花_holistic_results.json,template_root,/data/WYC/signLanguage/work/generated/web_scoring_mvp/web_20260602_233343_899e6970/holistic/user_花_web_20260602_233343_899e6970_holistic_results.json,,76.89925771288746,normal_like,flower_core_accepted,normal,开花核心段可评分；继续保持手部完整入画和清晰张开动态。,0.029509025311807786,0.038087724511943075,0.038087724511943075,full_sequence_with_action_window_diagnostics,False,visible_semantic_core_scale,score_valid,score_valid,核心语义可评分。,True,1.0,0.7924528301886793,1.0,True,query_not_short_core_capture,short_visible_core,0.0,False,,,,,,,,,,,,,,True,0.8732175809144974,right_hand_shape,0.0,0.7924528301886793,0.0,1.0,1.0,0.0017795431976166832,0.0,0.014475519286287137,0.005884829721362231,0.0,0.0,0.0,0.0,0.0
web_20260602_233348_53e3df5d,2026-06-02T23:33:49,跳,19,37,10.0,/data/WYC/signLanguage/work/generated/scoring_mvp_run3/all_demo_step2_worker_cache_semantic_v1/results/跳/跳_holistic_results.json,/data/WYC/signLanguage/work/generated/scoring_mvp_run3/all_demo_step2_worker_cache_semantic_v1/results/跳/跳_holistic_results.json,template_root,/data/WYC/signLanguage/work/generated/web_scoring_mvp/web_20260602_233348_53e3df5d/holistic/user_跳_web_20260602_233348_53e3df5d_holistic_results.json,,88.57686551142223,normal_like,jump_core_accepted,normal,双手弹跳核心语义可评分；继续保持两只手同时稳定入画。,0.02307627007605986,0.02866189788925535,0.020585203362634398,semantic_action_window,True,short_action_window_with_query_energy_peak,score_valid,score_valid,核心语义可评分。,True,0.8888888888888888,0.8888888888888888,0.8333333333333334,True,used,action_window_net,82.085705029437,True,0.993497902706036,1.0,1.0062869109760284,0.5344131464964378,0.8888888888888888,6,22,,,,,,,True,,,0.8421052631578947,0.8947368421052632,0.8421052631578947,1.0,1.0,0.0,0.0,0.0014881856355816129,0.0029866471103990955,0.012219724457055731,0.00992315849042866,0.07456611149392556,0.04299140827008548,0.009045765887818788
