word,sample_id,category,source_kind,score,band,score_scale_reason,capture_quality_status,capture_quality_reason,semantic_floor_used,semantic_floor_source,semantic_floor_reason,semantic_floor_direction_cosine,semantic_floor_amplitude_ratio,semantic_floor_query_segment_coverage,jump_two_finger_shape_mean,flower_opening_passed,flower_opening_score,flower_opening_delta_score,flower_opening_range_score,flower_opening_delta,full_inversion_rate,full_kendall_tau,full_adjacent_backtrack_rate,full_max_backtrack_norm,full_span_norm,full_large_span_norm,full_unique_index_ratio,full_disorder_span_score,full_adjacent_disorder_span_score,full_backtrack_span_score,full_content_order_score,full_mean_nearest_distance,full_anchor_indices,action_inversion_rate,action_kendall_tau,action_adjacent_backtrack_rate,action_max_backtrack_norm,action_span_norm,action_large_span_norm,action_unique_index_ratio,action_disorder_span_score,action_adjacent_disorder_span_score,action_backtrack_span_score,action_content_order_score,action_mean_nearest_distance,action_anchor_indices,left_hand_presence,right_hand_presence,two_hand_presence,alignment_mode,used_action_window,standard_length,query_length,variant_kind,expected,request_id,query_json,standard_json,error,action_anchor_count,action_enabled,action_max_nearest_distance,action_query_length,capture_fps,dtw_distance,frame_count,full_anchor_count,full_enabled,full_max_nearest_distance,full_query_length,normalized_distance,rationale,saved_result_path,saved_standard_json,semantic_floor_fallback_from_reason,semantic_floor_score
花,slow_start_fast_end,synthetic_positive,synthetic_phase_order,96.05551981932945,normal_like,visible_semantic_core_scale,score_valid,score_valid,False,short_visible_core,query_not_short_core_capture,,,,,True,0.9847862851619722,1.0,0.9723387002944947,0.34709596633911133,0.2,0.6,0.25,0.5384615384615384,0.8653846153846154,1.0,1.0,0.2,0.25,0.5384615384615384,0.8125000000000001,0.006439628482972137,"26,28,0,34,45",0.2,0.6,0.25,0.21428571428571427,0.8571428571428571,1.0,1.0,0.2,0.25,0.21428571428571427,0.8125000000000001,0.007925696594427245,"1,3,0,9,12",0.0,0.5849056603773585,0.0,full_sequence_with_action_window_diagnostics,False,53,53,positive,score_high,,,,,5,True,0.039628482972136225,15,,0.005514283900363472,,5,True,0.032198142414860687,53,0.009419639919759429,动作相位单调但前段慢、后段快。,,,,0.0
花,fast_start_slow_end,synthetic_positive,synthetic_phase_order,93.08210895996825,normal_like,visible_semantic_core_scale,score_valid,score_valid,False,short_visible_core,query_not_short_core_capture,,,,,True,0.9847862851619722,1.0,0.9723387002944947,0.37487518787384033,0.1,0.8,0.25,0.19230769230769232,0.5961538461538461,1.0,1.0,0.1,0.25,0.19230769230769232,0.8875000000000001,0.006439628482972137,"10,0,14,17,31",0.1,0.8,0.25,0.07142857142857142,0.7857142857142857,1.0,1.0,0.1,0.25,0.07142857142857142,0.8875000000000001,0.007925696594427245,"1,0,5,8,11",0.0,0.8301886792452831,0.0,full_sequence_with_action_window_diagnostics,False,53,53,positive,score_high,,,,,5,True,0.039628482972136225,15,,0.004730802615201129,,5,True,0.032198142414860687,53,0.013469809295134229,动作相位单调但前段快、后段慢。,,,,0.0
花,ease_in_out,synthetic_positive,synthetic_phase_order,94.33917688874139,normal_like,visible_semantic_core_scale,score_valid,score_valid,False,short_visible_core,query_not_short_core_capture,,,,,True,0.9847862851619722,1.0,0.9723387002944947,0.35159826278686523,0.4,-0.1,0.5,0.4807692307692308,0.4807692307692308,1.0,0.6,0.24,0.3,0.28846153846153844,0.553,0.019318885448916412,"19,0,0,25,0",0.2,0.5,0.25,0.14285714285714285,0.7857142857142857,1.0,0.8,0.16000000000000003,0.2,0.11428571428571428,0.7885000000000001,0.012879256965944275,"2,0,0,8,11",0.0,0.6792452830188679,0.0,full_sequence_with_action_window_diagnostics,False,53,53,positive,score_high,,,,,5,True,0.032198142414860687,15,,0.006523334348350139,,5,True,0.032198142414860687,53,0.012689844128027147,自然加速再减速，核心语义顺序不变。,,,,0.0
花,ordered_jitter,synthetic_positive,synthetic_phase_order,79.41015226303263,normal_like,visible_semantic_core_scale,score_valid,score_valid,False,short_visible_core,query_not_short_core_capture,,,,,True,0.5884725731611252,1.0,0.2517683148384095,0.351590096950531,0.4,-0.1,0.25,0.38461538461538464,0.38461538461538464,0.8547008547008548,0.6,0.20512820512820515,0.12820512820512822,0.19723865877712032,0.5759700854700854,0.019318885448916412,"0,17,20,0,0",0.4,-0.1,0.25,0.42857142857142855,0.42857142857142855,0.9523809523809523,0.6,0.22857142857142854,0.14285714285714285,0.24489795918367344,0.5857380952380953,0.019318885448916412,"0,3,6,0,0",0.0,0.7924528301886793,0.0,full_sequence_with_action_window_diagnostics,False,53,53,positive,score_high,,,,,5,True,0.032198142414860687,15,,0.01767068185446505,,5,True,0.032198142414860687,53,0.044914817935212514,轻微采样抖动但整体相位顺序不变。,,,,0.0
花,middle_hold_30pct,synthetic_positive,synthetic_phase_order,97.46410507754484,normal_like,visible_semantic_core_scale,score_valid,score_valid,False,short_visible_core,query_not_short_core_capture,,,,,True,0.9847862851619722,1.0,0.9723387002944947,0.32523930072784424,0.0,1.0,0.0,0.0,0.6029411764705882,1.0,1.0,0.0,0.0,0.0,1.0,0.0,"16,18,21,25,57",0.4,0.2,0.25,0.6666666666666666,0.6666666666666666,1.0,1.0,0.4,0.25,0.6666666666666666,0.6625,0.006439628482972137,"3,5,8,12,0",0.0,0.8115942028985508,0.0,full_sequence_with_action_window_diagnostics,False,53,69,positive,score_high,,,,,5,True,0.032198142414860687,19,,0.00019794899120595763,,5,True,0.0,69,0.003853141023196005,核心姿态附近短暂停留，但完整动作仍在。,,,,0.0
花,reverse_full,synthetic_disordered,synthetic_phase_order,20.40517312505013,low,default,score_valid,score_valid,False,short_visible_core,query_not_short_core_capture,,,,,True,0.5347862851619721,0.0,0.9723387002944947,-0.32523924112319946,1.0,-1.0,1.0,0.3076923076923077,0.4807692307692308,1.0,1.0,1.0,1.0,0.3076923076923077,0.1,0.0,"36,34,31,27,11",0.6,-0.2,0.75,0.2857142857142857,0.8571428571428571,1.0,1.0,0.6,0.75,0.2857142857142857,0.4375,0.006439628482972137,"10,8,5,1,13",0.0,0.7547169811320755,0.0,full_sequence_with_action_window_diagnostics,False,53,53,negative,not_accepted,,,,,5,True,0.032198142414860687,15,,0.03657461714592189,,5,True,0.0,53,0.1907258079268524,完整倒放，动作语义起终点和方向相反。,,,,0.0
花,swap_halves,synthetic_disordered,synthetic_phase_order,48.88010824150646,low,visible_semantic_core_scale,score_valid,score_valid,False,short_visible_core,query_not_short_core_capture,,,,,True,0.5347862851619721,0.0,0.9723387002944947,-0.13592538237571716,0.4,0.2,0.25,0.7115384615384616,0.7115384615384616,1.0,1.0,0.4,0.25,0.7115384615384616,0.6625,0.0,"43,45,48,52,15",0.4,0.2,0.25,1.0,1.0,1.0,1.0,0.4,0.25,1.0,0.6625,0.006439628482972137,"5,7,10,14,0",0.0,0.7547169811320755,0.0,full_sequence_with_action_window_diagnostics,False,53,53,negative,not_accepted,,,,,5,True,0.032198142414860687,15,,0.02346579795483895,,5,True,0.0,53,0.10379095022059591,前后半段错序，语义相位不连续。,,,,0.0
花,scramble_three_phases,synthetic_disordered,synthetic_phase_order,55.474980439627274,low,visible_semantic_core_scale,score_valid,score_valid,False,short_visible_core,query_not_short_core_capture,,,,,True,0.5347862851619721,0.0,0.9723387002944947,0.00044214725494384766,0.7,-0.4,0.5,0.6346153846153846,0.8846153846153846,1.0,1.0,0.7,0.5,0.6346153846153846,0.4,0.0,"52,19,22,26,6",0.0,1.0,0.0,0.0,0.9285714285714286,1.0,1.0,0.0,0.0,0.0,1.0,0.007925696594427245,"0,2,5,9,13",0.0,0.7547169811320755,0.0,full_sequence_with_action_window_diagnostics,False,53,53,negative,not_accepted,,,,,5,True,0.039628482972136225,15,,0.019226971587607954,,5,True,0.0,53,0.08543952011628343,结束、中段、开始三相位乱序。,,,,0.0
跳,slow_start_fast_end,synthetic_positive,synthetic_phase_order,96.6180208928681,normal_like,short_action_window_with_query_energy_peak,score_valid,score_valid,True,action_window_net,used,0.9894038165678456,1.0427005219118353,,,True,,,,,0.0,1.0,0.0,0.0,0.5,1.0,1.0,0.0,0.0,0.0,1.0,0.005084528822680857,"6,7,10,12,15",0.0,1.0,0.0,0.0,1.0,1.0,1.0,0.0,0.0,0.0,1.0,0.007839133810926163,"0,1,4,6,8",0.7368421052631579,0.7368421052631579,0.7368421052631579,semantic_action_window,True,19,19,positive,score_high,,,,,5,True,0.039195669054630816,9,,0.003696213654206099,,5,True,0.025422644113404287,19,0.007132381700913955,动作相位单调但前段慢、后段快。,,,,81.88705946532907
跳,fast_start_slow_end,synthetic_positive,synthetic_phase_order,79.5241007800524,normal_like,short_action_window_with_query_energy_peak,score_valid,score_valid,True,action_window_net,used,0.9866773317152938,1.0634228559436107,,,True,,,,,0.0,0.9,0.0,0.0,0.3333333333333333,0.7407407407407407,0.8,0.0,0.0,0.0,0.9500740740740741,0.020938399001137094,"2,2,3,6,8",0.0,0.9,0.0,0.0,0.8571428571428571,1.0,0.8,0.0,0.0,0.0,0.976,0.020938399001137094,"1,1,2,5,7",0.8421052631578947,0.9473684210526315,0.8421052631578947,semantic_action_window,True,19,19,positive,score_high,,,,,5,True,0.06639720141865688,8,,0.020486582510048472,,5,True,0.06639720141865688,19,0.046051569661766364,动作相位单调但前段快、后段慢。,,,,78.4121022267557
跳,ease_in_out,synthetic_positive,synthetic_phase_order,77.24809414062129,normal_like,jump_relation_semantic_floor,score_valid,score_valid,True,action_window_net,used,0.9503238460809863,1.1061416434649936,,,True,,,,,0.0,0.9,0.0,0.0,0.3888888888888889,0.8641975308641975,0.8,0.0,0.0,0.0,0.9624197530864198,0.026022927823817953,"5,5,6,9,12",0.0,0.9,0.0,0.0,0.8571428571428571,1.0,0.8,0.0,0.0,0.0,0.976,0.028777532812063255,"1,1,2,5,7",0.7894736842105263,0.7894736842105263,0.7894736842105263,semantic_action_window,True,19,19,positive,score_high,,,,,5,True,0.06639720141865688,8,,0.024109671592494938,,5,True,0.06639720141865688,19,0.05329392042165297,自然加速再减速，核心语义顺序不变。,,,,77.24809414062129
跳,ordered_jitter,synthetic_positive,synthetic_phase_order,69.38869717884872,borderline,jump_relation_semantic_floor,score_valid,score_valid,True,full_sequence_local_relation_segment,used,0.9443189626355892,1.0800061318108032,0.8333333333333334,1.080138087272644,True,,,,,0.0,0.7,0.0,0.0,0.6666666666666666,1.0,0.6,0.0,0.0,0.0,0.9279999999999999,0.041984859091747984,"4,4,4,8,16",0.0,0.4,0.0,0.0,0.5714285714285714,1.0,0.4,0.0,0.0,0.0,0.856,0.08190381259044117,"2,2,2,2,6",0.631578947368421,0.9473684210526315,0.631578947368421,semantic_action_window,True,19,19,positive,score_high,,,,,5,True,0.13326983437616893,8,,0.07514383139753093,,5,True,0.06567915347190201,19,0.17940436856928052,轻微采样抖动但整体相位顺序不变。,,,relation_direction_mismatch,69.38869717884872
跳,middle_hold_30pct,synthetic_positive,synthetic_phase_order,93.73829187843755,normal_like,short_action_window_with_query_energy_peak,score_valid,score_valid,True,full_sequence_local_relation_segment,used,0.99951597034207,1.1991096875045921,0.8095238095238095,1.1368470191955566,True,,,,,0.0,1.0,0.0,0.0,0.5833333333333334,1.0,1.0,0.0,0.0,0.0,1.0,0.0,"3,4,7,9,17",0.1,0.8,0.25,0.16666666666666666,1.0,1.0,1.0,0.1,0.25,0.16666666666666666,0.8875000000000001,0.015579381681452235,"0,1,4,6,5",0.88,0.92,0.88,semantic_action_window,True,19,25,positive,score_high,,,,,5,True,0.07789690840726117,7,,0.004364583953393066,,5,True,0.0,25,0.01250134989771834,核心姿态附近短暂停留，但完整动作仍在。,,,weak_same_direction_vertical_jump,81.09648003587277
跳,reverse_full,synthetic_disordered,synthetic_phase_order,20.524851148408747,low,short_action_window_with_query_energy_peak,semantic_mismatch,relation_direction_mismatch,False,action_window_net,relation_direction_mismatch,-0.9514736097477854,,,,True,,,,,1.0,-1.0,1.0,0.16666666666666666,0.4444444444444444,0.9876543209876543,1.0,0.9876543209876543,0.9876543209876543,0.16460905349794236,0.09876543209876543,0.0,"15,14,11,9,7",1.0,-1.0,1.0,0.375,0.875,1.0,1.0,1.0,1.0,0.375,0.1,0.00915846697001707,"7,6,3,1,0",0.8421052631578947,0.8947368421052632,0.8421052631578947,semantic_action_window,True,19,19,negative,not_accepted,,,,,5,True,0.04579233485008535,9,,0.11388784387796985,,5,True,0.0,19,0.26873459426782786,完整倒放，动作语义起终点和方向相反。,,,,0.0
跳,swap_halves,synthetic_disordered,synthetic_phase_order,47.27731346644483,low,short_action_window_with_query_energy_peak,semantic_mismatch,weak_same_direction_vertical_jump,False,action_window_net,weak_same_direction_vertical_jump,0.6554022165602663,,,,True,,,,,0.6,-0.2,0.25,0.9444444444444444,0.9444444444444444,1.0,1.0,0.6,0.25,0.9444444444444444,0.5125000000000001,0.0,"13,14,17,0,2",0.0,0.9,0.0,0.0,0.7142857142857143,1.0,0.8,0.0,0.0,0.0,0.976,0.024812510133338843,"2,3,6,7,7",0.8421052631578947,0.8947368421052632,0.8421052631578947,semantic_action_window,True,19,19,negative,not_accepted,,,,,5,True,0.07789690840726117,8,,0.0559290188677205,,5,True,0.0,19,0.14670836865237552,前后半段错序，语义相位不连续。,,,,0.0
跳,scramble_three_phases,synthetic_disordered,synthetic_phase_order,72.02651679316378,borderline,jump_relation_semantic_floor,score_valid,score_valid,True,action_window_net,used,0.7852913986913274,1.2848505034412037,,,True,,,,,0.6,-0.2,0.25,0.5,0.5,1.0,1.0,0.6,0.25,0.5,0.5125000000000001,0.0,"16,17,8,10,12",0.0,0.7,0.0,0.0,0.5714285714285714,1.0,0.6,0.0,0.0,0.0,0.9279999999999999,0.03127422624687716,"1,1,1,3,5",0.8421052631578947,0.8947368421052632,0.8421052631578947,semantic_action_window,True,19,19,negative,not_accepted,,,,,5,True,0.09142400698470285,8,,0.11087166703470654,,5,True,0.0,19,0.2317596575741127,结束、中段、开始三相位乱序。,,,,72.02651679316378
花,web_20260522_222243_a23d679c,web_reliable_nonlow,saved_web,74.85431844234562,borderline,flower_short_visible_core_semantic_floor,score_valid,score_valid,True,short_visible_core,used,,,0.8435474405631846,,True,0.6288242918252945,1.0,0.32513507604599007,0.21259379386901855,0.0,0.0,0.0,0.0,0.0,0.0,0.2,0.0,0.0,0.0,0.66,0.032198142414860687,"0,0,0,0,0",0.0,0.0,0.0,0.0,0.0,0.0,0.2,0.0,0.0,0.0,0.66,0.039628482972136225,"0,0,0,0,0",0.0,0.75,0.0,full_sequence_with_action_window_diagnostics,False,53,12,,,web_20260522_222243_a23d679c,/data/WYC/signLanguage/work/generated/web_scoring_mvp/web_20260522_222243_a23d679c/holistic/user_花_web_20260522_222243_a23d679c_holistic_results.json,/data/WYC/signLanguage/work/generated/scoring_mvp_run3/all_demo_step2_worker_cache_semantic_v1/results/花/花_holistic_results.json,,5,True,0.039628482972136225,6,3.6811926605504586,0.0322160611081943,12,5,True,0.032198142414860687,12,0.09606069103805283,,/data/WYC/signLanguage/work/generated/web_scoring_mvp/web_20260522_222243_a23d679c/scoring_result.json,/data/WYC/signLanguage/work/generated/scoring_mvp_run2/all_demo_step4_worker_cache_v2/results/花/花_holistic_results.json,,74.85431844234562
花,web_20260522_225356_550e19fe,web_reliable_nonlow,saved_web,78.24233824421282,normal_like,flower_short_visible_core_semantic_floor,score_valid,score_valid,True,short_visible_core,used,,,0.7071327181182339,,True,1.0,1.0,1.0,0.4261667728424072,0.0,0.0,0.0,0.0,0.0,0.0,0.2,0.0,0.0,0.0,0.66,0.032198142414860687,"0,0,0,0,0",0.0,0.0,0.0,0.0,0.0,0.0,0.2,0.0,0.0,0.0,0.66,0.039628482972136225,"0,0,0,0,0",0.0,0.6666666666666666,0.0,full_sequence_with_action_window_diagnostics,False,53,15,,,web_20260522_225356_550e19fe,/data/WYC/signLanguage/work/generated/web_scoring_mvp/web_20260522_225356_550e19fe/holistic/user_花_web_20260522_225356_550e19fe_holistic_results.json,/data/WYC/signLanguage/work/generated/scoring_mvp_run3/all_demo_step2_worker_cache_semantic_v1/results/花/花_holistic_results.json,,5,True,0.039628482972136225,6,5.0,0.03328205583175445,15,5,True,0.032198142414860687,15,0.03650833449687614,,/data/WYC/signLanguage/work/generated/web_scoring_mvp/web_20260522_225356_550e19fe/scoring_result.json,/data/WYC/signLanguage/work/generated/scoring_mvp_run2/all_demo_step4_worker_cache_v2/results/花/花_holistic_results.json,,78.24233824421282
花,web_20260522_225823_46498d30,web_reliable_nonlow,saved_web,77.9730022213811,normal_like,flower_short_visible_core_semantic_floor,score_valid,score_valid,True,short_visible_core,used,,,0.8432936759958057,,True,1.0,1.0,1.0,0.6253989338874817,0.0,0.0,0.0,0.0,0.0,0.0,0.2,0.0,0.0,0.0,0.66,0.032198142414860687,"0,0,0,0,0",0.0,0.0,0.0,0.0,0.0,0.0,0.2,0.0,0.0,0.0,0.66,0.032198142414860687,"3,3,3,3,3",0.0,0.4666666666666667,0.0,full_sequence_with_action_window_diagnostics,False,53,15,,,web_20260522_225823_46498d30,/data/WYC/signLanguage/work/generated/web_scoring_mvp/web_20260522_225823_46498d30/holistic/user_花_web_20260522_225823_46498d30_holistic_results.json,/data/WYC/signLanguage/work/generated/scoring_mvp_run3/all_demo_step2_worker_cache_semantic_v1/results/花/花_holistic_results.json,,5,True,0.032198142414860687,6,5.0,0.02698383051940218,15,5,True,0.032198142414860687,15,0.052556280741820824,,/data/WYC/signLanguage/work/generated/web_scoring_mvp/web_20260522_225823_46498d30/scoring_result.json,/data/WYC/signLanguage/work/generated/scoring_mvp_run2/all_demo_step4_worker_cache_v2/results/花/花_holistic_results.json,,77.9730022213811
花,web_20260522_225845_b21e0f2e,web_reliable_nonlow,saved_web,77.61247852053683,normal_like,visible_semantic_core_scale,score_valid,score_valid,False,short_visible_core,opening_guard_too_weak,,,,,True,0.5293908965587616,0.26148778200149536,0.7485843539237976,0.06637853384017944,0.0,0.0,0.0,0.0,0.0,0.0,0.2,0.0,0.0,0.0,0.66,0.032198142414860687,"0,0,0,0,0",0.0,0.0,0.0,0.0,0.0,0.0,0.2,0.0,0.0,0.0,0.66,0.039628482972136225,"0,0,0,0,0",0.0,0.7333333333333333,0.0,full_sequence_with_action_window_diagnostics,False,53,15,,,web_20260522_225845_b21e0f2e,/data/WYC/signLanguage/work/generated/web_scoring_mvp/web_20260522_225845_b21e0f2e/holistic/user_花_web_20260522_225845_b21e0f2e_holistic_results.json,/data/WYC/signLanguage/work/generated/scoring_mvp_run3/all_demo_step2_worker_cache_semantic_v1/results/花/花_holistic_results.json,,5,True,0.039628482972136225,6,5.0,0.031187017641702112,15,5,True,0.032198142414860687,15,0.036749085077212945,,/data/WYC/signLanguage/work/generated/web_scoring_mvp/web_20260522_225845_b21e0f2e/scoring_result.json,/data/WYC/signLanguage/work/generated/scoring_mvp_run2/all_demo_step4_worker_cache_v2/results/花/花_holistic_results.json,,0.0
花,web_20260522_225852_a9aa43d6,web_reliable_nonlow,saved_web,78.66210883830772,normal_like,visible_semantic_core_scale,score_valid,score_valid,False,short_visible_core,opening_guard_too_weak,,,,,True,0.45,1.0,0.0,0.31792038679122925,0.0,0.0,0.0,0.0,0.0,0.0,0.2,0.0,0.0,0.0,0.66,0.032198142414860687,"0,0,0,0,0",0.0,0.0,0.0,0.0,0.0,0.0,0.2,0.0,0.0,0.0,0.66,0.039628482972136225,"0,0,0,0,0",0.0,0.8,0.0,full_sequence_with_action_window_diagnostics,False,53,15,,,web_20260522_225852_a9aa43d6,/data/WYC/signLanguage/work/generated/web_scoring_mvp/web_20260522_225852_a9aa43d6/holistic/user_花_web_20260522_225852_a9aa43d6_holistic_results.json,/data/WYC/signLanguage/work/generated/scoring_mvp_run3/all_demo_step2_worker_cache_semantic_v1/results/花/花_holistic_results.json,,5,True,0.039628482972136225,6,5.0,0.031864969683312705,15,5,True,0.032198142414860687,15,0.034801248421750926,,/data/WYC/signLanguage/work/generated/web_scoring_mvp/web_20260522_225852_a9aa43d6/scoring_result.json,/data/WYC/signLanguage/work/generated/scoring_mvp_run2/all_demo_step4_worker_cache_v2/results/花/花_holistic_results.json,,0.0
花,web_20260522_231259_51a8c719,web_needs_recapture,saved_web,20.468106972978966,low,default,needs_recapture,flower_core_hand_presence_low,False,short_visible_core,opening_guard_too_weak,,,,,True,0.45,1.0,0.0,0.24313884973526,0.0,0.0,0.0,0.0,0.0,0.0,0.2,0.0,0.0,0.0,0.66,0.032198142414860687,"0,0,0,0,0",0.0,0.0,0.0,0.0,0.0,0.0,0.2,0.0,0.0,0.0,0.66,0.032198142414860687,"0,0,0,0,0",0.0,0.5,0.0,full_sequence_with_action_window_diagnostics,False,53,6,,,web_20260522_231259_51a8c719,/data/WYC/signLanguage/work/generated/web_scoring_mvp/web_20260522_231259_51a8c719/holistic/user_花_web_20260522_231259_51a8c719_holistic_results.json,/data/WYC/signLanguage/work/generated/scoring_mvp_run3/all_demo_step2_worker_cache_semantic_v1/results/花/花_holistic_results.json,,5,True,0.032198142414860687,4,2.4541284403669725,0.03165581203751403,6,5,True,0.032198142414860687,6,0.19035627224479185,,/data/WYC/signLanguage/work/generated/web_scoring_mvp/web_20260522_231259_51a8c719/scoring_result.json,/data/WYC/signLanguage/work/generated/scoring_mvp_run2/all_demo_step4_worker_cache_v2/results/花/花_holistic_results.json,,0.0
花,web_20260522_231304_9e8827a4,web_reliable_nonlow,saved_web,78.41080676662574,normal_like,flower_short_visible_core_semantic_floor,score_valid,score_valid,True,short_visible_core,used,,,0.7855953744976175,,True,1.0,1.0,1.0,0.5083452463150024,0.0,0.0,0.0,0.0,0.0,0.0,0.2,0.0,0.0,0.0,0.66,0.032198142414860687,"0,0,0,0,0",0.0,0.0,0.0,0.0,0.0,0.0,0.2,0.0,0.0,0.0,0.66,0.039628482972136225,"0,0,0,0,0",0.0,0.7333333333333333,0.0,full_sequence_with_action_window_diagnostics,False,53,15,,,web_20260522_231304_9e8827a4,/data/WYC/signLanguage/work/generated/web_scoring_mvp/web_20260522_231304_9e8827a4/holistic/user_花_web_20260522_231304_9e8827a4_holistic_results.json,/data/WYC/signLanguage/work/generated/scoring_mvp_run3/all_demo_step2_worker_cache_semantic_v1/results/花/花_holistic_results.json,,5,True,0.039628482972136225,6,5.0,0.03318627300397156,15,5,True,0.032198142414860687,15,0.042290080831184185,,/data/WYC/signLanguage/work/generated/web_scoring_mvp/web_20260522_231304_9e8827a4/scoring_result.json,/data/WYC/signLanguage/work/generated/scoring_mvp_run2/all_demo_step4_worker_cache_v2/results/花/花_holistic_results.json,,78.41080676662574
花,web_20260522_232244_45d260ed,web_reliable_low,saved_web,48.531456318512966,low,default,semantic_mismatch,flower_opening_guard_failed,False,short_visible_core,query_not_short_core_capture,,,,,False,0.1215316593647003,0.27007035414377845,0.0,0.06740844249725342,0.0,0.0,0.0,0.0,0.0,0.0,0.2,0.0,0.0,0.0,0.66,0.032198142414860687,"0,0,0,0,0",0.0,0.0,0.0,0.0,0.0,0.0,0.2,0.0,0.0,0.0,0.66,0.039628482972136225,"0,0,0,0,0",0.0,0.6333333333333333,0.0,full_sequence_with_action_window_diagnostics,False,53,30,,,web_20260522_232244_45d260ed,/data/WYC/signLanguage/work/generated/web_scoring_mvp/web_20260522_232244_45d260ed/holistic/user_花_web_20260522_232244_45d260ed_holistic_results.json,/data/WYC/signLanguage/work/generated/scoring_mvp_run3/all_demo_step2_worker_cache_semantic_v1/results/花/花_holistic_results.json,,5,True,0.039628482972136225,18,10.0,0.02930732380997729,30,5,True,0.032198142414860687,30,0.08675496172769007,,/data/WYC/signLanguage/work/generated/web_scoring_mvp/web_20260522_232244_45d260ed/scoring_result.json,/data/WYC/signLanguage/work/generated/scoring_mvp_run2/all_demo_step4_worker_cache_v2/results/花/花_holistic_results.json,,0.0
花,web_20260522_232256_781c0807,web_reliable_nonlow,saved_web,79.8183945734389,normal_like,visible_semantic_core_scale,score_valid,score_valid,False,short_visible_core,query_not_short_core_capture,,,,,True,1.0,1.0,1.0,0.7404518127441406,0.0,0.0,0.0,0.0,0.0,0.0,0.2,0.0,0.0,0.0,0.66,0.032198142414860687,"0,0,0,0,0",0.0,0.0,0.0,0.0,0.0,0.0,0.2,0.0,0.0,0.0,0.66,0.039628482972136225,"0,0,0,0,0",0.0,0.7,0.0,full_sequence_with_action_window_diagnostics,False,53,30,,,web_20260522_232256_781c0807,/data/WYC/signLanguage/work/generated/web_scoring_mvp/web_20260522_232256_781c0807/holistic/user_花_web_20260522_232256_781c0807_holistic_results.json,/data/WYC/signLanguage/work/generated/scoring_mvp_run3/all_demo_step2_worker_cache_semantic_v1/results/花/花_holistic_results.json,,5,True,0.039628482972136225,8,10.0,0.030397255986824166,30,5,True,0.032198142414860687,30,0.03268534895015375,,/data/WYC/signLanguage/work/generated/web_scoring_mvp/web_20260522_232256_781c0807/scoring_result.json,/data/WYC/signLanguage/work/generated/scoring_mvp_run2/all_demo_step4_worker_cache_v2/results/花/花_holistic_results.json,,0.0
花,web_20260522_232319_7e3cc881,web_reliable_nonlow,saved_web,76.45603789336646,normal_like,visible_semantic_core_scale,score_valid,score_valid,False,short_visible_core,query_not_short_core_capture,,,,,True,0.9670312535762788,1.0,0.9400568246841431,0.47125333547592163,0.0,0.0,0.0,0.0,0.0,0.0,0.2,0.0,0.0,0.0,0.66,0.032198142414860687,"0,0,0,0,0",0.0,0.0,0.0,0.0,0.0,0.0,0.2,0.0,0.0,0.0,0.66,0.032198142414860687,"0,0,0,0,0",0.0,0.75,0.0,full_sequence_with_action_window_diagnostics,False,53,72,,,web_20260522_232319_7e3cc881,/data/WYC/signLanguage/work/generated/web_scoring_mvp/web_20260522_232319_7e3cc881/holistic/user_花_web_20260522_232319_7e3cc881_holistic_results.json,/data/WYC/signLanguage/work/generated/scoring_mvp_run3/all_demo_step2_worker_cache_semantic_v1/results/花/花_holistic_results.json,,5,True,0.032198142414860687,20,24.0,0.030121717518165336,72,5,True,0.032198142414860687,72,0.03892587036816641,,/data/WYC/signLanguage/work/generated/web_scoring_mvp/web_20260522_232319_7e3cc881/scoring_result.json,/data/WYC/signLanguage/work/generated/scoring_mvp_run2/all_demo_step4_worker_cache_v2/results/花/花_holistic_results.json,,0.0
花,web_20260522_232339_70e4794b,web_reliable_nonlow,saved_web,79.94096162764652,normal_like,visible_semantic_core_scale,score_valid,score_valid,False,short_visible_core,query_not_short_core_capture,,,,,True,0.45,1.0,0.0,0.21012306213378906,0.0,0.0,0.0,0.0,0.0,0.0,0.2,0.0,0.0,0.0,0.66,0.032198142414860687,"0,0,0,0,0",0.0,0.0,0.0,0.0,0.0,0.0,0.2,0.0,0.0,0.0,0.66,0.032198142414860687,"0,0,0,0,0",0.0,0.7666666666666667,0.0,full_sequence_with_action_window_diagnostics,False,53,30,,,web_20260522_232339_70e4794b,/data/WYC/signLanguage/work/generated/web_scoring_mvp/web_20260522_232339_70e4794b/holistic/user_花_web_20260522_232339_70e4794b_holistic_results.json,/data/WYC/signLanguage/work/generated/scoring_mvp_run3/all_demo_step2_worker_cache_semantic_v1/results/花/花_holistic_results.json,,5,True,0.032198142414860687,8,10.0,0.03022953653360981,30,5,True,0.032198142414860687,30,0.032462861494400544,,/data/WYC/signLanguage/work/generated/web_scoring_mvp/web_20260522_232339_70e4794b/scoring_result.json,/data/WYC/signLanguage/work/generated/scoring_mvp_run2/all_demo_step4_worker_cache_v2/results/花/花_holistic_results.json,,0.0
花,web_20260522_232406_cac18708,web_reliable_nonlow,saved_web,77.95067183328936,normal_like,visible_semantic_core_scale,score_valid,score_valid,False,short_visible_core,query_not_short_core_capture,,,,,True,1.0,1.0,1.0,0.7581955194473267,0.0,0.0,0.0,0.0,0.0,0.0,0.2,0.0,0.0,0.0,0.66,0.032198142414860687,"0,0,0,0,0",0.0,0.0,0.0,0.0,0.0,0.0,0.2,0.0,0.0,0.0,0.66,0.039628482972136225,"0,0,0,0,0",0.0,0.8333333333333334,0.0,full_sequence_with_action_window_diagnostics,False,53,30,,,web_20260522_232406_cac18708,/data/WYC/signLanguage/work/generated/web_scoring_mvp/web_20260522_232406_cac18708/holistic/user_花_web_20260522_232406_cac18708_holistic_results.json,/data/WYC/signLanguage/work/generated/scoring_mvp_run3/all_demo_step2_worker_cache_semantic_v1/results/花/花_holistic_results.json,,5,True,0.039628482972136225,8,10.0,0.03329997850246047,30,5,True,0.032198142414860687,30,0.036118625903647596,,/data/WYC/signLanguage/work/generated/web_scoring_mvp/web_20260522_232406_cac18708/scoring_result.json,/data/WYC/signLanguage/work/generated/scoring_mvp_run2/all_demo_step4_worker_cache_v2/results/花/花_holistic_results.json,,0.0
花,web_20260522_232420_60da4112,web_reliable_nonlow,saved_web,76.9663732655818,normal_like,visible_semantic_core_scale,score_valid,score_valid,False,short_visible_core,action_window_coverage_low,,,,,True,0.9564277362823488,1.0,0.920777702331543,0.2970684766769409,0.0,0.0,0.0,0.0,0.0,0.0,0.2,0.0,0.0,0.0,0.66,0.032198142414860687,"0,0,0,0,0",0.0,0.0,0.0,0.0,0.0,0.0,0.2,0.0,0.0,0.0,0.66,0.039628482972136225,"0,0,0,0,0",0.0,0.6666666666666666,0.0,full_sequence_with_action_window_diagnostics,False,53,15,,,web_20260522_232420_60da4112,/data/WYC/signLanguage/work/generated/web_scoring_mvp/web_20260522_232420_60da4112/holistic/user_花_web_20260522_232420_60da4112_holistic_results.json,/data/WYC/signLanguage/work/generated/scoring_mvp_run3/all_demo_step2_worker_cache_semantic_v1/results/花/花_holistic_results.json,,5,True,0.039628482972136225,6,5.0,0.03178392021427527,15,5,True,0.032198142414860687,15,0.03796122770175871,,/data/WYC/signLanguage/work/generated/web_scoring_mvp/web_20260522_232420_60da4112/scoring_result.json,/data/WYC/signLanguage/work/generated/scoring_mvp_run2/all_demo_step4_worker_cache_v2/results/花/花_holistic_results.json,,0.0
花,web_20260522_232642_fe440fb9,web_reliable_nonlow,saved_web,79.8461858864898,normal_like,visible_semantic_core_scale,score_valid,score_valid,False,short_visible_core,opening_guard_too_weak,,,,,True,0.45,1.0,0.0,0.2486727237701416,0.0,0.0,0.0,0.0,0.0,0.0,0.2,0.0,0.0,0.0,0.66,0.032198142414860687,"0,0,0,0,0",0.0,0.0,0.0,0.0,0.0,0.0,0.2,0.0,0.0,0.0,0.66,0.039628482972136225,"0,0,0,0,0",0.0,0.6666666666666666,0.0,full_sequence_with_action_window_diagnostics,False,53,15,,,web_20260522_232642_fe440fb9,/data/WYC/signLanguage/work/generated/web_scoring_mvp/web_20260522_232642_fe440fb9/holistic/user_花_web_20260522_232642_fe440fb9_holistic_results.json,/data/WYC/signLanguage/work/generated/scoring_mvp_run3/all_demo_step2_worker_cache_semantic_v1/results/花/花_holistic_results.json,,5,True,0.039628482972136225,6,5.0,0.031203650805785722,15,5,True,0.032198142414860687,15,0.03263487137495865,,/data/WYC/signLanguage/work/generated/web_scoring_mvp/web_20260522_232642_fe440fb9/scoring_result.json,/data/WYC/signLanguage/work/generated/scoring_mvp_run2/all_demo_step4_worker_cache_v2/results/花/花_holistic_results.json,,0.0
花,web_20260523_000032_5389521b,web_reliable_nonlow,saved_web,76.16829990096241,normal_like,visible_semantic_core_scale,score_valid,score_valid,False,short_visible_core,opening_guard_too_weak,,,,,True,0.45,1.0,0.0,0.25084221363067627,0.0,0.0,0.0,0.0,0.0,0.0,0.2,0.0,0.0,0.0,0.66,0.032198142414860687,"0,0,0,0,0",0.0,0.0,0.0,0.0,0.0,0.0,0.2,0.0,0.0,0.0,0.66,0.039628482972136225,"0,0,0,0,0",0.0,0.6,0.0,full_sequence_with_action_window_diagnostics,False,53,15,,,web_20260523_000032_5389521b,/data/WYC/signLanguage/work/generated/web_scoring_mvp/web_20260523_000032_5389521b/holistic/user_花_web_20260523_000032_5389521b_holistic_results.json,/data/WYC/signLanguage/work/generated/scoring_mvp_run3/all_demo_step2_worker_cache_semantic_v1/results/花/花_holistic_results.json,,5,True,0.039628482972136225,6,5.0,0.03204084629328773,15,5,True,0.032198142414860687,15,0.03947259913936588,,/data/WYC/signLanguage/work/generated/web_scoring_mvp/web_20260523_000032_5389521b/scoring_result.json,/data/WYC/signLanguage/work/generated/scoring_mvp_run2/all_demo_step4_worker_cache_v2/results/花/花_holistic_results.json,,0.0
花,web_20260523_000852_b2c2f1de,web_reliable_nonlow,saved_web,77.76499095032582,normal_like,visible_semantic_core_scale,score_valid,score_valid,False,short_visible_core,opening_guard_too_weak,,,,,True,0.45,1.0,0.0,0.26200732588768005,0.0,0.0,0.0,0.0,0.0,0.0,0.2,0.0,0.0,0.0,0.66,0.032198142414860687,"0,0,0,0,0",0.0,0.0,0.0,0.0,0.0,0.0,0.2,0.0,0.0,0.0,0.66,0.039628482972136225,"0,0,0,0,0",0.0,0.6,0.0,full_sequence_with_action_window_diagnostics,False,53,15,,,web_20260523_000852_b2c2f1de,/data/WYC/signLanguage/work/generated/web_scoring_mvp/web_20260523_000852_b2c2f1de/holistic/user_花_web_20260523_000852_b2c2f1de_holistic_results.json,/data/WYC/signLanguage/work/generated/scoring_mvp_run3/all_demo_step2_worker_cache_semantic_v1/results/花/花_holistic_results.json,,5,True,0.039628482972136225,6,5.0,0.02988947184030888,15,5,True,0.032198142414860687,15,0.03646443236022878,,/data/WYC/signLanguage/work/generated/web_scoring_mvp/web_20260523_000852_b2c2f1de/scoring_result.json,/data/WYC/signLanguage/work/generated/scoring_mvp_run2/all_demo_step4_worker_cache_v2/results/花/花_holistic_results.json,,0.0
花,web_20260523_000903_3123d2db,web_reliable_nonlow,saved_web,78.34899722430384,normal_like,flower_short_visible_core_semantic_floor,score_valid,score_valid,True,short_visible_core,used,,,0.7247576192895689,,True,1.0,1.0,1.0,0.5561688542366028,0.0,0.0,0.0,0.0,0.0,0.0,0.2,0.0,0.0,0.0,0.66,0.032198142414860687,"0,0,0,0,0",0.0,0.0,0.0,0.0,0.0,0.0,0.2,0.0,0.0,0.0,0.66,0.039628482972136225,"0,0,0,0,0",0.0,0.7333333333333333,0.0,full_sequence_with_action_window_diagnostics,False,53,15,,,web_20260523_000903_3123d2db,/data/WYC/signLanguage/work/generated/web_scoring_mvp/web_20260523_000903_3123d2db/holistic/user_花_web_20260523_000903_3123d2db_holistic_results.json,/data/WYC/signLanguage/work/generated/scoring_mvp_run3/all_demo_step2_worker_cache_semantic_v1/results/花/花_holistic_results.json,,5,True,0.039628482972136225,6,5.0,0.03125339968611161,15,5,True,0.032198142414860687,15,0.035824419165730356,,/data/WYC/signLanguage/work/generated/web_scoring_mvp/web_20260523_000903_3123d2db/scoring_result.json,/data/WYC/signLanguage/work/generated/scoring_mvp_run2/all_demo_step4_worker_cache_v2/results/花/花_holistic_results.json,,78.34899722430384
花,web_20260523_000913_d5072c6f,web_reliable_nonlow,saved_web,77.73467949563174,normal_like,visible_semantic_core_scale,score_valid,score_valid,False,short_visible_core,action_window_coverage_low,,,,,True,0.8579010796546936,1.0,0.7416383266448975,0.43122565746307373,0.0,0.0,0.0,0.0,0.0,0.0,0.2,0.0,0.0,0.0,0.66,0.032198142414860687,"0,0,0,0,0",0.0,0.0,0.0,0.0,0.0,0.0,0.2,0.0,0.0,0.0,0.66,0.039628482972136225,"0,0,0,0,0",0.0,0.6666666666666666,0.0,full_sequence_with_action_window_diagnostics,False,53,15,,,web_20260523_000913_d5072c6f,/data/WYC/signLanguage/work/generated/web_scoring_mvp/web_20260523_000913_d5072c6f/holistic/user_花_web_20260523_000913_d5072c6f_holistic_results.json,/data/WYC/signLanguage/work/generated/scoring_mvp_run3/all_demo_step2_worker_cache_semantic_v1/results/花/花_holistic_results.json,,5,True,0.039628482972136225,6,5.0,0.032075298480597494,15,5,True,0.032198142414860687,15,0.03652096188178601,,/data/WYC/signLanguage/work/generated/web_scoring_mvp/web_20260523_000913_d5072c6f/scoring_result.json,/data/WYC/signLanguage/work/generated/scoring_mvp_run2/all_demo_step4_worker_cache_v2/results/花/花_holistic_results.json,,0.0
跳,web_20260523_001048_5bcb9948,web_reliable_nonlow,saved_web,74.19352126563943,borderline,jump_relation_semantic_floor,score_valid,score_valid,True,full_sequence_local_relation_segment,used,0.9987022270791762,5.7102656790497885,0.6666666666666666,1.2370511293411255,True,,,,,0.0,0.4,0.0,0.0,0.14285714285714285,0.31746031746031744,0.4,0.0,0.0,0.0,0.7877460317460317,0.19129772784986093,"5,7,7,7,7",0.0,0.0,0.0,0.0,0.0,0.0,0.2,0.0,0.0,0.0,0.66,0.2934807416427617,"1,1,1,1,1",0.4,0.6,0.4,semantic_action_window,True,19,15,,,web_20260523_001048_5bcb9948,/data/WYC/signLanguage/work/generated/web_scoring_mvp/web_20260523_001048_5bcb9948/holistic/user_跳_web_20260523_001048_5bcb9948_holistic_results.json,/data/WYC/signLanguage/work/generated/scoring_mvp_run3/all_demo_step2_worker_cache_semantic_v1/results/跳/跳_holistic_results.json,,5,True,0.31214395043335064,6,5.0,0.3362663694948887,15,5,True,0.2055751853390841,15,0.4967686155122537,,/data/WYC/signLanguage/work/generated/web_scoring_mvp/web_20260523_001048_5bcb9948/scoring_result.json,/data/WYC/signLanguage/work/generated/scoring_mvp_run2/all_demo_step4_worker_cache_v2/results/跳/跳_holistic_results.json,relation_direction_mismatch,74.19352126563943
跳,web_20260523_001100_dea381ee,web_needs_recapture,saved_web,4.97256737468603,low,short_action_window_with_query_energy_peak,needs_recapture,jump_two_hand_presence_low,False,,insufficient_two_hand_presence,,,,,True,,,,,0.0,0.0,0.0,0.0,0.0,0.0,0.2,0.0,0.0,0.0,0.66,0.2778916742274391,"7,7,7,7,7",0.0,0.0,0.0,0.0,0.0,0.0,0.2,0.0,0.0,0.0,0.66,0.34021417357665185,"3,3,3,3,3",0.4666666666666667,0.5333333333333333,0.4666666666666667,semantic_action_window,True,19,15,,,web_20260523_001100_dea381ee,/data/WYC/signLanguage/work/generated/web_scoring_mvp/web_20260523_001100_dea381ee/holistic/user_跳_web_20260523_001100_dea381ee_holistic_results.json,/data/WYC/signLanguage/work/generated/scoring_mvp_run3/all_demo_step2_worker_cache_semantic_v1/results/跳/跳_holistic_results.json,,5,True,0.36147018677619946,6,5.0,0.34685569148651996,15,5,True,0.29245158760340245,15,0.5093262830553253,,/data/WYC/signLanguage/work/generated/web_scoring_mvp/web_20260523_001100_dea381ee/scoring_result.json,/data/WYC/signLanguage/work/generated/scoring_mvp_run2/all_demo_step4_worker_cache_v2/results/跳/跳_holistic_results.json,,0.0
跳,web_20260523_001113_b486eb41,web_needs_recapture,saved_web,2.50121953378663,low,short_action_window_with_query_energy_peak,needs_recapture,jump_two_hand_presence_low,False,,insufficient_two_hand_presence,,,,,True,,,,,0.0,0.4,0.0,0.0,0.35714285714285715,0.7936507936507936,0.4,0.0,0.0,0.0,0.8353650793650793,0.16943220594173386,"3,3,3,3,8",0.1,0.2,0.25,0.4,0.4,0.888888888888889,0.4,0.03555555555555556,0.0888888888888889,0.14222222222222225,0.7323888888888889,0.3737373581701435,"0,0,0,2,0",0.2,0.6,0.2,semantic_action_window,True,19,15,,,web_20260523_001113_b486eb41,/data/WYC/signLanguage/work/generated/web_scoring_mvp/web_20260523_001113_b486eb41/holistic/user_跳_web_20260523_001113_b486eb41_holistic_results.json,/data/WYC/signLanguage/work/generated/scoring_mvp_run3/all_demo_step2_worker_cache_semantic_v1/results/跳/跳_holistic_results.json,,5,True,0.3829132316889066,6,5.0,0.35082734328431875,15,5,True,0.1932927483250999,15,0.6259408379626703,,/data/WYC/signLanguage/work/generated/web_scoring_mvp/web_20260523_001113_b486eb41/scoring_result.json,/data/WYC/signLanguage/work/generated/scoring_mvp_run2/all_demo_step4_worker_cache_v2/results/跳/跳_holistic_results.json,,0.0
跳,web_20260523_001152_83546751,web_reliable_nonlow,saved_web,75.66319697050405,normal_like,jump_relation_semantic_floor,score_valid,score_valid,True,full_sequence_local_relation_segment,used,0.9554961041024373,1.9593843181982007,0.8571428571428571,1.4034680128097534,True,,,,,0.0,0.0,0.0,0.0,0.0,0.0,0.2,0.0,0.0,0.0,0.66,0.20247803395623182,"9,9,9,9,9",0.0,0.0,0.0,0.0,0.0,0.0,0.2,0.0,0.0,0.0,0.66,0.20247803395623182,"3,3,3,3,3",0.6666666666666666,0.6,0.6,semantic_action_window,True,19,15,,,web_20260523_001152_83546751,/data/WYC/signLanguage/work/generated/web_scoring_mvp/web_20260523_001152_83546751/holistic/user_跳_web_20260523_001152_83546751_holistic_results.json,/data/WYC/signLanguage/work/generated/scoring_mvp_run3/all_demo_step2_worker_cache_semantic_v1/results/跳/跳_holistic_results.json,,5,True,0.21936376861952864,6,5.0,0.23188860476551573,15,5,True,0.21936376861952864,15,0.3160141204520337,,/data/WYC/signLanguage/work/generated/web_scoring_mvp/web_20260523_001152_83546751/scoring_result.json,/data/WYC/signLanguage/work/generated/scoring_mvp_run2/all_demo_step4_worker_cache_v2/results/跳/跳_holistic_results.json,relation_direction_mismatch,75.66319697050405
花,web_20260523_005246_dbadcd43,web_reliable_nonlow,saved_web,76.23153473731854,normal_like,flower_short_visible_core_semantic_floor,score_valid,score_valid,True,short_visible_core,used,,,0.9022513085054742,,True,0.7496347260475159,1.0,0.5447904109954834,0.37759941816329956,0.0,0.0,0.0,0.0,0.0,0.0,0.2,0.0,0.0,0.0,0.66,0.032198142414860687,"0,0,0,0,0",0.0,0.0,0.0,0.0,0.0,0.0,0.2,0.0,0.0,0.0,0.66,0.039628482972136225,"0,0,0,0,0",0.0,0.6363636363636364,0.0,full_sequence_with_action_window_diagnostics,False,53,11,,,web_20260523_005246_dbadcd43,/data/WYC/signLanguage/work/generated/web_scoring_mvp/web_20260523_005246_dbadcd43/holistic/user_花_web_20260523_005246_dbadcd43_holistic_results.json,/data/WYC/signLanguage/work/generated/scoring_mvp_run3/all_demo_step2_worker_cache_semantic_v1/results/花/花_holistic_results.json,,5,True,0.039628482972136225,6,5.0,0.030888252623105888,11,5,True,0.032198142414860687,11,0.14149820589512419,,/data/WYC/signLanguage/work/generated/web_scoring_mvp/web_20260523_005246_dbadcd43/scoring_result.json,/data/WYC/signLanguage/work/generated/scoring_mvp_run2/all_demo_step4_worker_cache_v2/results/花/花_holistic_results.json,,76.23153473731854
花,web_20260523_005320_4bd5e0a3,web_reliable_nonlow,saved_web,80.78406965319468,normal_like,visible_semantic_core_scale,score_valid,score_valid,False,short_visible_core,query_not_short_core_capture,,,,,True,0.7259365451335907,1.0,0.5017028093338013,0.36078763008117676,0.0,0.0,0.0,0.0,0.0,0.0,0.2,0.0,0.0,0.0,0.66,0.032198142414860687,"0,0,0,0,0",0.0,0.0,0.0,0.0,0.0,0.0,0.2,0.0,0.0,0.0,0.66,0.039628482972136225,"0,0,0,0,0",0.0,0.7407407407407407,0.0,full_sequence_with_action_window_diagnostics,False,53,27,,,web_20260523_005320_4bd5e0a3,/data/WYC/signLanguage/work/generated/web_scoring_mvp/web_20260523_005320_4bd5e0a3/holistic/user_花_web_20260523_005320_4bd5e0a3_holistic_results.json,/data/WYC/signLanguage/work/generated/scoring_mvp_run3/all_demo_step2_worker_cache_semantic_v1/results/花/花_holistic_results.json,,5,True,0.039628482972136225,11,29.44954128440367,0.03003631100574017,27,5,True,0.032198142414860687,27,0.030941607660218445,,/data/WYC/signLanguage/work/generated/web_scoring_mvp/web_20260523_005320_4bd5e0a3/scoring_result.json,/data/WYC/signLanguage/work/generated/scoring_mvp_run2/all_demo_step4_worker_cache_v2/results/花/花_holistic_results.json,,0.0
花,web_20260523_005533_c97daf95,web_reliable_nonlow,saved_web,78.6161393335025,normal_like,visible_semantic_core_scale,score_valid,score_valid,False,short_visible_core,opening_guard_too_weak,,,,,True,0.45,1.0,0.0,0.2635999917984009,0.0,0.0,0.0,0.0,0.0,0.0,0.2,0.0,0.0,0.0,0.66,0.032198142414860687,"0,0,0,0,0",0.0,0.0,0.0,0.0,0.0,0.0,0.2,0.0,0.0,0.0,0.66,0.039628482972136225,"0,0,0,0,0",0.0,0.6,0.0,full_sequence_with_action_window_diagnostics,False,53,15,,,web_20260523_005533_c97daf95,/data/WYC/signLanguage/work/generated/web_scoring_mvp/web_20260523_005533_c97daf95/holistic/user_花_web_20260523_005533_c97daf95_holistic_results.json,/data/WYC/signLanguage/work/generated/scoring_mvp_run3/all_demo_step2_worker_cache_semantic_v1/results/花/花_holistic_results.json,,5,True,0.039628482972136225,6,5.0,0.03244117023770026,15,5,True,0.032198142414860687,15,0.034886010026919434,,/data/WYC/signLanguage/work/generated/web_scoring_mvp/web_20260523_005533_c97daf95/scoring_result.json,/data/WYC/signLanguage/work/generated/scoring_mvp_run2/all_demo_step4_worker_cache_v2/results/花/花_holistic_results.json,,0.0
跳,web_20260523_005941_0ec0ccab,web_reliable_nonlow,saved_web,82.0638286623127,normal_like,jump_relation_semantic_floor,score_valid,score_valid,True,action_window_net,used,0.9744455931468419,3.442992473450564,,,True,,,,,0.0,0.0,0.0,0.0,0.0,0.0,0.2,0.0,0.0,0.0,0.66,0.20635027329738395,"10,10,10,10,10",0.0,0.0,0.0,0.0,0.0,0.0,0.2,0.0,0.0,0.0,0.66,0.20635027329738395,"3,3,3,3,3",0.8,0.5333333333333333,0.5333333333333333,semantic_action_window,True,19,15,,,web_20260523_005941_0ec0ccab,/data/WYC/signLanguage/work/generated/web_scoring_mvp/web_20260523_005941_0ec0ccab/holistic/user_跳_web_20260523_005941_0ec0ccab_holistic_results.json,/data/WYC/signLanguage/work/generated/scoring_mvp_run3/all_demo_step2_worker_cache_semantic_v1/results/跳/跳_holistic_results.json,,5,True,0.2276734817743034,7,5.0,0.26410362262913156,15,5,True,0.2276734817743034,15,0.4043048778387223,,/data/WYC/signLanguage/work/generated/web_scoring_mvp/web_20260523_005941_0ec0ccab/scoring_result.json,/data/WYC/signLanguage/work/generated/scoring_mvp_run2/all_demo_step4_worker_cache_v2/results/跳/跳_holistic_results.json,,82.0638286623127
跳,web_20260523_005953_cdf0697d,web_needs_recapture,saved_web,4.449997514332308,low,short_action_window_with_query_energy_peak,needs_recapture,jump_two_hand_presence_low,False,,insufficient_two_hand_presence,,,,,True,,,,,0.0,0.0,0.0,0.0,0.0,0.0,0.2,0.0,0.0,0.0,0.66,0.23912695561335587,"14,14,14,14,14",0.0,0.0,0.0,0.0,0.0,0.0,0.2,0.0,0.0,0.0,0.66,0.23912695561335587,"5,5,5,5,5",0.4,0.4,0.4,semantic_action_window,True,19,15,,,web_20260523_005953_cdf0697d,/data/WYC/signLanguage/work/generated/web_scoring_mvp/web_20260523_005953_cdf0697d/holistic/user_跳_web_20260523_005953_cdf0697d_holistic_results.json,/data/WYC/signLanguage/work/generated/scoring_mvp_run3/all_demo_step2_worker_cache_semantic_v1/results/跳/跳_holistic_results.json,,5,True,0.25724118745194285,6,5.0,0.2643037827495067,15,5,True,0.25724118745194285,15,0.5281691644644606,,/data/WYC/signLanguage/work/generated/web_scoring_mvp/web_20260523_005953_cdf0697d/scoring_result.json,/data/WYC/signLanguage/work/generated/scoring_mvp_run2/all_demo_step4_worker_cache_v2/results/跳/跳_holistic_results.json,,0.0
跳,web_20260523_010004_7eaf7ee3,web_reliable_nonlow,saved_web,83.03992613675656,normal_like,jump_relation_semantic_floor,score_valid,score_valid,True,action_window_net,used,0.981838771701743,2.11061038075595,,,True,,,,,0.0,0.0,0.0,0.0,0.0,0.0,0.2,0.0,0.0,0.0,0.66,0.20838313921362844,"10,10,10,10,10",0.0,0.0,0.0,0.0,0.0,0.0,0.2,0.0,0.0,0.0,0.66,0.20838313921362844,"3,3,3,3,3",0.8,0.5333333333333333,0.5333333333333333,semantic_action_window,True,19,15,,,web_20260523_010004_7eaf7ee3,/data/WYC/signLanguage/work/generated/web_scoring_mvp/web_20260523_010004_7eaf7ee3/holistic/user_跳_web_20260523_010004_7eaf7ee3_holistic_results.json,/data/WYC/signLanguage/work/generated/scoring_mvp_run3/all_demo_step2_worker_cache_semantic_v1/results/跳/跳_holistic_results.json,,5,True,0.2274602961125234,7,5.0,0.270710374789992,15,5,True,0.2274602961125234,15,0.37133508563562684,,/data/WYC/signLanguage/work/generated/web_scoring_mvp/web_20260523_010004_7eaf7ee3/scoring_result.json,/data/WYC/signLanguage/work/generated/scoring_mvp_run2/all_demo_step4_worker_cache_v2/results/跳/跳_holistic_results.json,,83.03992613675656
跳,web_20260523_010014_049faf7d,web_needs_recapture,saved_web,3.679921209053437,low,short_action_window_with_query_energy_peak,needs_recapture,jump_two_hand_presence_low,False,,insufficient_two_hand_presence,,,,,True,,,,,0.0,0.0,0.0,0.0,0.0,0.0,0.2,0.0,0.0,0.0,0.66,0.18847773553663588,"8,8,8,8,8",0.0,0.0,0.0,0.0,0.0,0.0,0.2,0.0,0.0,0.0,0.66,0.23489657535024536,"5,5,5,5,5",0.4666666666666667,0.2,0.2,semantic_action_window,True,19,15,,,web_20260523_010014_049faf7d,/data/WYC/signLanguage/work/generated/web_scoring_mvp/web_20260523_010014_049faf7d/holistic/user_跳_web_20260523_010014_049faf7d_holistic_results.json,/data/WYC/signLanguage/work/generated/scoring_mvp_run3/all_demo_step2_worker_cache_semantic_v1/results/跳/跳_holistic_results.json,,5,True,0.2504666818853206,6,5.0,0.26958573445628947,15,5,True,0.1941332832647343,15,0.5604153034558835,,/data/WYC/signLanguage/work/generated/web_scoring_mvp/web_20260523_010014_049faf7d/scoring_result.json,/data/WYC/signLanguage/work/generated/scoring_mvp_run2/all_demo_step4_worker_cache_v2/results/跳/跳_holistic_results.json,,0.0
花,web_20260523_010203_88bdaf53,web_reliable_nonlow,saved_web,72.18350409686145,borderline,visible_semantic_core_scale,score_valid,score_valid,False,short_visible_core,query_not_short_core_capture,,,,,True,1.0,1.0,1.0,0.3981782793998718,0.0,0.0,0.0,0.0,0.0,0.0,0.2,0.0,0.0,0.0,0.66,0.032198142414860687,"0,0,0,0,0",0.0,0.0,0.0,0.0,0.0,0.0,0.2,0.0,0.0,0.0,0.66,0.039628482972136225,"0,0,0,0,0",0.13333333333333333,0.6333333333333333,0.13333333333333333,full_sequence_with_action_window_diagnostics,False,53,30,,,web_20260523_010203_88bdaf53,/data/WYC/signLanguage/work/generated/web_scoring_mvp/web_20260523_010203_88bdaf53/holistic/user_花_web_20260523_010203_88bdaf53_holistic_results.json,/data/WYC/signLanguage/work/generated/scoring_mvp_run3/all_demo_step2_worker_cache_semantic_v1/results/花/花_holistic_results.json,,5,True,0.039628482972136225,10,10.0,0.039930407324872984,30,5,True,0.032198142414860687,30,0.04726400298943493,,/data/WYC/signLanguage/work/generated/web_scoring_mvp/web_20260523_010203_88bdaf53/scoring_result.json,/data/WYC/signLanguage/work/generated/scoring_mvp_run2/all_demo_step4_worker_cache_v2/results/花/花_holistic_results.json,,0.0
花,web_20260523_010215_ab4961d9,web_reliable_nonlow,saved_web,79.16065010906186,normal_like,visible_semantic_core_scale,score_valid,score_valid,False,short_visible_core,query_not_short_core_capture,,,,,True,1.0,1.0,1.0,0.7729533910751343,0.0,0.0,0.0,0.0,0.0,0.0,0.2,0.0,0.0,0.0,0.66,0.032198142414860687,"0,0,0,0,0",0.0,0.0,0.0,0.0,0.0,0.0,0.2,0.0,0.0,0.0,0.66,0.039628482972136225,"0,0,0,0,0",0.0,0.6666666666666666,0.0,full_sequence_with_action_window_diagnostics,False,53,30,,,web_20260523_010215_ab4961d9,/data/WYC/signLanguage/work/generated/web_scoring_mvp/web_20260523_010215_ab4961d9/holistic/user_花_web_20260523_010215_ab4961d9_holistic_results.json,/data/WYC/signLanguage/work/generated/scoring_mvp_run3/all_demo_step2_worker_cache_semantic_v1/results/花/花_holistic_results.json,,5,True,0.039628482972136225,10,10.0,0.030572292730957542,30,5,True,0.032198142414860687,30,0.03388517364032888,,/data/WYC/signLanguage/work/generated/web_scoring_mvp/web_20260523_010215_ab4961d9/scoring_result.json,/data/WYC/signLanguage/work/generated/scoring_mvp_run2/all_demo_step4_worker_cache_v2/results/花/花_holistic_results.json,,0.0
跳,web_20260523_010234_e2d59e5e,web_reliable_nonlow,saved_web,73.05205591467838,borderline,jump_relation_semantic_floor,score_valid,score_valid,True,action_window_net,used,0.8144120069072851,4.977852016504656,,,True,,,,,0.0,0.4,0.0,0.0,0.045454545454545456,0.10101010101010101,0.4,0.0,0.0,0.0,0.7661010101010101,0.2188876401896364,"31,31,31,31,33",0.0,0.0,0.0,0.0,0.0,0.0,0.2,0.0,0.0,0.0,0.66,0.21984139386813725,"1,1,1,1,1",0.6666666666666666,0.4222222222222222,0.4222222222222222,semantic_action_window,True,19,45,,,web_20260523_010234_e2d59e5e,/data/WYC/signLanguage/work/generated/web_scoring_mvp/web_20260523_010234_e2d59e5e/holistic/user_跳_web_20260523_010234_e2d59e5e_holistic_results.json,/data/WYC/signLanguage/work/generated/scoring_mvp_run3/all_demo_step2_worker_cache_semantic_v1/results/跳/跳_holistic_results.json,,5,True,0.2430739979572693,13,15.0,0.301560382972851,45,5,True,0.24145852729479864,45,0.4098352104397791,,/data/WYC/signLanguage/work/generated/web_scoring_mvp/web_20260523_010234_e2d59e5e/scoring_result.json,/data/WYC/signLanguage/work/generated/scoring_mvp_run2/all_demo_step4_worker_cache_v2/results/跳/跳_holistic_results.json,,73.05205591467838
跳,web_20260523_011122_fb34e3e5,web_reliable_nonlow,saved_web,69.52551754318915,borderline,jump_relation_semantic_floor,score_valid,score_valid,True,full_sequence_local_relation_segment,used,0.954423500132074,2.861815400322816,0.5,1.1034494638442993,True,,,,,0.0,0.0,0.0,0.0,0.0,0.0,0.2,0.0,0.0,0.0,0.66,0.18586742797438896,"10,10,10,10,10",0.0,0.4,0.0,0.0,0.8571428571428571,1.0,0.4,0.0,0.0,0.0,0.856,0.24879990244929137,"1,7,7,7,7",0.5333333333333333,0.5666666666666667,0.5333333333333333,semantic_action_window,True,19,30,,,web_20260523_011122_fb34e3e5,/data/WYC/signLanguage/work/generated/web_scoring_mvp/web_20260523_011122_fb34e3e5/holistic/user_跳_web_20260523_011122_fb34e3e5_holistic_results.json,/data/WYC/signLanguage/work/generated/scoring_mvp_run3/all_demo_step2_worker_cache_semantic_v1/results/跳/跳_holistic_results.json,,5,True,0.2694699454834121,8,10.0,0.2725645255618391,30,5,True,0.19613904459921674,30,0.4451288323507658,,/data/WYC/signLanguage/work/generated/web_scoring_mvp/web_20260523_011122_fb34e3e5/scoring_result.json,/data/WYC/signLanguage/work/generated/scoring_mvp_run2/all_demo_step4_worker_cache_v2/results/跳/跳_holistic_results.json,weak_same_direction_vertical_jump,69.52551754318915
跳,web_20260523_011135_5967dd5a,web_needs_recapture,saved_web,3.110634612389878,low,short_action_window_with_query_energy_peak,needs_recapture,jump_two_hand_presence_low,False,,insufficient_two_hand_presence,,,,,True,,,,,0.4,-0.4,0.25,0.034482758620689655,0.034482758620689655,0.07662835249042145,0.4,0.012260536398467433,0.007662835249042145,0.0010569427929713305,0.42616283524904214,0.20420611569402478,"14,14,14,14,13",0.0,0.0,0.0,0.0,0.0,0.0,0.2,0.0,0.0,0.0,0.66,0.2801841677061564,"4,4,4,4,4",0.4666666666666667,0.7,0.4666666666666667,semantic_action_window,True,19,30,,,web_20260523_011135_5967dd5a,/data/WYC/signLanguage/work/generated/web_scoring_mvp/web_20260523_011135_5967dd5a/holistic/user_跳_web_20260523_011135_5967dd5a_holistic_results.json,/data/WYC/signLanguage/work/generated/scoring_mvp_run3/all_demo_step2_worker_cache_semantic_v1/results/跳/跳_holistic_results.json,,5,True,0.2981297315901108,8,10.0,0.33678319947731983,30,5,True,0.23054892218517725,30,0.5889368085582636,,/data/WYC/signLanguage/work/generated/web_scoring_mvp/web_20260523_011135_5967dd5a/scoring_result.json,/data/WYC/signLanguage/work/generated/scoring_mvp_run2/all_demo_step4_worker_cache_v2/results/跳/跳_holistic_results.json,,0.0
跳,web_20260523_015650_c394e067,web_reliable_nonlow,saved_web,84.92334172592344,normal_like,jump_relation_semantic_floor,score_valid,score_valid,True,action_window_net,used,0.9991643598546499,0.9761694370129093,,,True,,,,,0.0,1.0,0.0,0.0,0.5555555555555556,1.0,1.0,0.0,0.0,0.0,1.0,0.02741387051276999,"3,4,7,9,13",0.0,1.0,0.0,0.0,1.0,1.0,1.0,0.0,0.0,0.0,1.0,0.027415618928905323,"0,1,4,6,8",0.8947368421052632,0.8947368421052632,0.8947368421052632,semantic_action_window,True,19,19,,,web_20260523_015650_c394e067,/data/WYC/signLanguage/work/generated/web_scoring_mvp/web_20260523_015650_c394e067/holistic/user_跳_web_20260523_015650_c394e067_holistic_results.json,/data/WYC/signLanguage/work/generated/scoring_mvp_run3/all_demo_step2_worker_cache_semantic_v1/results/跳/跳_holistic_results.json,,5,True,0.0502426558208412,9,14.682539682539682,0.047507957405413435,19,5,True,0.0502426558208412,19,0.0567061731277496,,/data/WYC/signLanguage/work/generated/web_scoring_mvp/web_20260523_015650_c394e067/scoring_result.json,/data/WYC/signLanguage/work/generated/scoring_mvp_run3/all_demo_step2_worker_cache_semantic_v1/results/跳/跳_holistic_results.json,,84.92334172592344
跳,web_20260523_015727_2cb1fbe6,web_reliable_nonlow,saved_web,84.94841523300283,normal_like,jump_relation_semantic_floor,score_valid,score_valid,True,action_window_net,used,0.9994062681864736,1.0158404771126321,,,True,,,,,0.0,1.0,0.0,0.0,0.4444444444444444,0.9876543209876543,1.0,0.0,0.0,0.0,0.9987654320987654,0.024833620784267634,"3,4,7,9,11",0.0,1.0,0.0,0.0,1.0,1.0,1.0,0.0,0.0,0.0,1.0,0.024833620784267634,"0,1,4,6,8",0.8947368421052632,0.8947368421052632,0.8947368421052632,semantic_action_window,True,19,19,,,web_20260523_015727_2cb1fbe6,/data/WYC/signLanguage/work/generated/web_scoring_mvp/web_20260523_015727_2cb1fbe6/holistic/user_跳_web_20260523_015727_2cb1fbe6_holistic_results.json,/data/WYC/signLanguage/work/generated/scoring_mvp_run3/all_demo_step2_worker_cache_semantic_v1/results/跳/跳_holistic_results.json,,5,True,0.04834432780846712,9,14.682539682539682,0.044490776050910404,19,5,True,0.04834432780846712,19,0.05107344476437807,,/data/WYC/signLanguage/work/generated/web_scoring_mvp/web_20260523_015727_2cb1fbe6/scoring_result.json,/data/WYC/signLanguage/work/generated/scoring_mvp_run3/all_demo_step2_worker_cache_semantic_v1/results/跳/跳_holistic_results.json,,84.94841523300283
花,web_20260523_015736_2678050f,web_reliable_nonlow,saved_web,77.84019168252094,normal_like,visible_semantic_core_scale,score_valid,score_valid,False,short_visible_core,query_not_short_core_capture,,,,,True,1.0,1.0,1.0,0.16785776615142822,0.0,0.0,0.0,0.0,0.0,0.0,0.2,0.0,0.0,0.0,0.66,0.032198142414860687,"0,0,0,0,0",0.0,0.0,0.0,0.0,0.0,0.0,0.2,0.0,0.0,0.0,0.66,0.039628482972136225,"0,0,0,0,0",0.03333333333333333,0.7,0.03333333333333333,full_sequence_with_action_window_diagnostics,False,53,30,,,web_20260523_015736_2678050f,/data/WYC/signLanguage/work/generated/web_scoring_mvp/web_20260523_015736_2678050f/holistic/user_花_web_20260523_015736_2678050f_holistic_results.json,/data/WYC/signLanguage/work/generated/scoring_mvp_run3/all_demo_step2_worker_cache_semantic_v1/results/花/花_holistic_results.json,,5,True,0.039628482972136225,11,18.0,0.03211483704203059,30,5,True,0.032198142414860687,30,0.03632428141110601,,/data/WYC/signLanguage/work/generated/web_scoring_mvp/web_20260523_015736_2678050f/scoring_result.json,/data/WYC/signLanguage/work/generated/scoring_mvp_run3/all_demo_step2_worker_cache_semantic_v1/results/花/花_holistic_results.json,,0.0
花,web_20260523_015755_80a348dd,web_reliable_nonlow,saved_web,78.25112504326592,normal_like,visible_semantic_core_scale,score_valid,score_valid,False,short_visible_core,query_not_short_core_capture,,,,,True,1.0,1.0,1.0,0.3413180708885193,0.0,0.0,0.0,0.0,0.0,0.0,0.2,0.0,0.0,0.0,0.66,0.032198142414860687,"0,0,0,0,0",0.0,0.0,0.0,0.0,0.0,0.0,0.2,0.0,0.0,0.0,0.66,0.032198142414860687,"6,6,6,6,6",0.0,0.7666666666666667,0.0,full_sequence_with_action_window_diagnostics,False,53,30,,,web_20260523_015755_80a348dd,/data/WYC/signLanguage/work/generated/web_scoring_mvp/web_20260523_015755_80a348dd/holistic/user_花_web_20260523_015755_80a348dd_holistic_results.json,/data/WYC/signLanguage/work/generated/scoring_mvp_run3/all_demo_step2_worker_cache_semantic_v1/results/花/花_holistic_results.json,,5,True,0.032198142414860687,8,18.0,0.0315532564479656,30,5,True,0.032198142414860687,30,0.035560811972611794,,/data/WYC/signLanguage/work/generated/web_scoring_mvp/web_20260523_015755_80a348dd/scoring_result.json,/data/WYC/signLanguage/work/generated/scoring_mvp_run3/all_demo_step2_worker_cache_semantic_v1/results/花/花_holistic_results.json,,0.0
花,web_20260523_015816_3c06955d,web_reliable_nonlow,saved_web,78.22802383654293,normal_like,visible_semantic_core_scale,score_valid,score_valid,False,short_visible_core,query_not_short_core_capture,,,,,True,0.7371691137552262,0.4159313639005025,1.0,0.0849117636680603,0.0,0.0,0.0,0.0,0.0,0.0,0.2,0.0,0.0,0.0,0.66,0.032198142414860687,"0,0,0,0,0",0.0,0.0,0.0,0.0,0.0,0.0,0.2,0.0,0.0,0.0,0.66,0.032198142414860687,"4,4,4,4,4",0.0,0.6333333333333333,0.0,full_sequence_with_action_window_diagnostics,False,53,30,,,web_20260523_015816_3c06955d,/data/WYC/signLanguage/work/generated/web_scoring_mvp/web_20260523_015816_3c06955d/holistic/user_花_web_20260523_015816_3c06955d_holistic_results.json,/data/WYC/signLanguage/work/generated/scoring_mvp_run3/all_demo_step2_worker_cache_semantic_v1/results/花/花_holistic_results.json,,5,True,0.032198142414860687,8,18.0,0.031176901040821693,30,5,True,0.032198142414860687,30,0.035603625024997976,,/data/WYC/signLanguage/work/generated/web_scoring_mvp/web_20260523_015816_3c06955d/scoring_result.json,/data/WYC/signLanguage/work/generated/scoring_mvp_run3/all_demo_step2_worker_cache_semantic_v1/results/花/花_holistic_results.json,,0.0
花,web_20260523_015835_2dfac551,web_reliable_nonlow,saved_web,78.1195983881378,normal_like,flower_short_visible_core_semantic_floor,score_valid,score_valid,True,short_visible_core,used,,,0.6432566639717752,,True,1.0,1.0,1.0,0.683988094329834,0.0,0.0,0.0,0.0,0.0,0.0,0.2,0.0,0.0,0.0,0.66,0.032198142414860687,"0,0,0,0,0",0.0,0.0,0.0,0.0,0.0,0.0,0.2,0.0,0.0,0.0,0.66,0.039628482972136225,"0,0,0,0,0",0.0,0.7333333333333333,0.0,full_sequence_with_action_window_diagnostics,False,53,15,,,web_20260523_015835_2dfac551,/data/WYC/signLanguage/work/generated/web_scoring_mvp/web_20260523_015835_2dfac551/holistic/user_花_web_20260523_015835_2dfac551_holistic_results.json,/data/WYC/signLanguage/work/generated/scoring_mvp_run3/all_demo_step2_worker_cache_semantic_v1/results/花/花_holistic_results.json,,5,True,0.039628482972136225,6,10.0,0.032939754449510944,15,5,True,0.032198142414860687,15,0.03801171166469929,,/data/WYC/signLanguage/work/generated/web_scoring_mvp/web_20260523_015835_2dfac551/scoring_result.json,/data/WYC/signLanguage/work/generated/scoring_mvp_run3/all_demo_step2_worker_cache_semantic_v1/results/花/花_holistic_results.json,,78.1195983881378
跳,web_20260523_020555_09843ad1,web_reliable_nonlow,saved_web,84.94841523300283,normal_like,jump_relation_semantic_floor,score_valid,score_valid,True,action_window_net,used,0.9994062681864736,1.0158404771126321,,,True,,,,,0.0,1.0,0.0,0.0,0.4444444444444444,0.9876543209876543,1.0,0.0,0.0,0.0,0.9987654320987654,0.024833620784267634,"3,4,7,9,11",0.0,1.0,0.0,0.0,1.0,1.0,1.0,0.0,0.0,0.0,1.0,0.024833620784267634,"0,1,4,6,8",0.8947368421052632,0.8947368421052632,0.8947368421052632,semantic_action_window,True,19,19,,,web_20260523_020555_09843ad1,/data/WYC/signLanguage/work/generated/web_scoring_mvp/web_20260523_020555_09843ad1/holistic/user_跳_web_20260523_020555_09843ad1_holistic_results.json,/data/WYC/signLanguage/work/generated/scoring_mvp_run3/all_demo_step2_worker_cache_semantic_v1/results/跳/跳_holistic_results.json,,5,True,0.04834432780846712,9,14.682539682539682,0.044490776050910404,19,5,True,0.04834432780846712,19,0.05107344476437807,,/data/WYC/signLanguage/work/generated/web_scoring_mvp/web_20260523_020555_09843ad1/scoring_result.json,/data/WYC/signLanguage/work/generated/scoring_mvp_run3/all_demo_step2_worker_cache_semantic_v1/results/跳/跳_holistic_results.json,,84.94841523300283
花,web_20260523_020656_ffa06ed9,web_reliable_nonlow,saved_web,77.18278859042866,normal_like,visible_semantic_core_scale,score_valid,score_valid,True,short_visible_core,used,,,0.6369699636755505,,True,0.8214454036951065,1.0,0.6753552794456482,0.4494030475616455,0.0,0.0,0.0,0.0,0.0,0.0,0.2,0.0,0.0,0.0,0.66,0.032198142414860687,"0,0,0,0,0",0.0,0.0,0.0,0.0,0.0,0.0,0.2,0.0,0.0,0.0,0.66,0.039628482972136225,"1,1,1,1,1",0.06666666666666667,0.7333333333333333,0.06666666666666667,full_sequence_with_action_window_diagnostics,False,53,15,,,web_20260523_020656_ffa06ed9,/data/WYC/signLanguage/work/generated/web_scoring_mvp/web_20260523_020656_ffa06ed9/holistic/user_花_web_20260523_020656_ffa06ed9_holistic_results.json,/data/WYC/signLanguage/work/generated/scoring_mvp_run3/all_demo_step2_worker_cache_semantic_v1/results/花/花_holistic_results.json,,5,True,0.039628482972136225,6,10.0,0.0329345583399602,15,5,True,0.032198142414860687,15,0.03755408643232683,,/data/WYC/signLanguage/work/generated/web_scoring_mvp/web_20260523_020656_ffa06ed9/scoring_result.json,/data/WYC/signLanguage/work/generated/scoring_mvp_run3/all_demo_step2_worker_cache_semantic_v1/results/花/花_holistic_results.json,,76.32099541889795
花,web_20260523_020721_d12639c5,web_reliable_nonlow,saved_web,77.48293063086018,normal_like,visible_semantic_core_scale,score_valid,score_valid,False,short_visible_core,action_window_coverage_low,,,,,True,1.0,1.0,1.0,0.7751164436340332,0.0,0.0,0.0,0.0,0.0,0.0,0.2,0.0,0.0,0.0,0.66,0.032198142414860687,"0,0,0,0,0",0.0,0.0,0.0,0.0,0.0,0.0,0.2,0.0,0.0,0.0,0.66,0.039628482972136225,"0,0,0,0,0",0.0,0.8,0.0,full_sequence_with_action_window_diagnostics,False,53,15,,,web_20260523_020721_d12639c5,/data/WYC/signLanguage/work/generated/web_scoring_mvp/web_20260523_020721_d12639c5/holistic/user_花_web_20260523_020721_d12639c5_holistic_results.json,/data/WYC/signLanguage/work/generated/scoring_mvp_run3/all_demo_step2_worker_cache_semantic_v1/results/花/花_holistic_results.json,,5,True,0.039628482972136225,6,10.0,0.03295210723868895,15,5,True,0.032198142414860687,15,0.036991315952703954,,/data/WYC/signLanguage/work/generated/web_scoring_mvp/web_20260523_020721_d12639c5/scoring_result.json,/data/WYC/signLanguage/work/generated/scoring_mvp_run3/all_demo_step2_worker_cache_semantic_v1/results/花/花_holistic_results.json,,0.0
花,web_20260523_020734_b9299448,web_reliable_nonlow,saved_web,78.08182582418904,normal_like,visible_semantic_core_scale,score_valid,score_valid,False,short_visible_core,action_window_coverage_low,,,,,True,1.0,1.0,1.0,0.5716191828250885,0.0,0.0,0.0,0.0,0.0,0.0,0.2,0.0,0.0,0.0,0.66,0.032198142414860687,"0,0,0,0,0",0.0,0.0,0.0,0.0,0.0,0.0,0.2,0.0,0.0,0.0,0.66,0.039628482972136225,"0,0,0,0,0",0.0,0.6666666666666666,0.0,full_sequence_with_action_window_diagnostics,False,53,15,,,web_20260523_020734_b9299448,/data/WYC/signLanguage/work/generated/web_scoring_mvp/web_20260523_020734_b9299448/holistic/user_花_web_20260523_020734_b9299448_holistic_results.json,/data/WYC/signLanguage/work/generated/scoring_mvp_run3/all_demo_step2_worker_cache_semantic_v1/results/花/花_holistic_results.json,,5,True,0.039628482972136225,6,10.0,0.0330560476145772,15,5,True,0.032198142414860687,15,0.03587486471998705,,/data/WYC/signLanguage/work/generated/web_scoring_mvp/web_20260523_020734_b9299448/scoring_result.json,/data/WYC/signLanguage/work/generated/scoring_mvp_run3/all_demo_step2_worker_cache_semantic_v1/results/花/花_holistic_results.json,,0.0
花,web_20260523_020807_c15e8c2b,web_reliable_nonlow,saved_web,78.76797454435363,normal_like,visible_semantic_core_scale,score_valid,score_valid,False,short_visible_core,opening_guard_too_weak,,,,,True,0.55,0.0,1.0,0.01066058874130249,0.0,0.0,0.0,0.0,0.0,0.0,0.2,0.0,0.0,0.0,0.66,0.032198142414860687,"0,0,0,0,0",0.0,0.0,0.0,0.0,0.0,0.0,0.2,0.0,0.0,0.0,0.66,0.032198142414860687,"4,4,4,4,4",0.0,0.6666666666666666,0.0,full_sequence_with_action_window_diagnostics,False,53,15,,,web_20260523_020807_c15e8c2b,/data/WYC/signLanguage/work/generated/web_scoring_mvp/web_20260523_020807_c15e8c2b/holistic/user_花_web_20260523_020807_c15e8c2b_holistic_results.json,/data/WYC/signLanguage/work/generated/scoring_mvp_run3/all_demo_step2_worker_cache_semantic_v1/results/花/花_holistic_results.json,,5,True,0.032198142414860687,6,10.0,0.029192318378828915,15,5,True,0.032198142414860687,15,0.034606234490986404,,/data/WYC/signLanguage/work/generated/web_scoring_mvp/web_20260523_020807_c15e8c2b/scoring_result.json,/data/WYC/signLanguage/work/generated/scoring_mvp_run3/all_demo_step2_worker_cache_semantic_v1/results/花/花_holistic_results.json,,0.0
花,web_20260523_020825_2312ad97,web_reliable_nonlow,saved_web,63.31809108845088,borderline,visible_semantic_core_scale,score_valid,score_valid,False,short_visible_core,query_not_short_core_capture,,,,,True,1.0,1.0,1.0,0.2372725009918213,0.0,0.0,0.0,0.0,0.0,0.0,0.2,0.0,0.0,0.0,0.66,0.032198142414860687,"0,0,0,0,0",0.0,0.0,0.0,0.0,0.0,0.0,0.2,0.0,0.0,0.0,0.66,0.032198142414860687,"9,9,9,9,9",0.0,0.7777777777777778,0.0,full_sequence_with_action_window_diagnostics,False,53,45,,,web_20260523_020825_2312ad97,/data/WYC/signLanguage/work/generated/web_scoring_mvp/web_20260523_020825_2312ad97/holistic/user_花_web_20260523_020825_2312ad97_holistic_results.json,/data/WYC/signLanguage/work/generated/scoring_mvp_run3/all_demo_step2_worker_cache_semantic_v1/results/花/花_holistic_results.json,,5,True,0.032198142414860687,13,18.0,0.03395909345739539,45,5,True,0.032198142414860687,45,0.0662648692803439,,/data/WYC/signLanguage/work/generated/web_scoring_mvp/web_20260523_020825_2312ad97/scoring_result.json,/data/WYC/signLanguage/work/generated/scoring_mvp_run3/all_demo_step2_worker_cache_semantic_v1/results/花/花_holistic_results.json,,0.0
花,web_20260523_020843_6ba8acd9,web_reliable_nonlow,saved_web,66.85704531405491,borderline,visible_semantic_core_scale,score_valid,score_valid,False,short_visible_core,query_not_short_core_capture,,,,,True,0.5564961850643159,0.01443596680959063,1.0,0.03673231601715088,0.0,0.0,0.0,0.0,0.0,0.0,0.2,0.0,0.0,0.0,0.66,0.032198142414860687,"0,0,0,0,0",0.0,0.0,0.0,0.0,0.0,0.0,0.2,0.0,0.0,0.0,0.66,0.032198142414860687,"14,14,14,14,14",0.0,0.7166666666666667,0.0,full_sequence_with_action_window_diagnostics,False,53,60,,,web_20260523_020843_6ba8acd9,/data/WYC/signLanguage/work/generated/web_scoring_mvp/web_20260523_020843_6ba8acd9/holistic/user_花_web_20260523_020843_6ba8acd9_holistic_results.json,/data/WYC/signLanguage/work/generated/scoring_mvp_run3/all_demo_step2_worker_cache_semantic_v1/results/花/花_holistic_results.json,,5,True,0.032198142414860687,17,20.0,0.03241316979462149,60,5,True,0.032198142414860687,60,0.05837895722517185,,/data/WYC/signLanguage/work/generated/web_scoring_mvp/web_20260523_020843_6ba8acd9/scoring_result.json,/data/WYC/signLanguage/work/generated/scoring_mvp_run3/all_demo_step2_worker_cache_semantic_v1/results/花/花_holistic_results.json,,0.0
跳,web_20260523_020951_6ff2657c,web_needs_recapture,saved_web,7.283056837579631,low,short_action_window_with_query_energy_peak,needs_recapture,jump_two_hand_presence_low,False,,insufficient_two_hand_presence,,,,,True,,,,,0.4,0.1,0.25,0.3220338983050847,0.3220338983050847,0.7156308851224105,0.8,0.22900188323917137,0.1431261770244821,0.1843659229467905,0.610063088512241,0.21253696923450494,"25,34,43,43,24",0.0,0.0,0.0,0.0,0.0,0.0,0.2,0.0,0.0,0.0,0.66,0.2145266207694964,"0,0,0,0,0",0.26666666666666666,0.6666666666666666,0.26666666666666666,semantic_action_window,True,19,60,,,web_20260523_020951_6ff2657c,/data/WYC/signLanguage/work/generated/web_scoring_mvp/web_20260523_020951_6ff2657c/holistic/user_跳_web_20260523_020951_6ff2657c_holistic_results.json,/data/WYC/signLanguage/work/generated/scoring_mvp_run3/all_demo_step2_worker_cache_semantic_v1/results/跳/跳_holistic_results.json,,5,True,0.2367302186216158,17,20.0,0.21681206641670905,60,5,True,0.23380759596432682,60,0.4445641738425614,,/data/WYC/signLanguage/work/generated/web_scoring_mvp/web_20260523_020951_6ff2657c/scoring_result.json,/data/WYC/signLanguage/work/generated/scoring_mvp_run3/all_demo_step2_worker_cache_semantic_v1/results/跳/跳_holistic_results.json,,0.0
跳,web_20260523_021006_aef545ce,web_reliable_nonlow,saved_web,72.86982177632768,borderline,jump_relation_semantic_floor,score_valid,score_valid,True,action_window_net,used,0.7471162521034977,5.501047290408654,,,True,,,,,0.6,-0.4,0.25,0.03389830508474576,0.03389830508474576,0.07532956685499058,0.6,0.027118644067796606,0.011299435028248586,0.0015321267834913336,0.37203295668549907,0.20299520186845782,"43,43,41,41,42",0.6,-0.4,0.25,0.125,0.125,0.2777777777777778,0.6,0.09999999999999999,0.041666666666666664,0.020833333333333332,0.3922777777777778,0.20299520186845782,"2,2,0,0,1",0.7333333333333333,0.6,0.6,semantic_action_window,True,19,60,,,web_20260523_021006_aef545ce,/data/WYC/signLanguage/work/generated/web_scoring_mvp/web_20260523_021006_aef545ce/holistic/user_跳_web_20260523_021006_aef545ce_holistic_results.json,/data/WYC/signLanguage/work/generated/scoring_mvp_run3/all_demo_step2_worker_cache_semantic_v1/results/跳/跳_holistic_results.json,,5,True,0.22554683233924488,17,20.0,0.3329664150705042,60,5,True,0.22554683233924488,60,0.40810640775337137,,/data/WYC/signLanguage/work/generated/web_scoring_mvp/web_20260523_021006_aef545ce/scoring_result.json,/data/WYC/signLanguage/work/generated/scoring_mvp_run3/all_demo_step2_worker_cache_semantic_v1/results/跳/跳_holistic_results.json,,72.86982177632768
跳,web_20260523_021604_9c415199,web_needs_recapture,saved_web,4.7839703876199815,low,short_action_window_with_query_energy_peak,needs_recapture,jump_two_hand_presence_low,False,,insufficient_two_hand_presence,,,,,True,,,,,0.3,0.1,0.5,0.1016949152542373,0.2033898305084746,0.4519774011299435,0.6,0.08135593220338982,0.13559322033898305,0.02757828210284401,0.5731977401129944,0.19979731683281465,"23,23,35,29,23",0.0,0.0,0.0,0.0,0.0,0.0,0.2,0.0,0.0,0.0,0.66,0.22242946036651734,"4,4,4,4,4",0.13333333333333333,0.7166666666666667,0.13333333333333333,semantic_action_window,True,19,60,,,web_20260523_021604_9c415199,/data/WYC/signLanguage/work/generated/web_scoring_mvp/web_20260523_021604_9c415199/holistic/user_跳_web_20260523_021604_9c415199_holistic_results.json,/data/WYC/signLanguage/work/generated/scoring_mvp_run3/all_demo_step2_worker_cache_semantic_v1/results/跳/跳_holistic_results.json,,5,True,0.24784755019138321,17,20.0,0.2794909329047356,60,5,True,0.22266235751271124,60,0.5158880282499858,,/data/WYC/signLanguage/work/generated/web_scoring_mvp/web_20260523_021604_9c415199/scoring_result.json,/data/WYC/signLanguage/work/generated/scoring_mvp_run3/all_demo_step2_worker_cache_semantic_v1/results/跳/跳_holistic_results.json,,0.0
跳,web_20260523_021622_26666615,web_reliable_nonlow,saved_web,70.08362779511887,borderline,jump_relation_semantic_floor,score_valid,score_valid,True,action_window_net,used,0.6958010009877477,4.597114704673051,,,True,,,,,0.0,0.0,0.0,0.0,0.0,0.0,0.2,0.0,0.0,0.0,0.66,0.2040605154322578,"13,13,13,13,13",0.0,0.0,0.0,0.0,0.0,0.0,0.2,0.0,0.0,0.0,0.66,0.2040605154322578,"0,0,0,0,0",0.6,0.5,0.5,semantic_action_window,True,19,30,,,web_20260523_021622_26666615,/data/WYC/signLanguage/work/generated/web_scoring_mvp/web_20260523_021622_26666615/holistic/user_跳_web_20260523_021622_26666615_holistic_results.json,/data/WYC/signLanguage/work/generated/scoring_mvp_run3/all_demo_step2_worker_cache_semantic_v1/results/跳/跳_holistic_results.json,,5,True,0.22576109350048443,8,18.0,0.3005133831403335,30,5,True,0.22576109350048443,30,0.4322340118757013,,/data/WYC/signLanguage/work/generated/web_scoring_mvp/web_20260523_021622_26666615/scoring_result.json,/data/WYC/signLanguage/work/generated/scoring_mvp_run3/all_demo_step2_worker_cache_semantic_v1/results/跳/跳_holistic_results.json,,70.08362779511887
跳,web_20260523_022509_a44cb853,web_reliable_nonlow,saved_web,74.91546989845658,borderline,jump_relation_semantic_floor,score_valid,score_valid,True,full_sequence_local_relation_segment,used,0.983488600927999,2.0451028943416483,0.7368421052631579,1.492102026939392,True,,,,,0.6,-0.6,0.25,0.5862068965517241,0.5862068965517241,1.0,0.4,0.24,0.1,0.23448275862068965,0.4165,0.1936282763041924,"28,28,28,11,11",0.0,0.0,0.0,0.0,0.0,0.0,0.2,0.0,0.0,0.0,0.66,0.19965054163495882,"6,6,6,6,6",0.7666666666666667,0.6666666666666666,0.6666666666666666,semantic_action_window,True,19,30,,,web_20260523_022509_a44cb853,/data/WYC/signLanguage/work/generated/web_scoring_mvp/web_20260523_022509_a44cb853/holistic/user_跳_web_20260523_022509_a44cb853_holistic_results.json,/data/WYC/signLanguage/work/generated/scoring_mvp_run3/all_demo_step2_worker_cache_semantic_v1/results/跳/跳_holistic_results.json,,5,True,0.22349450248734282,8,18.0,0.2737661730991391,30,5,True,0.21170012242565467,30,0.4145855349518649,,/data/WYC/signLanguage/work/generated/web_scoring_mvp/web_20260523_022509_a44cb853/scoring_result.json,/data/WYC/signLanguage/work/generated/scoring_mvp_run3/all_demo_step2_worker_cache_semantic_v1/results/跳/跳_holistic_results.json,relation_direction_mismatch,74.91546989845658
花,web_20260523_023452_bd691c4f,web_reliable_nonlow,saved_web,79.39839837023891,normal_like,visible_semantic_core_scale,score_valid,score_valid,False,short_visible_core,query_not_short_core_capture,,,,,True,0.816073654294014,1.0,0.6655884623527527,0.2848031520843506,0.0,0.0,0.0,0.0,0.0,0.0,0.2,0.0,0.0,0.0,0.66,0.032198142414860687,"0,0,0,0,0",0.0,0.0,0.0,0.0,0.0,0.0,0.2,0.0,0.0,0.0,0.66,0.039628482972136225,"0,0,0,0,0",0.0,0.7735849056603774,0.0,full_sequence_with_action_window_diagnostics,False,53,53,,,web_20260523_023452_bd691c4f,/data/WYC/signLanguage/work/generated/web_scoring_mvp/web_20260523_023452_bd691c4f/holistic/user_花_web_20260523_023452_bd691c4f_holistic_results.json,/data/WYC/signLanguage/work/generated/scoring_mvp_run3/all_demo_step2_worker_cache_semantic_v1/results/花/花_holistic_results.json,,5,True,0.039628482972136225,17,29.44954128440367,0.02899202722322958,53,5,True,0.032198142414860687,53,0.033450338491697165,,/data/WYC/signLanguage/work/generated/web_scoring_mvp/web_20260523_023452_bd691c4f/scoring_result.json,/data/WYC/signLanguage/work/generated/scoring_mvp_run3/all_demo_step2_worker_cache_semantic_v1/results/花/花_holistic_results.json,,0.0
花,web_20260523_023716_bb545221,web_reliable_nonlow,saved_web,75.53318443817626,normal_like,visible_semantic_core_scale,score_valid,score_valid,False,short_visible_core,opening_guard_too_weak,,,,,True,0.5927757751941681,1.0,0.25959231853485115,0.2958735227584839,0.0,0.0,0.0,0.0,0.0,0.0,0.2,0.0,0.0,0.0,0.66,0.032198142414860687,"0,0,0,0,0",0.0,0.0,0.0,0.0,0.0,0.0,0.2,0.0,0.0,0.0,0.66,0.039628482972136225,"0,0,0,0,0",0.0,0.6666666666666666,0.0,full_sequence_with_action_window_diagnostics,False,53,15,,,web_20260523_023716_bb545221,/data/WYC/signLanguage/work/generated/web_scoring_mvp/web_20260523_023716_bb545221/holistic/user_花_web_20260523_023716_bb545221_holistic_results.json,/data/WYC/signLanguage/work/generated/scoring_mvp_run3/all_demo_step2_worker_cache_semantic_v1/results/花/花_holistic_results.json,,5,True,0.039628482972136225,6,10.0,0.036608248191187985,15,5,True,0.032198142414860687,15,0.04068672411070608,,/data/WYC/signLanguage/work/generated/web_scoring_mvp/web_20260523_023716_bb545221/scoring_result.json,/data/WYC/signLanguage/work/generated/scoring_mvp_run3/all_demo_step2_worker_cache_semantic_v1/results/花/花_holistic_results.json,,0.0
花,web_20260523_023729_fe2e847d,web_reliable_nonlow,saved_web,78.09925693366887,normal_like,visible_semantic_core_scale,score_valid,score_valid,False,short_visible_core,action_window_coverage_low,,,,,True,0.6797603499889374,1.0,0.41774609088897713,0.3293653726577759,0.0,0.0,0.0,0.0,0.0,0.0,0.2,0.0,0.0,0.0,0.66,0.032198142414860687,"0,0,0,0,0",0.0,0.0,0.0,0.0,0.0,0.0,0.2,0.0,0.0,0.0,0.66,0.039628482972136225,"0,0,0,0,0",0.0,0.8,0.0,full_sequence_with_action_window_diagnostics,False,53,15,,,web_20260523_023729_fe2e847d,/data/WYC/signLanguage/work/generated/web_scoring_mvp/web_20260523_023729_fe2e847d/holistic/user_花_web_20260523_023729_fe2e847d_holistic_results.json,/data/WYC/signLanguage/work/generated/scoring_mvp_run3/all_demo_step2_worker_cache_semantic_v1/results/花/花_holistic_results.json,,5,True,0.039628482972136225,6,10.0,0.03306179338375074,15,5,True,0.032198142414860687,15,0.035842498304792074,,/data/WYC/signLanguage/work/generated/web_scoring_mvp/web_20260523_023729_fe2e847d/scoring_result.json,/data/WYC/signLanguage/work/generated/scoring_mvp_run3/all_demo_step2_worker_cache_semantic_v1/results/花/花_holistic_results.json,,0.0
花,web_20260523_023751_844be9b0,web_reliable_nonlow,saved_web,78.30805692480041,normal_like,visible_semantic_core_scale,score_valid,score_valid,False,short_visible_core,action_window_coverage_low,,,,,True,0.7885371279716492,1.0,0.615522050857544,0.4562741219997406,0.0,0.0,0.0,0.0,0.0,0.0,0.2,0.0,0.0,0.0,0.66,0.032198142414860687,"0,0,0,0,0",0.0,0.0,0.0,0.0,0.0,0.0,0.2,0.0,0.0,0.0,0.66,0.039628482972136225,"0,0,0,0,0",0.0,0.8666666666666667,0.0,full_sequence_with_action_window_diagnostics,False,53,15,,,web_20260523_023751_844be9b0,/data/WYC/signLanguage/work/generated/web_scoring_mvp/web_20260523_023751_844be9b0/holistic/user_花_web_20260523_023751_844be9b0_holistic_results.json,/data/WYC/signLanguage/work/generated/scoring_mvp_run3/all_demo_step2_worker_cache_semantic_v1/results/花/花_holistic_results.json,,5,True,0.039628482972136225,6,10.0,0.03273400609866125,15,5,True,0.032198142414860687,15,0.03545535507021096,,/data/WYC/signLanguage/work/generated/web_scoring_mvp/web_20260523_023751_844be9b0/scoring_result.json,/data/WYC/signLanguage/work/generated/scoring_mvp_run3/all_demo_step2_worker_cache_semantic_v1/results/花/花_holistic_results.json,,0.0
花,web_20260523_023814_169a471d,web_reliable_nonlow,saved_web,77.05564745831941,normal_like,visible_semantic_core_scale,score_valid,score_valid,False,short_visible_core,query_not_short_core_capture,,,,,True,0.44249507188797,0.9833223819732666,0.0,0.152998685836792,0.0,0.0,0.0,0.0,0.0,0.0,0.2,0.0,0.0,0.0,0.66,0.032198142414860687,"0,0,0,0,0",0.0,0.0,0.0,0.0,0.0,0.0,0.2,0.0,0.0,0.0,0.66,0.032198142414860687,"0,0,0,0,0",0.0,0.8666666666666667,0.0,full_sequence_with_action_window_diagnostics,False,53,30,,,web_20260523_023814_169a471d,/data/WYC/signLanguage/work/generated/web_scoring_mvp/web_20260523_023814_169a471d/holistic/user_花_web_20260523_023814_169a471d_holistic_results.json,/data/WYC/signLanguage/work/generated/scoring_mvp_run3/all_demo_step2_worker_cache_semantic_v1/results/花/花_holistic_results.json,,5,True,0.032198142414860687,8,18.0,0.0348391223445133,30,5,True,0.032198142414860687,30,0.03779313797879898,,/data/WYC/signLanguage/work/generated/web_scoring_mvp/web_20260523_023814_169a471d/scoring_result.json,/data/WYC/signLanguage/work/generated/scoring_mvp_run3/all_demo_step2_worker_cache_semantic_v1/results/花/花_holistic_results.json,,0.0
花,web_20260523_023830_033d7664,web_reliable_nonlow,saved_web,78.8270187377436,normal_like,visible_semantic_core_scale,score_valid,score_valid,False,short_visible_core,query_not_short_core_capture,,,,,True,1.0,1.0,1.0,0.3744889795780182,0.0,0.0,0.0,0.0,0.0,0.0,0.2,0.0,0.0,0.0,0.66,0.032198142414860687,"0,0,0,0,0",0.0,0.0,0.0,0.0,0.0,0.0,0.2,0.0,0.0,0.0,0.66,0.032198142414860687,"7,7,7,7,7",0.0,0.8,0.0,full_sequence_with_action_window_diagnostics,False,53,30,,,web_20260523_023830_033d7664,/data/WYC/signLanguage/work/generated/web_scoring_mvp/web_20260523_023830_033d7664/holistic/user_花_web_20260523_023830_033d7664_holistic_results.json,/data/WYC/signLanguage/work/generated/scoring_mvp_run3/all_demo_step2_worker_cache_semantic_v1/results/花/花_holistic_results.json,,5,True,0.032198142414860687,8,18.0,0.03167090723238341,30,5,True,0.032198142414860687,30,0.03449758372405747,,/data/WYC/signLanguage/work/generated/web_scoring_mvp/web_20260523_023830_033d7664/scoring_result.json,/data/WYC/signLanguage/work/generated/scoring_mvp_run3/all_demo_step2_worker_cache_semantic_v1/results/花/花_holistic_results.json,,0.0
跳,web_20260523_024000_dd35e1bb,web_reliable_nonlow,saved_web,72.94307183299364,borderline,jump_relation_semantic_floor,score_valid,score_valid,True,full_sequence_local_relation_segment,used,0.9762317965600258,3.4848190294122583,0.7142857142857143,1.4833585023880005,True,,,,,0.4,-0.1,0.25,0.4827586206896552,0.4827586206896552,1.0,0.6,0.24,0.15,0.2896551724137931,0.5905,0.21896104809763978,"27,13,13,13,14",0.0,0.0,0.0,0.0,0.0,0.0,0.2,0.0,0.0,0.0,0.66,0.22717687364147782,"5,5,5,5,5",0.9,0.7,0.7,semantic_action_window,True,19,30,,,web_20260523_024000_dd35e1bb,/data/WYC/signLanguage/work/generated/web_scoring_mvp/web_20260523_024000_dd35e1bb/holistic/user_跳_web_20260523_024000_dd35e1bb_holistic_results.json,/data/WYC/signLanguage/work/generated/scoring_mvp_run3/all_demo_step2_worker_cache_semantic_v1/results/跳/跳_holistic_results.json,,5,True,0.24191651361358685,8,18.0,0.3346600076638852,30,5,True,0.2329410413290149,30,0.5411221719397376,,/data/WYC/signLanguage/work/generated/web_scoring_mvp/web_20260523_024000_dd35e1bb/scoring_result.json,/data/WYC/signLanguage/work/generated/scoring_mvp_run3/all_demo_step2_worker_cache_semantic_v1/results/跳/跳_holistic_results.json,relation_direction_mismatch,72.94307183299364
跳,web_20260523_024025_9c6cf572,web_needs_recapture,saved_web,3.769062346165826,low,short_action_window_with_query_energy_peak,needs_recapture,jump_two_hand_presence_low,False,,insufficient_two_hand_presence,,,,,True,,,,,0.0,0.4,0.0,0.0,0.034482758620689655,0.07662835249042145,0.4,0.0,0.0,0.0,0.7636628352490421,0.17893523916112053,"11,11,11,11,12",0.0,0.0,0.0,0.0,0.0,0.0,0.2,0.0,0.0,0.0,0.66,0.1808834964719847,"0,0,0,0,0",0.3,0.6,0.3,semantic_action_window,True,19,30,,,web_20260523_024025_9c6cf572,/data/WYC/signLanguage/work/generated/web_scoring_mvp/web_20260523_024025_9c6cf572/holistic/user_跳_web_20260523_024025_9c6cf572_holistic_results.json,/data/WYC/signLanguage/work/generated/scoring_mvp_run3/all_demo_step2_worker_cache_semantic_v1/results/跳/跳_holistic_results.json,,5,True,0.20662546348433053,8,18.0,0.2770320327843779,30,5,True,0.20442321786865902,30,0.5563534137528376,,/data/WYC/signLanguage/work/generated/web_scoring_mvp/web_20260523_024025_9c6cf572/scoring_result.json,/data/WYC/signLanguage/work/generated/scoring_mvp_run3/all_demo_step2_worker_cache_semantic_v1/results/跳/跳_holistic_results.json,,0.0
跳,web_20260523_024037_ff5b3fb5,web_needs_recapture,saved_web,6.226831427977597,low,short_action_window_with_query_energy_peak,needs_recapture,jump_two_hand_presence_low,False,,insufficient_two_hand_presence,,,,,True,,,,,0.0,0.0,0.0,0.0,0.0,0.0,0.2,0.0,0.0,0.0,0.66,0.1843622311207928,"18,18,18,18,18",0.0,0.0,0.0,0.0,0.0,0.0,0.2,0.0,0.0,0.0,0.66,0.19347249841236833,"0,0,0,0,0",0.5,0.8333333333333334,0.5,semantic_action_window,True,19,30,,,web_20260523_024037_ff5b3fb5,/data/WYC/signLanguage/work/generated/web_scoring_mvp/web_20260523_024037_ff5b3fb5/holistic/user_跳_web_20260523_024037_ff5b3fb5_holistic_results.json,/data/WYC/signLanguage/work/generated/scoring_mvp_run3/all_demo_step2_worker_cache_semantic_v1/results/跳/跳_holistic_results.json,,5,True,0.21949804603700956,8,18.0,0.29188021697759464,30,5,True,0.20891496698133977,30,0.471154171699649,,/data/WYC/signLanguage/work/generated/web_scoring_mvp/web_20260523_024037_ff5b3fb5/scoring_result.json,/data/WYC/signLanguage/work/generated/scoring_mvp_run3/all_demo_step2_worker_cache_semantic_v1/results/跳/跳_holistic_results.json,,0.0
花,web_20260523_030621_977512c9,web_reliable_nonlow,saved_web,79.39839837023891,normal_like,visible_semantic_core_scale,score_valid,score_valid,False,short_visible_core,query_not_short_core_capture,,,,,True,0.816073654294014,1.0,0.6655884623527527,0.2848031520843506,0.0,0.0,0.0,0.0,0.0,0.0,0.2,0.0,0.0,0.0,0.66,0.032198142414860687,"0,0,0,0,0",0.0,0.0,0.0,0.0,0.0,0.0,0.2,0.0,0.0,0.0,0.66,0.039628482972136225,"0,0,0,0,0",0.0,0.7735849056603774,0.0,full_sequence_with_action_window_diagnostics,False,53,53,,,web_20260523_030621_977512c9,/data/WYC/signLanguage/work/generated/web_scoring_mvp/web_20260523_030621_977512c9/holistic/user_花_web_20260523_030621_977512c9_holistic_results.json,/data/WYC/signLanguage/work/generated/scoring_mvp_run3/all_demo_step2_worker_cache_semantic_v1/results/花/花_holistic_results.json,,5,True,0.039628482972136225,17,29.44954128440367,0.02899202722322958,53,5,True,0.032198142414860687,53,0.033450338491697165,,/data/WYC/signLanguage/work/generated/web_scoring_mvp/web_20260523_030621_977512c9/scoring_result.json,/data/WYC/signLanguage/work/generated/scoring_mvp_run3/all_demo_step2_worker_cache_semantic_v1/results/花/花_holistic_results.json,,0.0
跳,web_20260523_030625_c3f72e11,web_reliable_nonlow,saved_web,84.96471093977739,normal_like,jump_relation_semantic_floor,score_valid,score_valid,True,action_window_net,used,0.9994498509339091,1.0085224911160175,,,True,,,,,0.0,1.0,0.0,0.0,0.5555555555555556,1.0,1.0,0.0,0.0,0.0,1.0,0.024489992005773814,"3,4,7,9,13",0.0,1.0,0.0,0.0,1.0,1.0,1.0,0.0,0.0,0.0,1.0,0.026009976101286726,"0,1,4,6,8",0.8947368421052632,0.8947368421052632,0.8947368421052632,semantic_action_window,True,19,19,,,web_20260523_030625_c3f72e11,/data/WYC/signLanguage/work/generated/web_scoring_mvp/web_20260523_030625_c3f72e11/holistic/user_跳_web_20260523_030625_c3f72e11_holistic_results.json,/data/WYC/signLanguage/work/generated/scoring_mvp_run3/all_demo_step2_worker_cache_semantic_v1/results/跳/跳_holistic_results.json,,5,True,0.03769991273706982,9,14.682539682539682,0.047280118537600724,19,5,True,0.03769991273706982,19,0.055043579513593774,,/data/WYC/signLanguage/work/generated/web_scoring_mvp/web_20260523_030625_c3f72e11/scoring_result.json,/data/WYC/signLanguage/work/generated/scoring_mvp_run3/all_demo_step2_worker_cache_semantic_v1/results/跳/跳_holistic_results.json,,84.96471093977739
花,web_20260523_031125_9cc568f2,web_reliable_nonlow,saved_web,79.2397950568015,normal_like,visible_semantic_core_scale,score_valid,score_valid,False,short_visible_core,query_not_short_core_capture,,,,,True,0.8892769348621369,1.0,0.7986853361129761,0.2688221335411072,0.0,0.0,0.0,0.0,0.0,0.0,0.2,0.0,0.0,0.0,0.66,0.032198142414860687,"0,0,0,0,0",0.0,0.0,0.0,0.0,0.0,0.0,0.2,0.0,0.0,0.0,0.66,0.039628482972136225,"0,0,0,0,0",0.0,0.7924528301886793,0.0,full_sequence_with_action_window_diagnostics,False,53,53,,,web_20260523_031125_9cc568f2,/data/WYC/signLanguage/work/generated/web_scoring_mvp/web_20260523_031125_9cc568f2/holistic/user_花_web_20260523_031125_9cc568f2_holistic_results.json,/data/WYC/signLanguage/work/generated/scoring_mvp_run3/all_demo_step2_worker_cache_semantic_v1/results/花/花_holistic_results.json,,5,True,0.039628482972136225,18,29.44954128440367,0.029482937069314468,53,5,True,0.032198142414860687,53,0.03374027482561618,,/data/WYC/signLanguage/work/generated/web_scoring_mvp/web_20260523_031125_9cc568f2/scoring_result.json,/data/WYC/signLanguage/work/generated/scoring_mvp_run3/all_demo_step2_worker_cache_semantic_v1/results/花/花_holistic_results.json,,0.0
跳,web_20260523_031129_bd3988e8,web_reliable_nonlow,saved_web,84.97386773835608,normal_like,jump_relation_semantic_floor,score_valid,score_valid,True,action_window_net,used,0.9997262652221789,1.008410660853481,,,True,,,,,0.0,1.0,0.0,0.0,0.4444444444444444,0.9876543209876543,1.0,0.0,0.0,0.0,0.9987654320987654,0.022254639938921066,"3,4,7,9,11",0.0,1.0,0.0,0.0,1.0,1.0,1.0,0.0,0.0,0.0,1.0,0.022254639938921066,"0,1,4,6,8",0.8947368421052632,0.8947368421052632,0.8947368421052632,semantic_action_window,True,19,19,,,web_20260523_031129_bd3988e8,/data/WYC/signLanguage/work/generated/web_scoring_mvp/web_20260523_031129_bd3988e8/holistic/user_跳_web_20260523_031129_bd3988e8_holistic_results.json,/data/WYC/signLanguage/work/generated/scoring_mvp_run3/all_demo_step2_worker_cache_semantic_v1/results/跳/跳_holistic_results.json,,5,True,0.03592372998354986,9,14.682539682539682,0.04870685196651341,19,5,True,0.03592372998354986,19,0.057656330301181155,,/data/WYC/signLanguage/work/generated/web_scoring_mvp/web_20260523_031129_bd3988e8/scoring_result.json,/data/WYC/signLanguage/work/generated/scoring_mvp_run3/all_demo_step2_worker_cache_semantic_v1/results/跳/跳_holistic_results.json,,84.97386773835608
跳,web_20260523_031134_8688f93f,web_reliable_nonlow,saved_web,77.61020177401426,normal_like,jump_relation_semantic_floor,score_valid,score_valid,True,action_window_net,used,0.988887748567073,1.2677418711514081,,,True,,,,,0.0,0.0,0.0,0.0,0.0,0.0,0.2,0.0,0.0,0.0,0.66,0.17162189394850463,"13,13,13,13,13",0.0,0.0,0.0,0.0,0.0,0.0,0.2,0.0,0.0,0.0,0.66,0.17162189394850463,"5,5,5,5,5",0.7,0.6,0.6,semantic_action_window,True,19,30,,,web_20260523_031134_8688f93f,/data/WYC/signLanguage/work/generated/web_scoring_mvp/web_20260523_031134_8688f93f/holistic/user_跳_web_20260523_031134_8688f93f_holistic_results.json,/data/WYC/signLanguage/work/generated/scoring_mvp_run3/all_demo_step2_worker_cache_semantic_v1/results/跳/跳_holistic_results.json,,5,True,0.18887188773028832,11,18.0,0.29589639787091027,30,5,True,0.18887188773028832,30,0.4421007365663946,,/data/WYC/signLanguage/work/generated/web_scoring_mvp/web_20260523_031134_8688f93f/scoring_result.json,/data/WYC/signLanguage/work/generated/scoring_mvp_run3/all_demo_step2_worker_cache_semantic_v1/results/跳/跳_holistic_results.json,,77.61020177401426
跳,web_20260523_031147_55d51ab9,web_needs_recapture,saved_web,0.8328617528044224,low,short_action_window_with_query_energy_peak,needs_recapture,jump_two_hand_presence_low,False,,insufficient_two_hand_presence,,,,,True,,,,,0.0,0.0,0.0,0.0,0.0,0.0,0.2,0.0,0.0,0.0,0.66,0.18450418269276567,"14,14,14,14,14",0.4,-0.2,0.25,0.14285714285714285,0.14285714285714285,0.31746031746031744,0.4,0.050793650793650794,0.031746031746031744,0.018140589569160995,0.4982460317460317,0.36514039412849253,"1,2,2,1,1",0.5,0.6,0.5,semantic_action_window,True,19,30,,,web_20260523_031147_55d51ab9,/data/WYC/signLanguage/work/generated/web_scoring_mvp/web_20260523_031147_55d51ab9/holistic/user_跳_web_20260523_031147_55d51ab9_holistic_results.json,/data/WYC/signLanguage/work/generated/scoring_mvp_run3/all_demo_step2_worker_cache_semantic_v1/results/跳/跳_holistic_results.json,,5,True,0.3772456377070912,8,18.0,0.3878581139702369,30,5,True,0.20203296804510873,30,0.8125603533139072,,/data/WYC/signLanguage/work/generated/web_scoring_mvp/web_20260523_031147_55d51ab9/scoring_result.json,/data/WYC/signLanguage/work/generated/scoring_mvp_run3/all_demo_step2_worker_cache_semantic_v1/results/跳/跳_holistic_results.json,,0.0
跳,web_20260523_031219_0da0bd96,web_reliable_nonlow,saved_web,66.51038015480857,borderline,jump_relation_semantic_floor,score_valid,score_valid,True,action_window_net,used,0.7228276749640459,4.748161230908244,,,True,,,,,0.0,0.0,0.0,0.0,0.0,0.0,0.2,0.0,0.0,0.0,0.66,0.17639313118614677,"9,9,9,9,9",0.0,0.0,0.0,0.0,0.0,0.0,0.2,0.0,0.0,0.0,0.66,0.17639313118614677,"0,0,0,0,0",0.7333333333333333,0.6666666666666666,0.6666666666666666,semantic_action_window,True,19,15,,,web_20260523_031219_0da0bd96,/data/WYC/signLanguage/work/generated/web_scoring_mvp/web_20260523_031219_0da0bd96/holistic/user_跳_web_20260523_031219_0da0bd96_holistic_results.json,/data/WYC/signLanguage/work/generated/scoring_mvp_run3/all_demo_step2_worker_cache_semantic_v1/results/跳/跳_holistic_results.json,,5,True,0.19477024385597527,6,10.0,0.27834893128381044,15,5,True,0.19477024385597527,15,0.47377210889587096,,/data/WYC/signLanguage/work/generated/web_scoring_mvp/web_20260523_031219_0da0bd96/scoring_result.json,/data/WYC/signLanguage/work/generated/scoring_mvp_run3/all_demo_step2_worker_cache_semantic_v1/results/跳/跳_holistic_results.json,,66.51038015480857
跳,web_20260523_031235_d0de0d44,web_reliable_nonlow,saved_web,72.5429794341052,borderline,jump_relation_semantic_floor,score_valid,score_valid,True,action_window_net,used,0.6799126615992459,3.461451922119914,,,True,,,,,0.0,0.0,0.0,0.0,0.0,0.0,0.2,0.0,0.0,0.0,0.66,0.19247328754755536,"3,3,3,3,3",0.0,0.0,0.0,0.0,0.0,0.0,0.2,0.0,0.0,0.0,0.66,0.19247328754755536,"0,0,0,0,0",0.5333333333333333,0.6,0.5333333333333333,semantic_action_window,True,19,15,,,web_20260523_031235_d0de0d44,/data/WYC/signLanguage/work/generated/web_scoring_mvp/web_20260523_031235_d0de0d44/holistic/user_跳_web_20260523_031235_d0de0d44_holistic_results.json,/data/WYC/signLanguage/work/generated/scoring_mvp_run3/all_demo_step2_worker_cache_semantic_v1/results/跳/跳_holistic_results.json,,5,True,0.2114682423634838,6,10.0,0.23692616179518888,15,5,True,0.2114682423634838,15,0.3194122984192183,,/data/WYC/signLanguage/work/generated/web_scoring_mvp/web_20260523_031235_d0de0d44/scoring_result.json,/data/WYC/signLanguage/work/generated/scoring_mvp_run3/all_demo_step2_worker_cache_semantic_v1/results/跳/跳_holistic_results.json,,72.5429794341052
跳,web_20260523_031247_f927176a,web_reliable_nonlow,saved_web,82.06160710461378,normal_like,jump_relation_semantic_floor,score_valid,score_valid,True,action_window_net,used,0.9709602639562004,3.1836826972862897,,,True,,,,,0.0,0.0,0.0,0.0,0.0,0.0,0.2,0.0,0.0,0.0,0.66,0.16836191876434153,"6,6,6,6,6",0.0,0.0,0.0,0.0,0.0,0.0,0.2,0.0,0.0,0.0,0.66,0.16836191876434153,"3,3,3,3,3",0.9333333333333333,0.5333333333333333,0.5333333333333333,semantic_action_window,True,19,15,,,web_20260523_031247_f927176a,/data/WYC/signLanguage/work/generated/web_scoring_mvp/web_20260523_031247_f927176a/holistic/user_跳_web_20260523_031247_f927176a_holistic_results.json,/data/WYC/signLanguage/work/generated/scoring_mvp_run3/all_demo_step2_worker_cache_semantic_v1/results/跳/跳_holistic_results.json,,5,True,0.18442681361489374,7,10.0,0.24633801715392326,15,5,True,0.18442681361489374,15,0.3817946679111411,,/data/WYC/signLanguage/work/generated/web_scoring_mvp/web_20260523_031247_f927176a/scoring_result.json,/data/WYC/signLanguage/work/generated/scoring_mvp_run3/all_demo_step2_worker_cache_semantic_v1/results/跳/跳_holistic_results.json,,82.06160710461378
花,web_20260523_031304_c5ddfa0c,web_reliable_nonlow,saved_web,78.40091878671288,normal_like,visible_semantic_core_scale,score_valid,score_valid,True,short_visible_core,used,,,0.6713058682679639,,True,1.0,1.0,1.0,0.35893332958221436,0.0,0.0,0.0,0.0,0.0,0.0,0.2,0.0,0.0,0.0,0.66,0.032198142414860687,"0,0,0,0,0",0.0,0.0,0.0,0.0,0.0,0.0,0.2,0.0,0.0,0.0,0.66,0.039628482972136225,"0,0,0,0,0",0.0,0.6,0.0,full_sequence_with_action_window_diagnostics,False,53,15,,,web_20260523_031304_c5ddfa0c,/data/WYC/signLanguage/work/generated/web_scoring_mvp/web_20260523_031304_c5ddfa0c/holistic/user_花_web_20260523_031304_c5ddfa0c_holistic_results.json,/data/WYC/signLanguage/work/generated/scoring_mvp_run3/all_demo_step2_worker_cache_semantic_v1/results/花/花_holistic_results.json,,5,True,0.039628482972136225,6,10.0,0.03293777774260642,15,5,True,0.032198142414860687,15,0.03528350822490771,,/data/WYC/signLanguage/work/generated/web_scoring_mvp/web_20260523_031304_c5ddfa0c/scoring_result.json,/data/WYC/signLanguage/work/generated/scoring_mvp_run3/all_demo_step2_worker_cache_semantic_v1/results/花/花_holistic_results.json,,78.17871711735899
花,web_20260523_031317_966d9c05,web_reliable_nonlow,saved_web,79.24021806825945,normal_like,visible_semantic_core_scale,score_valid,score_valid,False,short_visible_core,query_not_short_core_capture,,,,,True,1.0,1.0,1.0,0.33187633752822876,0.0,0.0,0.0,0.0,0.0,0.0,0.2,0.0,0.0,0.0,0.66,0.032198142414860687,"0,0,0,0,0",0.0,0.0,0.0,0.0,0.0,0.0,0.2,0.0,0.0,0.0,0.66,0.032198142414860687,"9,9,9,9,9",0.0,0.6333333333333333,0.0,full_sequence_with_action_window_diagnostics,False,53,30,,,web_20260523_031317_966d9c05,/data/WYC/signLanguage/work/generated/web_scoring_mvp/web_20260523_031317_966d9c05/holistic/user_花_web_20260523_031317_966d9c05_holistic_results.json,/data/WYC/signLanguage/work/generated/scoring_mvp_run3/all_demo_step2_worker_cache_semantic_v1/results/花/花_holistic_results.json,,5,True,0.032198142414860687,10,18.0,0.030226870929727784,30,5,True,0.032198142414860687,30,0.03373950076382513,,/data/WYC/signLanguage/work/generated/web_scoring_mvp/web_20260523_031317_966d9c05/scoring_result.json,/data/WYC/signLanguage/work/generated/scoring_mvp_run3/all_demo_step2_worker_cache_semantic_v1/results/花/花_holistic_results.json,,0.0
花,web_20260523_031333_6c5f7460,web_reliable_nonlow,saved_web,77.23927680674187,normal_like,visible_semantic_core_scale,score_valid,score_valid,False,short_visible_core,query_not_short_core_capture,,,,,True,0.7603316736221314,1.0,0.5642394065856934,0.2637671232223511,0.0,0.0,0.0,0.0,0.0,0.0,0.2,0.0,0.0,0.0,0.66,0.032198142414860687,"0,0,0,0,0",0.0,0.0,0.0,0.0,0.0,0.0,0.2,0.0,0.0,0.0,0.66,0.032198142414860687,"0,0,0,0,0",0.0,0.8333333333333334,0.0,full_sequence_with_action_window_diagnostics,False,53,30,,,web_20260523_031333_6c5f7460,/data/WYC/signLanguage/work/generated/web_scoring_mvp/web_20260523_031333_6c5f7460/holistic/user_花_web_20260523_031333_6c5f7460_holistic_results.json,/data/WYC/signLanguage/work/generated/scoring_mvp_run3/all_demo_step2_worker_cache_semantic_v1/results/花/花_holistic_results.json,,5,True,0.032198142414860687,8,18.0,0.03459738763915712,30,5,True,0.032198142414860687,30,0.03744800325425647,,/data/WYC/signLanguage/work/generated/web_scoring_mvp/web_20260523_031333_6c5f7460/scoring_result.json,/data/WYC/signLanguage/work/generated/scoring_mvp_run3/all_demo_step2_worker_cache_semantic_v1/results/花/花_holistic_results.json,,0.0
花,web_20260523_031345_3b07a113,web_reliable_low,saved_web,54.42538927680064,low,default,semantic_mismatch,flower_opening_guard_failed,False,short_visible_core,query_not_short_core_capture,,,,,False,0.08636298179626464,0.19191773732503253,0.0,0.058030128479003906,0.0,0.0,0.0,0.0,0.0,0.0,0.2,0.0,0.0,0.0,0.66,0.032198142414860687,"0,0,0,0,0",0.0,0.0,0.0,0.0,0.0,0.0,0.2,0.0,0.0,0.0,0.66,0.032198142414860687,"6,6,6,6,6",0.0,0.7666666666666667,0.0,full_sequence_with_action_window_diagnostics,False,53,30,,,web_20260523_031345_3b07a113,/data/WYC/signLanguage/work/generated/web_scoring_mvp/web_20260523_031345_3b07a113/holistic/user_花_web_20260523_031345_3b07a113_holistic_results.json,/data/WYC/signLanguage/work/generated/scoring_mvp_run3/all_demo_step2_worker_cache_semantic_v1/results/花/花_holistic_results.json,,5,True,0.032198142414860687,8,18.0,0.031007023471145694,30,5,True,0.032198142414860687,30,0.07300073116278355,,/data/WYC/signLanguage/work/generated/web_scoring_mvp/web_20260523_031345_3b07a113/scoring_result.json,/data/WYC/signLanguage/work/generated/scoring_mvp_run3/all_demo_step2_worker_cache_semantic_v1/results/花/花_holistic_results.json,,0.0
花,web_20260523_032325_7e7b2476,web_reliable_nonlow,saved_web,79.18631608843909,normal_like,visible_semantic_core_scale,score_valid,score_valid,False,short_visible_core,query_not_short_core_capture,,,,,True,1.0,1.0,1.0,0.5270355641841888,0.0,0.0,0.0,0.0,0.0,0.0,0.2,0.0,0.0,0.0,0.66,0.032198142414860687,"0,0,0,0,0",0.0,0.0,0.0,0.0,0.0,0.0,0.2,0.0,0.0,0.0,0.66,0.039628482972136225,"0,0,0,0,0",0.0,0.5,0.0,full_sequence_with_action_window_diagnostics,False,53,30,,,web_20260523_032325_7e7b2476,/data/WYC/signLanguage/work/generated/web_scoring_mvp/web_20260523_032325_7e7b2476/holistic/user_花_web_20260523_032325_7e7b2476_holistic_results.json,/data/WYC/signLanguage/work/generated/scoring_mvp_run3/all_demo_step2_worker_cache_semantic_v1/results/花/花_holistic_results.json,,5,True,0.039628482972136225,8,18.0,0.02865170443619024,30,5,True,0.032198142414860687,30,0.0338381684196839,,/data/WYC/signLanguage/work/generated/web_scoring_mvp/web_20260523_032325_7e7b2476/scoring_result.json,/data/WYC/signLanguage/work/generated/scoring_mvp_run3/all_demo_step2_worker_cache_semantic_v1/results/花/花_holistic_results.json,,0.0
花,web_20260523_032344_77c9db0c,web_reliable_nonlow,saved_web,66.46484471770337,borderline,visible_semantic_core_scale,score_valid,score_valid,False,short_visible_core,query_not_short_core_capture,,,,,True,1.0,1.0,1.0,0.2908129096031189,0.0,0.0,0.0,0.0,0.0,0.0,0.2,0.0,0.0,0.0,0.66,0.032198142414860687,"0,0,0,0,0",0.0,0.0,0.0,0.0,0.0,0.0,0.2,0.0,0.0,0.0,0.66,0.032198142414860687,"0,0,0,0,0",0.0,0.7666666666666667,0.0,full_sequence_with_action_window_diagnostics,False,53,60,,,web_20260523_032344_77c9db0c,/data/WYC/signLanguage/work/generated/web_scoring_mvp/web_20260523_032344_77c9db0c/holistic/user_花_web_20260523_032344_77c9db0c_holistic_results.json,/data/WYC/signLanguage/work/generated/scoring_mvp_run3/all_demo_step2_worker_cache_semantic_v1/results/花/花_holistic_results.json,,5,True,0.032198142414860687,17,20.0,0.031358949092213685,60,5,True,0.032198142414860687,60,0.059232069201087936,,/data/WYC/signLanguage/work/generated/web_scoring_mvp/web_20260523_032344_77c9db0c/scoring_result.json,/data/WYC/signLanguage/work/generated/scoring_mvp_run3/all_demo_step2_worker_cache_semantic_v1/results/花/花_holistic_results.json,,0.0
花,web_20260523_041345_488a62c3,web_reliable_nonlow,saved_web,79.2397950568015,normal_like,visible_semantic_core_scale,score_valid,score_valid,False,short_visible_core,query_not_short_core_capture,,,,,True,0.8892769348621369,1.0,0.7986853361129761,0.2688221335411072,0.0,0.0,0.0,0.0,0.0,0.0,0.2,0.0,0.0,0.0,0.66,0.032198142414860687,"0,0,0,0,0",0.0,0.0,0.0,0.0,0.0,0.0,0.2,0.0,0.0,0.0,0.66,0.039628482972136225,"0,0,0,0,0",0.0,0.7924528301886793,0.0,full_sequence_with_action_window_diagnostics,False,53,53,,,web_20260523_041345_488a62c3,/data/WYC/signLanguage/work/generated/web_scoring_mvp/web_20260523_041345_488a62c3/holistic/user_花_web_20260523_041345_488a62c3_holistic_results.json,/data/WYC/signLanguage/work/generated/scoring_mvp_run3/all_demo_step2_worker_cache_semantic_v1/results/花/花_holistic_results.json,,5,True,0.039628482972136225,18,29.44954128440367,0.029482937069314468,53,5,True,0.032198142414860687,53,0.03374027482561618,,/data/WYC/signLanguage/work/generated/web_scoring_mvp/web_20260523_041345_488a62c3/scoring_result.json,/data/WYC/signLanguage/work/generated/scoring_mvp_run3/all_demo_step2_worker_cache_semantic_v1/results/花/花_holistic_results.json,,0.0
跳,web_20260523_041350_ad02e9e5,web_reliable_nonlow,saved_web,84.97386773835608,normal_like,jump_relation_semantic_floor,score_valid,score_valid,True,action_window_net,used,0.9997262652221789,1.008410660853481,,,True,,,,,0.0,1.0,0.0,0.0,0.4444444444444444,0.9876543209876543,1.0,0.0,0.0,0.0,0.9987654320987654,0.022254639938921066,"3,4,7,9,11",0.0,1.0,0.0,0.0,1.0,1.0,1.0,0.0,0.0,0.0,1.0,0.022254639938921066,"0,1,4,6,8",0.8947368421052632,0.8947368421052632,0.8947368421052632,semantic_action_window,True,19,19,,,web_20260523_041350_ad02e9e5,/data/WYC/signLanguage/work/generated/web_scoring_mvp/web_20260523_041350_ad02e9e5/holistic/user_跳_web_20260523_041350_ad02e9e5_holistic_results.json,/data/WYC/signLanguage/work/generated/scoring_mvp_run3/all_demo_step2_worker_cache_semantic_v1/results/跳/跳_holistic_results.json,,5,True,0.03592372998354986,9,14.682539682539682,0.04870685196651341,19,5,True,0.03592372998354986,19,0.057656330301181155,,/data/WYC/signLanguage/work/generated/web_scoring_mvp/web_20260523_041350_ad02e9e5/scoring_result.json,/data/WYC/signLanguage/work/generated/scoring_mvp_run3/all_demo_step2_worker_cache_semantic_v1/results/跳/跳_holistic_results.json,,84.97386773835608
花,web_20260523_041443_0292d680,web_reliable_nonlow,saved_web,79.2397950568015,normal_like,visible_semantic_core_scale,score_valid,score_valid,False,short_visible_core,query_not_short_core_capture,,,,,True,0.8892769348621369,1.0,0.7986853361129761,0.2688221335411072,0.0,0.0,0.0,0.0,0.0,0.0,0.2,0.0,0.0,0.0,0.66,0.032198142414860687,"0,0,0,0,0",0.0,0.0,0.0,0.0,0.0,0.0,0.2,0.0,0.0,0.0,0.66,0.039628482972136225,"0,0,0,0,0",0.0,0.7924528301886793,0.0,full_sequence_with_action_window_diagnostics,False,53,53,,,web_20260523_041443_0292d680,/data/WYC/signLanguage/work/generated/web_scoring_mvp/web_20260523_041443_0292d680/holistic/user_花_web_20260523_041443_0292d680_holistic_results.json,/data/WYC/signLanguage/work/generated/scoring_mvp_run3/all_demo_step2_worker_cache_semantic_v1/results/花/花_holistic_results.json,,5,True,0.039628482972136225,18,29.44954128440367,0.029482937069314468,53,5,True,0.032198142414860687,53,0.03374027482561618,,/data/WYC/signLanguage/work/generated/web_scoring_mvp/web_20260523_041443_0292d680/scoring_result.json,/data/WYC/signLanguage/work/generated/scoring_mvp_run3/all_demo_step2_worker_cache_semantic_v1/results/花/花_holistic_results.json,,0.0
跳,web_20260523_041447_f7341789,web_reliable_nonlow,saved_web,84.97386773835608,normal_like,jump_relation_semantic_floor,score_valid,score_valid,True,action_window_net,used,0.9997262652221789,1.008410660853481,,,True,,,,,0.0,1.0,0.0,0.0,0.4444444444444444,0.9876543209876543,1.0,0.0,0.0,0.0,0.9987654320987654,0.022254639938921066,"3,4,7,9,11",0.0,1.0,0.0,0.0,1.0,1.0,1.0,0.0,0.0,0.0,1.0,0.022254639938921066,"0,1,4,6,8",0.8947368421052632,0.8947368421052632,0.8947368421052632,semantic_action_window,True,19,19,,,web_20260523_041447_f7341789,/data/WYC/signLanguage/work/generated/web_scoring_mvp/web_20260523_041447_f7341789/holistic/user_跳_web_20260523_041447_f7341789_holistic_results.json,/data/WYC/signLanguage/work/generated/scoring_mvp_run3/all_demo_step2_worker_cache_semantic_v1/results/跳/跳_holistic_results.json,,5,True,0.03592372998354986,9,14.682539682539682,0.04870685196651341,19,5,True,0.03592372998354986,19,0.057656330301181155,,/data/WYC/signLanguage/work/generated/web_scoring_mvp/web_20260523_041447_f7341789/scoring_result.json,/data/WYC/signLanguage/work/generated/scoring_mvp_run3/all_demo_step2_worker_cache_semantic_v1/results/跳/跳_holistic_results.json,,84.97386773835608
花,web_20260523_041618_e930772c,web_reliable_nonlow,saved_web,64.60970588941437,borderline,visible_semantic_core_scale,score_valid,score_valid,False,short_visible_core,query_not_short_core_capture,,,,,True,1.0,1.0,1.0,0.3265119791030884,0.0,0.0,0.0,0.0,0.0,0.0,0.2,0.0,0.0,0.0,0.66,0.032198142414860687,"0,0,0,0,0",0.0,0.0,0.0,0.0,0.0,0.0,0.2,0.0,0.0,0.0,0.66,0.032198142414860687,"0,0,0,0,0",0.016666666666666666,0.75,0.016666666666666666,full_sequence_with_action_window_diagnostics,False,53,60,,,web_20260523_041618_e930772c,/data/WYC/signLanguage/work/generated/web_scoring_mvp/web_20260523_041618_e930772c/holistic/user_花_web_20260523_041618_e930772c_holistic_results.json,/data/WYC/signLanguage/work/generated/scoring_mvp_run3/all_demo_step2_worker_cache_semantic_v1/results/花/花_holistic_results.json,,5,True,0.032198142414860687,17,20.0,0.030354255680631898,60,5,True,0.032198142414860687,60,0.06333680337527868,,/data/WYC/signLanguage/work/generated/web_scoring_mvp/web_20260523_041618_e930772c/scoring_result.json,/data/WYC/signLanguage/work/generated/scoring_mvp_run3/all_demo_step2_worker_cache_semantic_v1/results/花/花_holistic_results.json,,0.0
花,web_20260523_041635_7421d5c0,web_reliable_nonlow,saved_web,78.93963679494192,normal_like,visible_semantic_core_scale,score_valid,score_valid,False,short_visible_core,query_not_short_core_capture,,,,,True,1.0,1.0,1.0,0.685269832611084,0.0,0.0,0.0,0.0,0.0,0.0,0.2,0.0,0.0,0.0,0.66,0.032198142414860687,"0,0,0,0,0",0.0,0.0,0.0,0.0,0.0,0.0,0.2,0.0,0.0,0.0,0.66,0.032198142414860687,"0,0,0,0,0",0.0,0.7,0.0,full_sequence_with_action_window_diagnostics,False,53,30,,,web_20260523_041635_7421d5c0,/data/WYC/signLanguage/work/generated/web_scoring_mvp/web_20260523_041635_7421d5c0/holistic/user_花_web_20260523_041635_7421d5c0_holistic_results.json,/data/WYC/signLanguage/work/generated/scoring_mvp_run3/all_demo_step2_worker_cache_semantic_v1/results/花/花_holistic_results.json,,5,True,0.032198142414860687,8,18.0,0.031098077140194025,30,5,True,0.032198142414860687,30,0.03429057393466697,,/data/WYC/signLanguage/work/generated/web_scoring_mvp/web_20260523_041635_7421d5c0/scoring_result.json,/data/WYC/signLanguage/work/generated/scoring_mvp_run3/all_demo_step2_worker_cache_semantic_v1/results/花/花_holistic_results.json,,0.0
花,web_20260523_041652_402b253a,web_reliable_nonlow,saved_web,76.87803114987845,normal_like,visible_semantic_core_scale,score_valid,score_valid,False,short_visible_core,query_not_short_core_capture,,,,,True,1.0,1.0,1.0,0.5742572247982025,0.0,0.0,0.0,0.0,0.0,0.0,0.2,0.0,0.0,0.0,0.66,0.032198142414860687,"0,0,0,0,0",0.0,0.0,0.0,0.0,0.0,0.0,0.2,0.0,0.0,0.0,0.66,0.032198142414860687,"0,0,0,0,0",0.03333333333333333,0.8333333333333334,0.03333333333333333,full_sequence_with_action_window_diagnostics,False,53,30,,,web_20260523_041652_402b253a,/data/WYC/signLanguage/work/generated/web_scoring_mvp/web_20260523_041652_402b253a/holistic/user_花_web_20260523_041652_402b253a_holistic_results.json,/data/WYC/signLanguage/work/generated/scoring_mvp_run3/all_demo_step2_worker_cache_semantic_v1/results/花/花_holistic_results.json,,5,True,0.032198142414860687,8,18.0,0.035237430496556706,30,5,True,0.032198142414860687,30,0.03812775450178896,,/data/WYC/signLanguage/work/generated/web_scoring_mvp/web_20260523_041652_402b253a/scoring_result.json,/data/WYC/signLanguage/work/generated/scoring_mvp_run3/all_demo_step2_worker_cache_semantic_v1/results/花/花_holistic_results.json,,0.0
花,web_20260523_041708_24e7d28a,web_reliable_nonlow,saved_web,79.2655135729492,normal_like,visible_semantic_core_scale,score_valid,score_valid,False,short_visible_core,query_not_short_core_capture,,,,,True,0.6120886337757111,1.0,0.2947066068649293,0.3748542368412018,0.0,0.0,0.0,0.0,0.0,0.0,0.2,0.0,0.0,0.0,0.66,0.032198142414860687,"0,0,0,0,0",0.0,0.0,0.0,0.0,0.0,0.0,0.2,0.0,0.0,0.0,0.66,0.032198142414860687,"0,0,0,0,0",0.0,0.6,0.0,full_sequence_with_action_window_diagnostics,False,53,30,,,web_20260523_041708_24e7d28a,/data/WYC/signLanguage/work/generated/web_scoring_mvp/web_20260523_041708_24e7d28a/holistic/user_花_web_20260523_041708_24e7d28a_holistic_results.json,/data/WYC/signLanguage/work/generated/scoring_mvp_run3/all_demo_step2_worker_cache_semantic_v1/results/花/花_holistic_results.json,,5,True,0.032198142414860687,8,18.0,0.028974956969325324,30,5,True,0.032198142414860687,30,0.03369322044104847,,/data/WYC/signLanguage/work/generated/web_scoring_mvp/web_20260523_041708_24e7d28a/scoring_result.json,/data/WYC/signLanguage/work/generated/scoring_mvp_run3/all_demo_step2_worker_cache_semantic_v1/results/花/花_holistic_results.json,,0.0
跳,web_20260523_041735_ea1bbaa6,web_reliable_nonlow,saved_web,73.25515503838987,borderline,jump_relation_semantic_floor,score_valid,score_valid,True,action_window_net,used,0.7138671540097214,4.625123712227931,,,True,,,,,0.0,0.0,0.0,0.0,0.0,0.0,0.2,0.0,0.0,0.0,0.66,0.17633262799064403,"18,18,18,18,18",0.0,0.0,0.0,0.0,0.0,0.0,0.2,0.0,0.0,0.0,0.66,0.17633262799064403,"0,0,0,0,0",0.8333333333333334,0.6333333333333333,0.6333333333333333,semantic_action_window,True,19,30,,,web_20260523_041735_ea1bbaa6,/data/WYC/signLanguage/work/generated/web_scoring_mvp/web_20260523_041735_ea1bbaa6/holistic/user_跳_web_20260523_041735_ea1bbaa6_holistic_results.json,/data/WYC/signLanguage/work/generated/scoring_mvp_run3/all_demo_step2_worker_cache_semantic_v1/results/跳/跳_holistic_results.json,,5,True,0.20115643392109323,8,18.0,0.2947210621925484,30,5,True,0.20115643392109323,30,0.4205364635282435,,/data/WYC/signLanguage/work/generated/web_scoring_mvp/web_20260523_041735_ea1bbaa6/scoring_result.json,/data/WYC/signLanguage/work/generated/scoring_mvp_run3/all_demo_step2_worker_cache_semantic_v1/results/跳/跳_holistic_results.json,,73.25515503838987
花,web_20260523_041958_068b1181,web_reliable_nonlow,saved_web,79.0226212256232,normal_like,visible_semantic_core_scale,score_valid,score_valid,False,short_visible_core,query_not_short_core_capture,,,,,True,1.0,1.0,1.0,0.7035596668720245,0.0,0.0,0.0,0.0,0.0,0.0,0.2,0.0,0.0,0.0,0.66,0.032198142414860687,"0,0,0,0,0",0.0,0.0,0.0,0.0,0.0,0.0,0.2,0.0,0.0,0.0,0.66,0.032198142414860687,"0,0,0,0,0",0.0,0.6,0.0,full_sequence_with_action_window_diagnostics,False,53,30,,,web_20260523_041958_068b1181,/data/WYC/signLanguage/work/generated/web_scoring_mvp/web_20260523_041958_068b1181/holistic/user_花_web_20260523_041958_068b1181_holistic_results.json,/data/WYC/signLanguage/work/generated/scoring_mvp_run3/all_demo_step2_worker_cache_semantic_v1/results/花/花_holistic_results.json,,5,True,0.032198142414860687,8,18.0,0.030181298018105936,30,5,True,0.032198142414860687,30,0.034138224332850395,,/data/WYC/signLanguage/work/generated/web_scoring_mvp/web_20260523_041958_068b1181/scoring_result.json,/data/WYC/signLanguage/work/generated/scoring_mvp_run3/all_demo_step2_worker_cache_semantic_v1/results/花/花_holistic_results.json,,0.0
花,web_20260523_042011_9284da87,web_reliable_nonlow,saved_web,79.81460309873225,normal_like,visible_semantic_core_scale,score_valid,score_valid,False,short_visible_core,query_not_short_core_capture,,,,,True,1.0,1.0,1.0,0.4683982729911804,0.0,0.0,0.0,0.0,0.0,0.0,0.2,0.0,0.0,0.0,0.66,0.032198142414860687,"0,0,0,0,0",0.0,0.0,0.0,0.0,0.0,0.0,0.2,0.0,0.0,0.0,0.66,0.032198142414860687,"0,0,0,0,0",0.0,0.7333333333333333,0.0,full_sequence_with_action_window_diagnostics,False,53,30,,,web_20260523_042011_9284da87,/data/WYC/signLanguage/work/generated/web_scoring_mvp/web_20260523_042011_9284da87/holistic/user_花_web_20260523_042011_9284da87_holistic_results.json,/data/WYC/signLanguage/work/generated/scoring_mvp_run3/all_demo_step2_worker_cache_semantic_v1/results/花/花_holistic_results.json,,5,True,0.032198142414860687,8,18.0,0.030838834310727013,30,5,True,0.032198142414860687,30,0.032692236797160115,,/data/WYC/signLanguage/work/generated/web_scoring_mvp/web_20260523_042011_9284da87/scoring_result.json,/data/WYC/signLanguage/work/generated/scoring_mvp_run3/all_demo_step2_worker_cache_semantic_v1/results/花/花_holistic_results.json,,0.0
花,web_20260523_042024_ee2fc3da,web_reliable_nonlow,saved_web,78.53756029727911,normal_like,visible_semantic_core_scale,score_valid,score_valid,False,short_visible_core,query_not_short_core_capture,,,,,True,1.0,1.0,1.0,0.6182101964950562,0.0,0.0,0.0,0.0,0.0,0.0,0.2,0.0,0.0,0.0,0.66,0.032198142414860687,"0,0,0,0,0",0.0,0.0,0.0,0.0,0.0,0.0,0.2,0.0,0.0,0.0,0.66,0.032198142414860687,"0,0,0,0,0",0.0,0.8,0.0,full_sequence_with_action_window_diagnostics,False,53,30,,,web_20260523_042024_ee2fc3da,/data/WYC/signLanguage/work/generated/web_scoring_mvp/web_20260523_042024_ee2fc3da/holistic/user_花_web_20260523_042024_ee2fc3da_holistic_results.json,/data/WYC/signLanguage/work/generated/scoring_mvp_run3/all_demo_step2_worker_cache_semantic_v1/results/花/花_holistic_results.json,,5,True,0.032198142414860687,8,18.0,0.03232558303103618,30,5,True,0.032198142414860687,30,0.035031014073641974,,/data/WYC/signLanguage/work/generated/web_scoring_mvp/web_20260523_042024_ee2fc3da/scoring_result.json,/data/WYC/signLanguage/work/generated/scoring_mvp_run3/all_demo_step2_worker_cache_semantic_v1/results/花/花_holistic_results.json,,0.0
花,web_20260523_042222_fac8359d,web_reliable_nonlow,saved_web,78.34176340206311,normal_like,visible_semantic_core_scale,score_valid,score_valid,False,short_visible_core,query_not_short_core_capture,,,,,True,1.0,1.0,1.0,0.632447749376297,0.0,0.0,0.0,0.0,0.0,0.0,0.2,0.0,0.0,0.0,0.66,0.032198142414860687,"0,0,0,0,0",0.0,0.0,0.0,0.0,0.0,0.0,0.2,0.0,0.0,0.0,0.66,0.039628482972136225,"0,0,0,0,0",0.0,0.8666666666666667,0.0,full_sequence_with_action_window_diagnostics,False,53,30,,,web_20260523_042222_fac8359d,/data/WYC/signLanguage/work/generated/web_scoring_mvp/web_20260523_042222_fac8359d/holistic/user_花_web_20260523_042222_fac8359d_holistic_results.json,/data/WYC/signLanguage/work/generated/scoring_mvp_run3/all_demo_step2_worker_cache_semantic_v1/results/花/花_holistic_results.json,,5,True,0.039628482972136225,8,18.0,0.03221915897760415,30,5,True,0.032198142414860687,30,0.03539295551854445,,/data/WYC/signLanguage/work/generated/web_scoring_mvp/web_20260523_042222_fac8359d/scoring_result.json,/data/WYC/signLanguage/work/generated/scoring_mvp_run3/all_demo_step2_worker_cache_semantic_v1/results/花/花_holistic_results.json,,0.0
花,web_20260523_042235_9431f1a0,web_reliable_nonlow,saved_web,79.19873289903553,normal_like,visible_semantic_core_scale,score_valid,score_valid,False,short_visible_core,query_not_short_core_capture,,,,,True,1.0,1.0,1.0,0.6238905489444733,0.0,0.0,0.0,0.0,0.0,0.0,0.2,0.0,0.0,0.0,0.66,0.032198142414860687,"0,0,0,0,0",0.0,0.0,0.0,0.0,0.0,0.0,0.2,0.0,0.0,0.0,0.66,0.032198142414860687,"0,0,0,0,0",0.0,0.6666666666666666,0.0,full_sequence_with_action_window_diagnostics,False,53,30,,,web_20260523_042235_9431f1a0,/data/WYC/signLanguage/work/generated/web_scoring_mvp/web_20260523_042235_9431f1a0/holistic/user_花_web_20260523_042235_9431f1a0_holistic_results.json,/data/WYC/signLanguage/work/generated/scoring_mvp_run3/all_demo_step2_worker_cache_semantic_v1/results/花/花_holistic_results.json,,5,True,0.032198142414860687,8,18.0,0.030086347747847415,30,5,True,0.032198142414860687,30,0.033815433476560366,,/data/WYC/signLanguage/work/generated/web_scoring_mvp/web_20260523_042235_9431f1a0/scoring_result.json,/data/WYC/signLanguage/work/generated/scoring_mvp_run3/all_demo_step2_worker_cache_semantic_v1/results/花/花_holistic_results.json,,0.0
花,web_20260523_043442_e00f8b9c,web_reliable_nonlow,saved_web,79.2397950568015,normal_like,visible_semantic_core_scale,score_valid,score_valid,False,short_visible_core,query_not_short_core_capture,,,,,True,0.8892769348621369,1.0,0.7986853361129761,0.2688221335411072,0.0,0.0,0.0,0.0,0.0,0.0,0.2,0.0,0.0,0.0,0.66,0.032198142414860687,"0,0,0,0,0",0.0,0.0,0.0,0.0,0.0,0.0,0.2,0.0,0.0,0.0,0.66,0.039628482972136225,"0,0,0,0,0",0.0,0.7924528301886793,0.0,full_sequence_with_action_window_diagnostics,False,53,53,,,web_20260523_043442_e00f8b9c,/data/WYC/signLanguage/work/generated/web_scoring_mvp/web_20260523_043442_e00f8b9c/holistic/user_花_web_20260523_043442_e00f8b9c_holistic_results.json,/data/WYC/signLanguage/work/generated/scoring_mvp_run3/all_demo_step2_worker_cache_semantic_v1/results/花/花_holistic_results.json,,5,True,0.039628482972136225,18,29.44954128440367,0.029482937069314468,53,5,True,0.032198142414860687,53,0.03374027482561618,,/data/WYC/signLanguage/work/generated/web_scoring_mvp/web_20260523_043442_e00f8b9c/scoring_result.json,/data/WYC/signLanguage/work/generated/scoring_mvp_run3/all_demo_step2_worker_cache_semantic_v1/results/花/花_holistic_results.json,,0.0
跳,web_20260523_043446_cbecd916,web_reliable_nonlow,saved_web,84.97386773835608,normal_like,jump_relation_semantic_floor,score_valid,score_valid,True,action_window_net,used,0.9997262652221789,1.008410660853481,,,True,,,,,0.0,1.0,0.0,0.0,0.4444444444444444,0.9876543209876543,1.0,0.0,0.0,0.0,0.9987654320987654,0.022254639938921066,"3,4,7,9,11",0.0,1.0,0.0,0.0,1.0,1.0,1.0,0.0,0.0,0.0,1.0,0.022254639938921066,"0,1,4,6,8",0.8947368421052632,0.8947368421052632,0.8947368421052632,semantic_action_window,True,19,19,,,web_20260523_043446_cbecd916,/data/WYC/signLanguage/work/generated/web_scoring_mvp/web_20260523_043446_cbecd916/holistic/user_跳_web_20260523_043446_cbecd916_holistic_results.json,/data/WYC/signLanguage/work/generated/scoring_mvp_run3/all_demo_step2_worker_cache_semantic_v1/results/跳/跳_holistic_results.json,,5,True,0.03592372998354986,9,14.682539682539682,0.04870685196651341,19,5,True,0.03592372998354986,19,0.057656330301181155,,/data/WYC/signLanguage/work/generated/web_scoring_mvp/web_20260523_043446_cbecd916/scoring_result.json,/data/WYC/signLanguage/work/generated/scoring_mvp_run3/all_demo_step2_worker_cache_semantic_v1/results/跳/跳_holistic_results.json,,84.97386773835608
花,web_20260523_043910_b186b6a6,web_reliable_nonlow,saved_web,76.69491740770177,normal_like,visible_semantic_core_scale,score_valid,score_valid,False,short_visible_core,query_not_short_core_capture,,,,,True,0.7367295455932618,1.0,0.5213264465332031,0.17024946212768555,0.0,0.0,0.0,0.0,0.0,0.0,0.2,0.0,0.0,0.0,0.66,0.032198142414860687,"0,0,0,0,0",0.0,0.0,0.0,0.0,0.0,0.0,0.2,0.0,0.0,0.0,0.66,0.039628482972136225,"0,0,0,0,0",0.0,0.7666666666666667,0.0,full_sequence_with_action_window_diagnostics,False,53,30,,,web_20260523_043910_b186b6a6,/data/WYC/signLanguage/work/generated/web_scoring_mvp/web_20260523_043910_b186b6a6/holistic/user_花_web_20260523_043910_b186b6a6_holistic_results.json,/data/WYC/signLanguage/work/generated/scoring_mvp_run3/all_demo_step2_worker_cache_semantic_v1/results/花/花_holistic_results.json,,5,True,0.039628482972136225,14,18.0,0.03597689203597348,30,5,True,0.032198142414860687,30,0.03847353812381217,,/data/WYC/signLanguage/work/generated/web_scoring_mvp/web_20260523_043910_b186b6a6/scoring_result.json,/data/WYC/signLanguage/work/generated/scoring_mvp_run3/all_demo_step2_worker_cache_semantic_v1/results/花/花_holistic_results.json,,0.0
花,web_20260523_043923_b95a60d0,web_reliable_nonlow,saved_web,79.20405210414854,normal_like,visible_semantic_core_scale,score_valid,score_valid,False,short_visible_core,query_not_short_core_capture,,,,,True,1.0,1.0,1.0,0.5184145569801331,0.0,0.0,0.0,0.0,0.0,0.0,0.2,0.0,0.0,0.0,0.66,0.032198142414860687,"0,0,0,0,0",0.0,0.0,0.0,0.0,0.0,0.0,0.2,0.0,0.0,0.0,0.66,0.039628482972136225,"0,0,0,0,0",0.0,0.7333333333333333,0.0,full_sequence_with_action_window_diagnostics,False,53,30,,,web_20260523_043923_b95a60d0,/data/WYC/signLanguage/work/generated/web_scoring_mvp/web_20260523_043923_b95a60d0/holistic/user_花_web_20260523_043923_b95a60d0_holistic_results.json,/data/WYC/signLanguage/work/generated/scoring_mvp_run3/all_demo_step2_worker_cache_semantic_v1/results/花/花_holistic_results.json,,5,True,0.039628482972136225,12,18.0,0.03148675697610234,30,5,True,0.032198142414860687,30,0.03380569520407151,,/data/WYC/signLanguage/work/generated/web_scoring_mvp/web_20260523_043923_b95a60d0/scoring_result.json,/data/WYC/signLanguage/work/generated/scoring_mvp_run3/all_demo_step2_worker_cache_semantic_v1/results/花/花_holistic_results.json,,0.0
花,web_20260523_043955_dd909904,web_reliable_nonlow,saved_web,79.00689200949522,normal_like,visible_semantic_core_scale,score_valid,score_valid,False,short_visible_core,query_not_short_core_capture,,,,,True,1.0,1.0,1.0,0.46475183963775635,0.0,0.0,0.0,0.0,0.0,0.0,0.2,0.0,0.0,0.0,0.66,0.032198142414860687,"0,0,0,0,0",0.0,0.0,0.0,0.0,0.0,0.0,0.2,0.0,0.0,0.0,0.66,0.039628482972136225,"0,0,0,0,0",0.0,0.7,0.0,full_sequence_with_action_window_diagnostics,False,53,30,,,web_20260523_043955_dd909904,/data/WYC/signLanguage/work/generated/web_scoring_mvp/web_20260523_043955_dd909904/holistic/user_花_web_20260523_043955_dd909904_holistic_results.json,/data/WYC/signLanguage/work/generated/scoring_mvp_run3/all_demo_step2_worker_cache_semantic_v1/results/花/花_holistic_results.json,,5,True,0.039628482972136225,8,18.0,0.03085182275608181,30,5,True,0.032198142414860687,30,0.03416708902146959,,/data/WYC/signLanguage/work/generated/web_scoring_mvp/web_20260523_043955_dd909904/scoring_result.json,/data/WYC/signLanguage/work/generated/scoring_mvp_run3/all_demo_step2_worker_cache_semantic_v1/results/花/花_holistic_results.json,,0.0
跳,web_20260523_044018_960618af,web_reliable_nonlow,saved_web,71.0717218009501,borderline,jump_relation_semantic_floor,score_valid,score_valid,True,full_sequence_local_relation_segment,used,0.98279822006346,3.8811357344838973,0.8,1.390793800354004,True,,,,,0.1,0.2,0.25,0.3103448275862069,0.3103448275862069,0.6896551724137931,0.4,0.02758620689655173,0.06896551724137932,0.08561236623067778,0.7124655172413793,0.17945864678624593,"15,6,15,15,15",0.4,-0.4,0.25,0.2857142857142857,0.2857142857142857,0.6349206349206349,0.4,0.10158730158730159,0.06349206349206349,0.07256235827664398,0.48199206349206347,0.25944670150060084,"5,5,5,5,3",0.7666666666666667,0.7666666666666667,0.7666666666666667,semantic_action_window,True,19,30,,,web_20260523_044018_960618af,/data/WYC/signLanguage/work/generated/web_scoring_mvp/web_20260523_044018_960618af/holistic/user_跳_web_20260523_044018_960618af_holistic_results.json,/data/WYC/signLanguage/work/generated/scoring_mvp_run3/all_demo_step2_worker_cache_semantic_v1/results/跳/跳_holistic_results.json,,5,True,0.26661987637978857,8,18.0,0.29909173045710014,30,5,True,0.20524733914619808,30,0.5328814755633807,,/data/WYC/signLanguage/work/generated/web_scoring_mvp/web_20260523_044018_960618af/scoring_result.json,/data/WYC/signLanguage/work/generated/scoring_mvp_run3/all_demo_step2_worker_cache_semantic_v1/results/跳/跳_holistic_results.json,relation_direction_mismatch,71.0717218009501
跳,web_20260523_044135_12fbd5bc,web_reliable_nonlow,saved_web,75.21195723460607,normal_like,jump_relation_semantic_floor,score_valid,score_valid,True,full_sequence_local_relation_segment,used,0.9759732541115781,5.152082733187713,0.7,1.3422805070877075,True,,,,,0.2,0.0,0.25,0.5172413793103449,0.5172413793103449,1.0,0.4,0.08000000000000002,0.1,0.20689655172413796,0.6685,0.17251265673543997,"11,11,26,11,11",0.0,0.0,0.0,0.0,0.0,0.0,0.2,0.0,0.0,0.0,0.66,0.19240655128993933,"6,6,6,6,6",0.7,0.7666666666666667,0.7,semantic_action_window,True,19,30,,,web_20260523_044135_12fbd5bc,/data/WYC/signLanguage/work/generated/web_scoring_mvp/web_20260523_044135_12fbd5bc/holistic/user_跳_web_20260523_044135_12fbd5bc_holistic_results.json,/data/WYC/signLanguage/work/generated/scoring_mvp_run3/all_demo_step2_worker_cache_semantic_v1/results/跳/跳_holistic_results.json,,5,True,0.20449851424817753,8,18.0,0.27454474606908297,30,5,True,0.1948152233047549,30,0.5089775315106269,,/data/WYC/signLanguage/work/generated/web_scoring_mvp/web_20260523_044135_12fbd5bc/scoring_result.json,/data/WYC/signLanguage/work/generated/scoring_mvp_run3/all_demo_step2_worker_cache_semantic_v1/results/跳/跳_holistic_results.json,relation_direction_mismatch,75.21195723460607
跳,web_20260523_044203_20778933,web_needs_recapture,saved_web,4.186357829553837,low,short_action_window_with_query_energy_peak,needs_recapture,jump_two_hand_presence_low,False,,insufficient_two_hand_presence,,,,,True,,,,,0.6,-0.6,0.25,0.5172413793103449,0.5172413793103449,1.0,0.4,0.24,0.1,0.20689655172413796,0.4165,0.163150755703456,"28,28,28,13,13",0.0,0.0,0.0,0.0,0.0,0.0,0.2,0.0,0.0,0.0,0.66,0.19018901306319652,"7,7,7,7,7",0.6333333333333333,0.7666666666666667,0.6333333333333333,semantic_action_window,True,19,30,,,web_20260523_044203_20778933,/data/WYC/signLanguage/work/generated/web_scoring_mvp/web_20260523_044203_20778933/holistic/user_跳_web_20260523_044203_20778933_holistic_results.json,/data/WYC/signLanguage/work/generated/scoring_mvp_run3/all_demo_step2_worker_cache_semantic_v1/results/跳/跳_holistic_results.json,,5,True,0.23104636238047144,8,18.0,0.2076851172973825,30,5,True,0.18605820377798296,30,0.5385335003301884,,/data/WYC/signLanguage/work/generated/web_scoring_mvp/web_20260523_044203_20778933/scoring_result.json,/data/WYC/signLanguage/work/generated/scoring_mvp_run3/all_demo_step2_worker_cache_semantic_v1/results/跳/跳_holistic_results.json,,0.0
跳,web_20260523_044323_2eb9eb7e,web_reliable_nonlow,saved_web,75.48419760264285,normal_like,jump_relation_semantic_floor,score_valid,score_valid,True,action_window_net,used,0.7777107834563342,4.064994630283561,,,True,,,,,0.4,-0.1,0.25,0.16666666666666666,0.16666666666666666,0.37037037037037035,0.6,0.08888888888888888,0.05555555555555555,0.037037037037037035,0.527537037037037,0.17986957169025114,"13,13,13,15,11",0.0,0.0,0.0,0.0,0.0,0.0,0.2,0.0,0.0,0.0,0.66,0.18587210976190352,"0,0,0,0,0",0.76,0.8,0.76,semantic_action_window,True,19,25,,,web_20260523_044323_2eb9eb7e,/data/WYC/signLanguage/work/generated/web_scoring_mvp/web_20260523_044323_2eb9eb7e/holistic/user_跳_web_20260523_044323_2eb9eb7e_holistic_results.json,/data/WYC/signLanguage/work/generated/scoring_mvp_run3/all_demo_step2_worker_cache_semantic_v1/results/跳/跳_holistic_results.json,,5,True,0.21328802581634698,7,18.0,0.29529015486448024,25,5,True,0.2035286369633943,25,0.3649168228349024,,/data/WYC/signLanguage/work/generated/web_scoring_mvp/web_20260523_044323_2eb9eb7e/scoring_result.json,/data/WYC/signLanguage/work/generated/scoring_mvp_run3/all_demo_step2_worker_cache_semantic_v1/results/跳/跳_holistic_results.json,,75.48419760264285
跳,web_20260523_044336_5d15d099,web_reliable_nonlow,saved_web,70.85282716212777,borderline,jump_relation_semantic_floor,score_valid,score_valid,True,action_window_net,used,0.8198361913293218,3.2502731454162452,,,True,,,,,0.0,0.6,0.0,0.0,0.041666666666666664,0.09259259259259259,0.4,0.0,0.0,0.0,0.8132592592592593,0.1676259047090123,"14,14,14,15,15",0.0,0.0,0.0,0.0,0.0,0.0,0.2,0.0,0.0,0.0,0.66,0.23940426294570086,"1,1,1,1,1",0.48,0.72,0.48,semantic_action_window,True,19,25,,,web_20260523_044336_5d15d099,/data/WYC/signLanguage/work/generated/web_scoring_mvp/web_20260523_044336_5d15d099/holistic/user_跳_web_20260523_044336_5d15d099_holistic_results.json,/data/WYC/signLanguage/work/generated/scoring_mvp_run3/all_demo_step2_worker_cache_semantic_v1/results/跳/跳_holistic_results.json,,5,True,0.2584596066234694,7,18.0,0.35264513694880556,25,5,True,0.17993765446936752,25,0.4723537780402319,,/data/WYC/signLanguage/work/generated/web_scoring_mvp/web_20260523_044336_5d15d099/scoring_result.json,/data/WYC/signLanguage/work/generated/scoring_mvp_run3/all_demo_step2_worker_cache_semantic_v1/results/跳/跳_holistic_results.json,,70.85282716212777
跳,web_20260523_044358_00db9d4d,web_reliable_nonlow,saved_web,68.5169362954662,borderline,jump_relation_semantic_floor,score_valid,score_valid,True,action_window_net,used,0.7619405909371915,5.441573347418976,,,True,,,,,0.0,0.6,0.0,0.0,0.08333333333333333,0.18518518518518517,0.4,0.0,0.0,0.0,0.8225185185185185,0.15755883061100356,"12,12,12,14,14",0.0,0.0,0.0,0.0,0.0,0.0,0.2,0.0,0.0,0.0,0.66,0.18559596568342288,"0,0,0,0,0",0.64,0.8,0.64,semantic_action_window,True,19,25,,,web_20260523_044358_00db9d4d,/data/WYC/signLanguage/work/generated/web_scoring_mvp/web_20260523_044358_00db9d4d/holistic/user_跳_web_20260523_044358_00db9d4d_holistic_results.json,/data/WYC/signLanguage/work/generated/scoring_mvp_run3/all_demo_step2_worker_cache_semantic_v1/results/跳/跳_holistic_results.json,,5,True,0.20772095608913377,7,18.0,0.2875898153607002,25,5,True,0.16863857378689398,25,0.447100387854162,,/data/WYC/signLanguage/work/generated/web_scoring_mvp/web_20260523_044358_00db9d4d/scoring_result.json,/data/WYC/signLanguage/work/generated/scoring_mvp_run3/all_demo_step2_worker_cache_semantic_v1/results/跳/跳_holistic_results.json,,68.5169362954662
跳,web_20260523_052715_1ad3c2d2,web_reliable_nonlow,saved_web,78.02616343056984,normal_like,jump_relation_semantic_floor,score_valid,score_valid,True,action_window_net,used,0.8161010214659874,1.7246546961068532,,,True,,,,,0.0,0.0,0.0,0.0,0.0,0.0,0.2,0.0,0.0,0.0,0.66,0.1578750698955358,"21,21,21,21,21",0.0,0.0,0.0,0.0,0.0,0.0,0.2,0.0,0.0,0.0,0.66,0.1578750698955358,"3,3,3,3,3",0.64,0.76,0.64,semantic_action_window,True,19,25,,,web_20260523_052715_1ad3c2d2,/data/WYC/signLanguage/work/generated/web_scoring_mvp/web_20260523_052715_1ad3c2d2/holistic/user_跳_web_20260523_052715_1ad3c2d2_holistic_results.json,/data/WYC/signLanguage/work/generated/scoring_mvp_run3/all_demo_step2_worker_cache_semantic_v1/results/跳/跳_holistic_results.json,,5,True,0.1760179718905553,7,18.0,0.20286626435781793,25,5,True,0.1760179718905553,25,0.2784866550144833,,/data/WYC/signLanguage/work/generated/web_scoring_mvp/web_20260523_052715_1ad3c2d2/scoring_result.json,/data/WYC/signLanguage/work/generated/scoring_mvp_run3/all_demo_step2_worker_cache_semantic_v1/results/跳/跳_holistic_results.json,,78.02616343056984
跳,web_20260523_052731_8f51941f,web_reliable_nonlow,saved_web,75.93259508672512,normal_like,jump_relation_semantic_floor,score_valid,score_valid,True,action_window_net,used,0.7901567229856101,3.925346589941166,,,True,,,,,0.1,0.2,0.25,0.3333333333333333,0.3333333333333333,0.7407407407407407,0.4,0.02962962962962963,0.07407407407407407,0.09876543209876543,0.717574074074074,0.16997608081481327,"13,5,13,13,13",0.0,0.0,0.0,0.0,0.0,0.0,0.2,0.0,0.0,0.0,0.66,0.20791923726147138,"0,0,0,0,0",0.84,0.92,0.84,semantic_action_window,True,19,25,,,web_20260523_052731_8f51941f,/data/WYC/signLanguage/work/generated/web_scoring_mvp/web_20260523_052731_8f51941f/holistic/user_跳_web_20260523_052731_8f51941f_holistic_results.json,/data/WYC/signLanguage/work/generated/scoring_mvp_run3/all_demo_step2_worker_cache_semantic_v1/results/跳/跳_holistic_results.json,,5,True,0.2328835943937812,7,18.0,0.31599351538827775,25,5,True,0.1922511839495725,25,0.4142807030927713,,/data/WYC/signLanguage/work/generated/web_scoring_mvp/web_20260523_052731_8f51941f/scoring_result.json,/data/WYC/signLanguage/work/generated/scoring_mvp_run3/all_demo_step2_worker_cache_semantic_v1/results/跳/跳_holistic_results.json,,75.93259508672512
花,web_20260523_052744_427c726a,web_reliable_nonlow,saved_web,80.05843949105305,normal_like,visible_semantic_core_scale,score_valid,score_valid,False,short_visible_core,query_not_short_core_capture,,,,,True,1.0,1.0,1.0,0.39017587900161743,0.0,0.0,0.0,0.0,0.0,0.0,0.2,0.0,0.0,0.0,0.66,0.032198142414860687,"0,0,0,0,0",0.0,0.0,0.0,0.0,0.0,0.0,0.2,0.0,0.0,0.0,0.66,0.039628482972136225,"0,0,0,0,0",0.0,0.72,0.0,full_sequence_with_action_window_diagnostics,False,53,25,,,web_20260523_052744_427c726a,/data/WYC/signLanguage/work/generated/web_scoring_mvp/web_20260523_052744_427c726a/holistic/user_花_web_20260523_052744_427c726a_holistic_results.json,/data/WYC/signLanguage/work/generated/scoring_mvp_run3/all_demo_step2_worker_cache_semantic_v1/results/花/花_holistic_results.json,,5,True,0.039628482972136225,7,18.0,0.030531508674041925,25,5,True,0.032198142414860687,25,0.03224993203171569,,/data/WYC/signLanguage/work/generated/web_scoring_mvp/web_20260523_052744_427c726a/scoring_result.json,/data/WYC/signLanguage/work/generated/scoring_mvp_run3/all_demo_step2_worker_cache_semantic_v1/results/花/花_holistic_results.json,,0.0
花,web_20260523_052801_95c97bce,web_reliable_nonlow,saved_web,79.32177801584079,normal_like,visible_semantic_core_scale,score_valid,score_valid,False,short_visible_core,query_not_short_core_capture,,,,,True,0.873297570347786,1.0,0.7696319460868836,0.3698267340660095,0.0,0.0,0.0,0.0,0.0,0.0,0.2,0.0,0.0,0.0,0.66,0.032198142414860687,"0,0,0,0,0",0.0,0.0,0.0,0.0,0.0,0.0,0.2,0.0,0.0,0.0,0.66,0.039628482972136225,"0,0,0,0,0",0.03333333333333333,0.5666666666666667,0.03333333333333333,full_sequence_with_action_window_diagnostics,False,53,30,,,web_20260523_052801_95c97bce,/data/WYC/signLanguage/work/generated/web_scoring_mvp/web_20260523_052801_95c97bce/holistic/user_花_web_20260523_052801_95c97bce_holistic_results.json,/data/WYC/signLanguage/work/generated/scoring_mvp_run3/all_demo_step2_worker_cache_semantic_v1/results/花/花_holistic_results.json,,5,True,0.039628482972136225,8,18.0,0.029019346234743098,30,5,True,0.032198142414860687,30,0.033590332694119304,,/data/WYC/signLanguage/work/generated/web_scoring_mvp/web_20260523_052801_95c97bce/scoring_result.json,/data/WYC/signLanguage/work/generated/scoring_mvp_run3/all_demo_step2_worker_cache_semantic_v1/results/花/花_holistic_results.json,,0.0
花,web_20260523_052817_7ae13ce2,web_reliable_nonlow,saved_web,79.05011946544708,normal_like,visible_semantic_core_scale,score_valid,score_valid,False,short_visible_core,query_not_short_core_capture,,,,,True,0.8188649249076844,1.0,0.6706634998321533,0.22685211896896362,0.0,0.0,0.0,0.0,0.0,0.0,0.2,0.0,0.0,0.0,0.66,0.032198142414860687,"0,0,0,0,0",0.0,0.0,0.0,0.0,0.0,0.0,0.2,0.0,0.0,0.0,0.66,0.039628482972136225,"0,0,0,0,0",0.0,0.68,0.0,full_sequence_with_action_window_diagnostics,False,53,25,,,web_20260523_052817_7ae13ce2,/data/WYC/signLanguage/work/generated/web_scoring_mvp/web_20260523_052817_7ae13ce2/holistic/user_花_web_20260523_052817_7ae13ce2_holistic_results.json,/data/WYC/signLanguage/work/generated/scoring_mvp_run3/all_demo_step2_worker_cache_semantic_v1/results/花/花_holistic_results.json,,5,True,0.039628482972136225,7,18.0,0.03132661971377267,25,5,True,0.032198142414860687,25,0.034087776105062945,,/data/WYC/signLanguage/work/generated/web_scoring_mvp/web_20260523_052817_7ae13ce2/scoring_result.json,/data/WYC/signLanguage/work/generated/scoring_mvp_run3/all_demo_step2_worker_cache_semantic_v1/results/花/花_holistic_results.json,,0.0
花,web_20260523_053035_073e5794,web_reliable_nonlow,saved_web,76.73563263980246,normal_like,visible_semantic_core_scale,score_valid,score_valid,False,short_visible_core,query_not_short_core_capture,,,,,True,1.0,1.0,1.0,0.21370530128479004,0.0,0.0,0.0,0.0,0.0,0.0,0.2,0.0,0.0,0.0,0.66,0.032198142414860687,"0,0,0,0,0",0.0,0.0,0.0,0.0,0.0,0.0,0.2,0.0,0.0,0.0,0.66,0.039628482972136225,"0,0,0,0,0",0.04,0.68,0.04,full_sequence_with_action_window_diagnostics,False,53,25,,,web_20260523_053035_073e5794,/data/WYC/signLanguage/work/generated/web_scoring_mvp/web_20260523_053035_073e5794/holistic/user_花_web_20260523_053035_073e5794_holistic_results.json,/data/WYC/signLanguage/work/generated/scoring_mvp_run3/all_demo_step2_worker_cache_semantic_v1/results/花/花_holistic_results.json,,5,True,0.039628482972136225,7,18.0,0.036538326313825246,25,5,True,0.032198142414860687,25,0.0383965820183775,,/data/WYC/signLanguage/work/generated/web_scoring_mvp/web_20260523_053035_073e5794/scoring_result.json,/data/WYC/signLanguage/work/generated/scoring_mvp_run3/all_demo_step2_worker_cache_semantic_v1/results/花/花_holistic_results.json,,0.0
花,web_20260523_053051_a785c84e,web_reliable_nonlow,saved_web,79.26511292952996,normal_like,visible_semantic_core_scale,score_valid,score_valid,False,short_visible_core,query_not_short_core_capture,,,,,True,0.7125184786319734,0.9900880058606466,0.48541613817214974,0.1538105607032776,0.0,0.0,0.0,0.0,0.0,0.0,0.2,0.0,0.0,0.0,0.66,0.032198142414860687,"0,0,0,0,0",0.0,0.0,0.0,0.0,0.0,0.0,0.2,0.0,0.0,0.0,0.66,0.039628482972136225,"0,0,0,0,0",0.0,0.64,0.0,full_sequence_with_action_window_diagnostics,False,53,25,,,web_20260523_053051_a785c84e,/data/WYC/signLanguage/work/generated/web_scoring_mvp/web_20260523_053051_a785c84e/holistic/user_花_web_20260523_053051_a785c84e_holistic_results.json,/data/WYC/signLanguage/work/generated/scoring_mvp_run3/all_demo_step2_worker_cache_semantic_v1/results/花/花_holistic_results.json,,5,True,0.039628482972136225,7,18.0,0.031102129960219882,25,5,True,0.032198142414860687,25,0.03369395333786558,,/data/WYC/signLanguage/work/generated/web_scoring_mvp/web_20260523_053051_a785c84e/scoring_result.json,/data/WYC/signLanguage/work/generated/scoring_mvp_run3/all_demo_step2_worker_cache_semantic_v1/results/花/花_holistic_results.json,,0.0
花,web_20260523_053102_e1ff4324,web_reliable_nonlow,saved_web,79.53303660969901,normal_like,visible_semantic_core_scale,score_valid,score_valid,False,short_visible_core,query_not_short_core_capture,,,,,True,0.317240760922432,0.0,0.5768013834953308,0.004222095012664795,0.0,0.0,0.0,0.0,0.0,0.0,0.2,0.0,0.0,0.0,0.66,0.032198142414860687,"0,0,0,0,0",0.0,0.0,0.0,0.0,0.0,0.0,0.2,0.0,0.0,0.0,0.66,0.039628482972136225,"0,0,0,0,0",0.0,0.72,0.0,full_sequence_with_action_window_diagnostics,False,53,25,,,web_20260523_053102_e1ff4324,/data/WYC/signLanguage/work/generated/web_scoring_mvp/web_20260523_053102_e1ff4324/holistic/user_花_web_20260523_053102_e1ff4324_holistic_results.json,/data/WYC/signLanguage/work/generated/scoring_mvp_run3/all_demo_step2_worker_cache_semantic_v1/results/花/花_holistic_results.json,,5,True,0.039628482972136225,7,18.0,0.03125799145381957,25,5,True,0.032198142414860687,25,0.033204665892134375,,/data/WYC/signLanguage/work/generated/web_scoring_mvp/web_20260523_053102_e1ff4324/scoring_result.json,/data/WYC/signLanguage/work/generated/scoring_mvp_run3/all_demo_step2_worker_cache_semantic_v1/results/花/花_holistic_results.json,,0.0
花,web_20260523_053116_49159767,web_reliable_nonlow,saved_web,79.45374184950865,normal_like,visible_semantic_core_scale,score_valid,score_valid,False,short_visible_core,query_not_short_core_capture,,,,,True,0.5248572063446045,1.0,0.1361040115356446,0.1954730749130249,0.0,0.0,0.0,0.0,0.0,0.0,0.2,0.0,0.0,0.0,0.66,0.032198142414860687,"0,0,0,0,0",0.0,0.0,0.0,0.0,0.0,0.0,0.2,0.0,0.0,0.0,0.66,0.039628482972136225,"0,0,0,0,0",0.0,0.8,0.0,full_sequence_with_action_window_diagnostics,False,53,25,,,web_20260523_053116_49159767,/data/WYC/signLanguage/work/generated/web_scoring_mvp/web_20260523_053116_49159767/holistic/user_花_web_20260523_053116_49159767_holistic_results.json,/data/WYC/signLanguage/work/generated/scoring_mvp_run3/all_demo_step2_worker_cache_semantic_v1/results/花/花_holistic_results.json,,5,True,0.039628482972136225,7,18.0,0.032067912772911544,25,5,True,0.032198142414860687,25,0.033349303594619996,,/data/WYC/signLanguage/work/generated/web_scoring_mvp/web_20260523_053116_49159767/scoring_result.json,/data/WYC/signLanguage/work/generated/scoring_mvp_run3/all_demo_step2_worker_cache_semantic_v1/results/花/花_holistic_results.json,,0.0
花,web_20260523_053128_81d821bf,web_reliable_nonlow,saved_web,79.58365089397635,normal_like,visible_semantic_core_scale,score_valid,score_valid,False,short_visible_core,query_not_short_core_capture,,,,,True,0.45,1.0,0.0,0.34337538480758667,0.0,0.0,0.0,0.0,0.0,0.0,0.2,0.0,0.0,0.0,0.66,0.032198142414860687,"0,0,0,0,0",0.0,0.0,0.0,0.0,0.0,0.0,0.2,0.0,0.0,0.0,0.66,0.039628482972136225,"0,0,0,0,0",0.0,0.68,0.0,full_sequence_with_action_window_diagnostics,False,53,25,,,web_20260523_053128_81d821bf,/data/WYC/signLanguage/work/generated/web_scoring_mvp/web_20260523_053128_81d821bf/holistic/user_花_web_20260523_053128_81d821bf_holistic_results.json,/data/WYC/signLanguage/work/generated/scoring_mvp_run3/all_demo_step2_worker_cache_semantic_v1/results/花/花_holistic_results.json,,5,True,0.039628482972136225,7,18.0,0.03127973096499533,25,5,True,0.032198142414860687,25,0.03311241822681544,,/data/WYC/signLanguage/work/generated/web_scoring_mvp/web_20260523_053128_81d821bf/scoring_result.json,/data/WYC/signLanguage/work/generated/scoring_mvp_run3/all_demo_step2_worker_cache_semantic_v1/results/花/花_holistic_results.json,,0.0
花,web_20260523_053203_4ec1e6ab,web_reliable_nonlow,saved_web,79.59467492174286,normal_like,visible_semantic_core_scale,score_valid,score_valid,False,short_visible_core,query_not_short_core_capture,,,,,True,1.0,1.0,1.0,0.34230488538742065,0.0,0.0,0.0,0.0,0.0,0.0,0.2,0.0,0.0,0.0,0.66,0.032198142414860687,"0,0,0,0,0",0.0,0.0,0.0,0.0,0.0,0.0,0.2,0.0,0.0,0.0,0.66,0.039628482972136225,"0,0,0,0,0",0.0,0.68,0.0,full_sequence_with_action_window_diagnostics,False,53,25,,,web_20260523_053203_4ec1e6ab,/data/WYC/signLanguage/work/generated/web_scoring_mvp/web_20260523_053203_4ec1e6ab/holistic/user_花_web_20260523_053203_4ec1e6ab_holistic_results.json,/data/WYC/signLanguage/work/generated/scoring_mvp_run3/all_demo_step2_worker_cache_semantic_v1/results/花/花_holistic_results.json,,5,True,0.039628482972136225,7,18.0,0.03105940535445297,25,5,True,0.032198142414860687,25,0.03309233403481871,,/data/WYC/signLanguage/work/generated/web_scoring_mvp/web_20260523_053203_4ec1e6ab/scoring_result.json,/data/WYC/signLanguage/work/generated/scoring_mvp_run3/all_demo_step2_worker_cache_semantic_v1/results/花/花_holistic_results.json,,0.0
跳,web_20260523_053241_5fbbf9c7,web_reliable_nonlow,saved_web,75.983181531921,normal_like,jump_relation_semantic_floor,score_valid,score_valid,True,action_window_net,used,0.8009644704158592,4.950720876510687,,,True,,,,,0.4,-0.4,0.25,0.08333333333333333,0.08333333333333333,0.18518518518518517,0.4,0.02962962962962963,0.018518518518518517,0.006172839506172839,0.4370185185185185,0.1773101743081965,"18,18,18,18,16",0.0,0.0,0.0,0.0,0.0,0.0,0.2,0.0,0.0,0.0,0.66,0.17732014309673103,"0,0,0,0,0",0.8,0.92,0.8,semantic_action_window,True,19,25,,,web_20260523_053241_5fbbf9c7,/data/WYC/signLanguage/work/generated/web_scoring_mvp/web_20260523_053241_5fbbf9c7/holistic/user_跳_web_20260523_053241_5fbbf9c7_holistic_results.json,/data/WYC/signLanguage/work/generated/scoring_mvp_run3/all_demo_step2_worker_cache_semantic_v1/results/跳/跳_holistic_results.json,,5,True,0.19828000523951808,7,18.0,0.2908959355710284,25,5,True,0.19828000523951808,25,0.41915370361551363,,/data/WYC/signLanguage/work/generated/web_scoring_mvp/web_20260523_053241_5fbbf9c7/scoring_result.json,/data/WYC/signLanguage/work/generated/scoring_mvp_run3/all_demo_step2_worker_cache_semantic_v1/results/跳/跳_holistic_results.json,,75.983181531921
跳,web_20260523_053254_bd7f1d1c,web_needs_recapture,saved_web,3.0448594719449633,low,short_action_window_with_query_energy_peak,needs_recapture,jump_two_hand_presence_low,False,,insufficient_two_hand_presence,,,,,True,,,,,0.0,0.8,0.0,0.0,0.5,1.0,0.6,0.0,0.0,0.0,0.952,0.1593807763300503,"5,5,15,17,17",0.4,-0.2,0.25,0.16666666666666666,0.16666666666666666,0.37037037037037035,0.4,0.05925925925925926,0.037037037037037035,0.024691358024691357,0.503537037037037,0.336789415040086,"4,4,3,3,4",0.52,0.88,0.52,semantic_action_window,True,19,25,,,web_20260523_053254_bd7f1d1c,/data/WYC/signLanguage/work/generated/web_scoring_mvp/web_20260523_053254_bd7f1d1c/holistic/user_跳_web_20260523_053254_bd7f1d1c_holistic_results.json,/data/WYC/signLanguage/work/generated/scoring_mvp_run3/all_demo_step2_worker_cache_semantic_v1/results/跳/跳_holistic_results.json,,5,True,0.3591553664898053,7,18.0,0.3267327081763164,25,5,True,0.18439064924873122,25,0.5925637591189103,,/data/WYC/signLanguage/work/generated/web_scoring_mvp/web_20260523_053254_bd7f1d1c/scoring_result.json,/data/WYC/signLanguage/work/generated/scoring_mvp_run3/all_demo_step2_worker_cache_semantic_v1/results/跳/跳_holistic_results.json,,0.0
跳,web_20260523_053309_28821cfd,web_needs_recapture,saved_web,3.491450297374847,low,short_action_window_with_query_energy_peak,needs_recapture,jump_two_hand_presence_low,False,,insufficient_two_hand_presence,,,,,True,,,,,0.0,0.0,0.0,0.0,0.0,0.0,0.2,0.0,0.0,0.0,0.66,0.18870100229836292,"6,6,6,6,6",0.5,-0.4,0.5,0.16666666666666666,0.16666666666666666,0.37037037037037035,0.4,0.07407407407407407,0.07407407407407407,0.024691358024691357,0.39103703703703707,0.3196838014728394,"6,6,5,6,5",0.44,0.84,0.44,semantic_action_window,True,19,25,,,web_20260523_053309_28821cfd,/data/WYC/signLanguage/work/generated/web_scoring_mvp/web_20260523_053309_28821cfd/holistic/user_跳_web_20260523_053309_28821cfd_holistic_results.json,/data/WYC/signLanguage/work/generated/scoring_mvp_run3/all_demo_step2_worker_cache_semantic_v1/results/跳/跳_holistic_results.json,,5,True,0.33881531552421634,7,18.0,0.3151390671053366,25,5,True,0.20750125847901538,25,0.5693374297688026,,/data/WYC/signLanguage/work/generated/web_scoring_mvp/web_20260523_053309_28821cfd/scoring_result.json,/data/WYC/signLanguage/work/generated/scoring_mvp_run3/all_demo_step2_worker_cache_semantic_v1/results/跳/跳_holistic_results.json,,0.0
跳,web_20260523_053345_da4d1ec9,web_needs_recapture,saved_web,2.365787951869093,low,short_action_window_with_query_energy_peak,needs_recapture,jump_two_hand_presence_low,False,,insufficient_two_hand_presence,,,,,True,,,,,0.6,-0.6,0.25,0.20833333333333334,0.20833333333333334,0.46296296296296297,0.4,0.11111111111111112,0.0462962962962963,0.03858024691358025,0.3627962962962963,0.3733888056175788,"8,8,8,3,3",0.3,0.2,0.25,1.0,1.0,1.0,0.6,0.18,0.15,0.6,0.6894999999999999,0.38534331510510667,"0,11,0,2,2",0.0,0.76,0.0,semantic_action_window,True,19,25,,,web_20260523_053345_da4d1ec9,/data/WYC/signLanguage/work/generated/web_scoring_mvp/web_20260523_053345_da4d1ec9/holistic/user_跳_web_20260523_053345_da4d1ec9_holistic_results.json,/data/WYC/signLanguage/work/generated/scoring_mvp_run3/all_demo_step2_worker_cache_semantic_v1/results/跳/跳_holistic_results.json,,5,True,0.38962889935513534,12,18.0,0.30233568676464506,25,5,True,0.3847822634187301,25,0.6353878899953447,,/data/WYC/signLanguage/work/generated/web_scoring_mvp/web_20260523_053345_da4d1ec9/scoring_result.json,/data/WYC/signLanguage/work/generated/scoring_mvp_run3/all_demo_step2_worker_cache_semantic_v1/results/跳/跳_holistic_results.json,,0.0
跳,web_20260523_053401_8934d89a,web_needs_recapture,saved_web,3.6431533993163545,low,short_action_window_with_query_energy_peak,needs_recapture,jump_two_hand_presence_low,False,,insufficient_two_hand_presence,,,,,True,,,,,0.1,0.2,0.25,0.041666666666666664,0.041666666666666664,0.09259259259259259,0.4,0.003703703703703704,0.009259259259259259,0.0015432098765432098,0.6527592592592593,0.3820545395164851,"18,18,18,19,18",0.1,0.2,0.25,0.07142857142857142,0.07142857142857142,0.15873015873015872,0.4,0.006349206349206349,0.015873015873015872,0.004535147392290249,0.6593730158730158,0.3820545395164851,"10,10,10,11,10",0.0,0.84,0.0,semantic_action_window,True,19,25,,,web_20260523_053401_8934d89a,/data/WYC/signLanguage/work/generated/web_scoring_mvp/web_20260523_053401_8934d89a/holistic/user_跳_web_20260523_053401_8934d89a_holistic_results.json,/data/WYC/signLanguage/work/generated/scoring_mvp_run3/all_demo_step2_worker_cache_semantic_v1/results/跳/跳_holistic_results.json,,5,True,0.38686238853273436,15,18.0,0.2879680977910017,25,5,True,0.38686238853273436,25,0.5621194392153966,,/data/WYC/signLanguage/work/generated/web_scoring_mvp/web_20260523_053401_8934d89a/scoring_result.json,/data/WYC/signLanguage/work/generated/scoring_mvp_run3/all_demo_step2_worker_cache_semantic_v1/results/跳/跳_holistic_results.json,,0.0
跳,web_20260523_053940_f86fc279,web_needs_recapture,saved_web,2.2024919013715687,low,short_action_window_with_query_energy_peak,needs_recapture,jump_two_hand_presence_low,False,,insufficient_two_hand_presence,,,,,True,,,,,0.2,0.2,0.25,0.375,0.375,0.8333333333333333,0.4,0.06666666666666667,0.08333333333333333,0.125,0.6998333333333334,0.17380191756612762,"9,0,0,9,9",0.0,0.0,0.0,0.0,0.0,0.0,0.2,0.0,0.0,0.0,0.66,0.24945285472548662,"4,4,4,4,4",0.44,0.76,0.44,semantic_action_window,True,19,25,,,web_20260523_053940_f86fc279,/data/WYC/signLanguage/work/generated/web_scoring_mvp/web_20260523_053940_f86fc279/holistic/user_跳_web_20260523_053940_f86fc279_holistic_results.json,/data/WYC/signLanguage/work/generated/scoring_mvp_run3/all_demo_step2_worker_cache_semantic_v1/results/跳/跳_holistic_results.json,,5,True,0.2689959405505199,7,18.0,0.3025305805237921,25,5,True,0.19197478139148177,25,0.6475255311986068,,/data/WYC/signLanguage/work/generated/web_scoring_mvp/web_20260523_053940_f86fc279/scoring_result.json,/data/WYC/signLanguage/work/generated/scoring_mvp_run3/all_demo_step2_worker_cache_semantic_v1/results/跳/跳_holistic_results.json,,0.0
花,web_20260523_062341_afa8c368,web_reliable_low,saved_web,14.571577821117309,low,default,semantic_mismatch,flower_opening_guard_failed,False,short_visible_core,query_not_short_core_capture,,,,,False,0.0,0.0,0.0,0.016658782958984375,0.0,0.0,0.0,0.0,0.0,0.0,0.2,0.0,0.0,0.0,0.66,0.039628482972136225,"0,0,0,0,0",0.0,0.0,0.0,0.0,0.0,0.0,0.2,0.0,0.0,0.0,0.66,0.039628482972136225,"5,5,5,5,5",1.0,0.45,0.45,full_sequence_with_action_window_diagnostics,False,53,20,,,web_20260523_062341_afa8c368,/data/WYC/signLanguage/work/generated/web_scoring_mvp/web_20260523_062341_afa8c368/holistic/user_花_web_20260523_062341_afa8c368_holistic_results.json,/data/WYC/signLanguage/work/generated/scoring_mvp_run3/all_demo_step2_worker_cache_semantic_v1/results/花/花_holistic_results.json,,5,True,0.039628482972136225,8,18.0,0.04116987704635403,20,5,True,0.039628482972136225,20,0.23113167350230693,,/data/WYC/signLanguage/work/generated/web_scoring_mvp/web_20260523_062341_afa8c368/scoring_result.json,/data/WYC/signLanguage/work/generated/scoring_mvp_run3/all_demo_step2_worker_cache_semantic_v1/results/花/花_holistic_results.json,,0.0
花,web_20260523_062353_2b6f64cd,web_reliable_nonlow,saved_web,79.52980911987503,normal_like,visible_semantic_core_scale,score_valid,score_valid,False,short_visible_core,query_not_short_core_capture,,,,,True,1.0,1.0,1.0,0.3610989451408386,0.0,0.0,0.0,0.0,0.0,0.0,0.2,0.0,0.0,0.0,0.66,0.032198142414860687,"0,0,0,0,0",0.0,0.0,0.0,0.0,0.0,0.0,0.2,0.0,0.0,0.0,0.66,0.039628482972136225,"0,0,0,0,0",0.0,0.76,0.0,full_sequence_with_action_window_diagnostics,False,53,25,,,web_20260523_062353_2b6f64cd,/data/WYC/signLanguage/work/generated/web_scoring_mvp/web_20260523_062353_2b6f64cd/holistic/user_花_web_20260523_062353_2b6f64cd_holistic_results.json,/data/WYC/signLanguage/work/generated/scoring_mvp_run3/all_demo_step2_worker_cache_semantic_v1/results/花/花_holistic_results.json,,5,True,0.039628482972136225,7,18.0,0.03164127754936098,25,5,True,0.032198142414860687,25,0.03321055018299307,,/data/WYC/signLanguage/work/generated/web_scoring_mvp/web_20260523_062353_2b6f64cd/scoring_result.json,/data/WYC/signLanguage/work/generated/scoring_mvp_run3/all_demo_step2_worker_cache_semantic_v1/results/花/花_holistic_results.json,,0.0
花,web_20260523_062406_09525c5f,web_reliable_nonlow,saved_web,80.02240105598675,normal_like,visible_semantic_core_scale,score_valid,score_valid,False,short_visible_core,query_not_short_core_capture,,,,,True,1.0,1.0,1.0,0.3525732755661011,0.0,0.0,0.0,0.0,0.0,0.0,0.2,0.0,0.0,0.0,0.66,0.032198142414860687,"0,0,0,0,0",0.0,0.0,0.0,0.0,0.0,0.0,0.2,0.0,0.0,0.0,0.66,0.039628482972136225,"0,0,0,0,0",0.0,0.72,0.0,full_sequence_with_action_window_diagnostics,False,53,25,,,web_20260523_062406_09525c5f,/data/WYC/signLanguage/work/generated/web_scoring_mvp/web_20260523_062406_09525c5f/holistic/user_花_web_20260523_062406_09525c5f_holistic_results.json,/data/WYC/signLanguage/work/generated/scoring_mvp_run3/all_demo_step2_worker_cache_semantic_v1/results/花/花_holistic_results.json,,5,True,0.039628482972136225,7,18.0,0.03112698488097587,25,5,True,0.032198142414860687,25,0.032315218710059414,,/data/WYC/signLanguage/work/generated/web_scoring_mvp/web_20260523_062406_09525c5f/scoring_result.json,/data/WYC/signLanguage/work/generated/scoring_mvp_run3/all_demo_step2_worker_cache_semantic_v1/results/花/花_holistic_results.json,,0.0
花,web_20260523_062420_5aea4dd9,web_reliable_nonlow,saved_web,78.62361889539538,normal_like,visible_semantic_core_scale,score_valid,score_valid,False,short_visible_core,query_not_short_core_capture,,,,,True,1.0,1.0,1.0,0.5180196166038513,0.0,0.0,0.0,0.0,0.0,0.0,0.2,0.0,0.0,0.0,0.66,0.032198142414860687,"0,0,0,0,0",0.0,0.0,0.0,0.0,0.0,0.0,0.2,0.0,0.0,0.0,0.66,0.039628482972136225,"0,0,0,0,0",0.0,0.8,0.0,full_sequence_with_action_window_diagnostics,False,53,25,,,web_20260523_062420_5aea4dd9,/data/WYC/signLanguage/work/generated/web_scoring_mvp/web_20260523_062420_5aea4dd9/holistic/user_花_web_20260523_062420_5aea4dd9_holistic_results.json,/data/WYC/signLanguage/work/generated/scoring_mvp_run3/all_demo_step2_worker_cache_semantic_v1/results/花/花_holistic_results.json,,5,True,0.039628482972136225,7,18.0,0.03292368206524338,25,5,True,0.032198142414860687,25,0.034872215341815574,,/data/WYC/signLanguage/work/generated/web_scoring_mvp/web_20260523_062420_5aea4dd9/scoring_result.json,/data/WYC/signLanguage/work/generated/scoring_mvp_run3/all_demo_step2_worker_cache_semantic_v1/results/花/花_holistic_results.json,,0.0
花,web_20260523_062433_e3e870b6,web_reliable_nonlow,saved_web,80.00747951449698,normal_like,visible_semantic_core_scale,score_valid,score_valid,False,short_visible_core,query_not_short_core_capture,,,,,True,0.55,0.0,1.0,0.033019185066223145,0.0,0.0,0.0,0.0,0.0,0.0,0.2,0.0,0.0,0.0,0.66,0.032198142414860687,"0,0,0,0,0",0.0,0.0,0.0,0.0,0.0,0.0,0.2,0.0,0.0,0.0,0.66,0.032198142414860687,"6,6,6,6,6",0.0,0.68,0.0,full_sequence_with_action_window_diagnostics,False,53,25,,,web_20260523_062433_e3e870b6,/data/WYC/signLanguage/work/generated/web_scoring_mvp/web_20260523_062433_e3e870b6/holistic/user_花_web_20260523_062433_e3e870b6_holistic_results.json,/data/WYC/signLanguage/work/generated/scoring_mvp_run3/all_demo_step2_worker_cache_semantic_v1/results/花/花_holistic_results.json,,5,True,0.032198142414860687,7,18.0,0.030803187039390962,25,5,True,0.032198142414860687,25,0.03234225895422599,,/data/WYC/signLanguage/work/generated/web_scoring_mvp/web_20260523_062433_e3e870b6/scoring_result.json,/data/WYC/signLanguage/work/generated/scoring_mvp_run3/all_demo_step2_worker_cache_semantic_v1/results/花/花_holistic_results.json,,0.0
花,web_20260523_062644_9a457871,web_reliable_nonlow,saved_web,79.94084919136743,normal_like,visible_semantic_core_scale,score_valid,score_valid,False,short_visible_core,query_not_short_core_capture,,,,,True,1.0,1.0,1.0,0.4776100516319275,0.0,0.0,0.0,0.0,0.0,0.0,0.2,0.0,0.0,0.0,0.66,0.032198142414860687,"0,0,0,0,0",0.0,0.0,0.0,0.0,0.0,0.0,0.2,0.0,0.0,0.0,0.66,0.039628482972136225,"0,0,0,0,0",0.0,0.68,0.0,full_sequence_with_action_window_diagnostics,False,53,25,,,web_20260523_062644_9a457871,/data/WYC/signLanguage/work/generated/web_scoring_mvp/web_20260523_062644_9a457871/holistic/user_花_web_20260523_062644_9a457871_holistic_results.json,/data/WYC/signLanguage/work/generated/scoring_mvp_run3/all_demo_step2_worker_cache_semantic_v1/results/花/花_holistic_results.json,,5,True,0.039628482972136225,7,18.0,0.030553599395136036,25,5,True,0.032198142414860687,25,0.03246306543580431,,/data/WYC/signLanguage/work/generated/web_scoring_mvp/web_20260523_062644_9a457871/scoring_result.json,/data/WYC/signLanguage/work/generated/scoring_mvp_run3/all_demo_step2_worker_cache_semantic_v1/results/花/花_holistic_results.json,,0.0
跳,web_20260523_063002_0aa1419e,web_needs_recapture,saved_web,4.239826394505696,low,short_action_window_with_query_energy_peak,needs_recapture,jump_two_hand_presence_low,False,,insufficient_two_hand_presence,,,,,True,,,,,0.6,-0.6,0.25,0.041666666666666664,0.041666666666666664,0.09259259259259259,0.4,0.022222222222222223,0.009259259259259259,0.0015432098765432098,0.32575925925925925,0.13713369532512537,"13,13,13,12,12",0.0,0.0,0.0,0.0,0.0,0.0,0.2,0.0,0.0,0.0,0.66,0.17648815010975588,"0,0,0,0,0",0.48,0.84,0.48,semantic_action_window,True,19,25,,,web_20260523_063002_0aa1419e,/data/WYC/signLanguage/work/generated/web_scoring_mvp/web_20260523_063002_0aa1419e/holistic/user_跳_web_20260523_063002_0aa1419e_holistic_results.json,/data/WYC/signLanguage/work/generated/scoring_mvp_run3/all_demo_step2_worker_cache_semantic_v1/results/跳/跳_holistic_results.json,,5,True,0.19735300037670792,7,18.0,0.2734718499367914,25,5,True,0.1435994684741614,25,0.5363797287257013,,/data/WYC/signLanguage/work/generated/web_scoring_mvp/web_20260523_063002_0aa1419e/scoring_result.json,/data/WYC/signLanguage/work/generated/scoring_mvp_run3/all_demo_step2_worker_cache_semantic_v1/results/跳/跳_holistic_results.json,,0.0
跳,web_20260523_063015_4017237e,web_needs_recapture,saved_web,8.918992977808744,low,short_action_window_with_query_energy_peak,needs_recapture,jump_two_hand_presence_low,False,,insufficient_two_hand_presence,,,,,True,,,,,0.4,-0.4,0.25,0.041666666666666664,0.041666666666666664,0.09259259259259259,0.4,0.014814814814814815,0.009259259259259259,0.0015432098765432098,0.42775925925925923,0.16490887235154683,"24,24,24,24,23",0.0,0.0,0.0,0.0,0.0,0.0,0.2,0.0,0.0,0.0,0.66,0.19846666413305708,"6,6,6,6,6",0.64,0.84,0.64,semantic_action_window,True,19,25,,,web_20260523_063015_4017237e,/data/WYC/signLanguage/work/generated/web_scoring_mvp/web_20260523_063015_4017237e/holistic/user_跳_web_20260523_063015_4017237e_holistic_results.json,/data/WYC/signLanguage/work/generated/scoring_mvp_run3/all_demo_step2_worker_cache_semantic_v1/results/跳/跳_holistic_results.json,,5,True,0.21973933227531312,7,18.0,0.24169962942636383,25,5,True,0.1905698397721751,25,0.4101763193238772,,/data/WYC/signLanguage/work/generated/web_scoring_mvp/web_20260523_063015_4017237e/scoring_result.json,/data/WYC/signLanguage/work/generated/scoring_mvp_run3/all_demo_step2_worker_cache_semantic_v1/results/跳/跳_holistic_results.json,,0.0
跳,web_20260523_063026_c2f04725,web_reliable_nonlow,saved_web,71.07483265288036,borderline,jump_relation_semantic_floor,score_valid,score_valid,True,action_window_net,used,0.7399023969074712,4.6134545970997936,,,True,,,,,0.6,-0.6,0.25,0.041666666666666664,0.041666666666666664,0.09259259259259259,0.4,0.022222222222222223,0.009259259259259259,0.0015432098765432098,0.32575925925925925,0.1472731145407149,"16,16,15,15,15",0.0,0.4,0.0,0.0,0.16666666666666666,0.37037037037037035,0.4,0.0,0.0,0.0,0.793037037037037,0.17431274187302034,"0,0,0,0,1",0.64,0.92,0.64,semantic_action_window,True,19,25,,,web_20260523_063026_c2f04725,/data/WYC/signLanguage/work/generated/web_scoring_mvp/web_20260523_063026_c2f04725/holistic/user_跳_web_20260523_063026_c2f04725_holistic_results.json,/data/WYC/signLanguage/work/generated/scoring_mvp_run3/all_demo_step2_worker_cache_semantic_v1/results/跳/跳_holistic_results.json,,5,True,0.19396269016242002,7,18.0,0.27057547811060073,25,5,True,0.16477386792723847,25,0.35634475981304825,,/data/WYC/signLanguage/work/generated/web_scoring_mvp/web_20260523_063026_c2f04725/scoring_result.json,/data/WYC/signLanguage/work/generated/scoring_mvp_run3/all_demo_step2_worker_cache_semantic_v1/results/跳/跳_holistic_results.json,,71.07483265288036
跳,web_20260523_063052_fc94e4f7,web_reliable_nonlow,saved_web,75.14652934000428,normal_like,jump_relation_semantic_floor,score_valid,score_valid,True,action_window_net,used,0.7636687117191703,3.7277667459294714,,,True,,,,,0.4,-0.4,0.25,0.25,0.25,0.5555555555555556,0.4,0.0888888888888889,0.05555555555555556,0.05555555555555556,0.47405555555555556,0.15915420854440984,"18,18,18,18,12",0.0,0.4,0.0,0.0,0.5,1.0,0.4,0.0,0.0,0.0,0.856,0.16088993827771642,"0,0,0,0,3",0.72,0.84,0.72,semantic_action_window,True,19,25,,,web_20260523_063052_fc94e4f7,/data/WYC/signLanguage/work/generated/web_scoring_mvp/web_20260523_063052_fc94e4f7/holistic/user_跳_web_20260523_063052_fc94e4f7_holistic_results.json,/data/WYC/signLanguage/work/generated/scoring_mvp_run3/all_demo_step2_worker_cache_semantic_v1/results/跳/跳_holistic_results.json,,5,True,0.18154016413307872,7,18.0,0.22256567681228437,25,5,True,0.18154016413307872,25,0.2955966873226788,,/data/WYC/signLanguage/work/generated/web_scoring_mvp/web_20260523_063052_fc94e4f7/scoring_result.json,/data/WYC/signLanguage/work/generated/scoring_mvp_run3/all_demo_step2_worker_cache_semantic_v1/results/跳/跳_holistic_results.json,,75.14652934000428
跳,web_20260523_063109_8727dac1,web_reliable_nonlow,saved_web,65.1906745843863,borderline,jump_relation_semantic_floor,score_valid,score_valid,True,action_window_net,used,0.6985922468703473,3.8142495611594116,,,True,,,,,0.0,0.0,0.0,0.0,0.0,0.0,0.2,0.0,0.0,0.0,0.66,0.15214964479157245,"12,12,12,12,12",0.0,0.0,0.0,0.0,0.0,0.0,0.2,0.0,0.0,0.0,0.66,0.15214964479157245,"1,1,1,1,1",0.6,1.0,0.6,semantic_action_window,True,19,25,,,web_20260523_063109_8727dac1,/data/WYC/signLanguage/work/generated/web_scoring_mvp/web_20260523_063109_8727dac1/holistic/user_跳_web_20260523_063109_8727dac1_holistic_results.json,/data/WYC/signLanguage/work/generated/scoring_mvp_run3/all_demo_step2_worker_cache_semantic_v1/results/跳/跳_holistic_results.json,,5,True,0.1700525208697969,8,18.0,0.24584970384803675,25,5,True,0.1700525208697969,25,0.39856454250651363,,/data/WYC/signLanguage/work/generated/web_scoring_mvp/web_20260523_063109_8727dac1/scoring_result.json,/data/WYC/signLanguage/work/generated/scoring_mvp_run3/all_demo_step2_worker_cache_semantic_v1/results/跳/跳_holistic_results.json,,65.1906745843863
花,web_20260523_063159_324827f7,web_reliable_nonlow,saved_web,78.46302938015793,normal_like,visible_semantic_core_scale,score_valid,score_valid,True,short_visible_core,used,,,0.7421274715548775,,True,1.0,1.0,1.0,0.5051946341991425,0.0,0.0,0.0,0.0,0.0,0.0,0.2,0.0,0.0,0.0,0.66,0.032198142414860687,"0,0,0,0,0",0.0,0.0,0.0,0.0,0.0,0.0,0.2,0.0,0.0,0.0,0.66,0.039628482972136225,"0,0,0,0,0",0.0,0.6666666666666666,0.0,full_sequence_with_action_window_diagnostics,False,53,15,,,web_20260523_063159_324827f7,/data/WYC/signLanguage/work/generated/web_scoring_mvp/web_20260523_063159_324827f7/holistic/user_花_web_20260523_063159_324827f7_holistic_results.json,/data/WYC/signLanguage/work/generated/scoring_mvp_run3/all_demo_step2_worker_cache_semantic_v1/results/花/花_holistic_results.json,,5,True,0.039628482972136225,6,10.0,0.03277819001241305,15,5,True,0.032198142414860687,15,0.035168682139941364,,/data/WYC/signLanguage/work/generated/web_scoring_mvp/web_20260523_063159_324827f7/scoring_result.json,/data/WYC/signLanguage/work/generated/scoring_mvp_run3/all_demo_step2_worker_cache_semantic_v1/results/花/花_holistic_results.json,,78.33328680886288
花,web_20260523_063217_bd40ee0c,web_reliable_nonlow,saved_web,79.2439729650452,normal_like,visible_semantic_core_scale,score_valid,score_valid,False,short_visible_core,query_not_short_core_capture,,,,,True,1.0,1.0,1.0,0.38655176758766174,0.0,0.0,0.0,0.0,0.0,0.0,0.2,0.0,0.0,0.0,0.66,0.032198142414860687,"0,0,0,0,0",0.0,0.0,0.0,0.0,0.0,0.0,0.2,0.0,0.0,0.0,0.66,0.039628482972136225,"0,0,0,0,0",0.0,0.7333333333333333,0.0,full_sequence_with_action_window_diagnostics,False,53,30,,,web_20260523_063217_bd40ee0c,/data/WYC/signLanguage/work/generated/web_scoring_mvp/web_20260523_063217_bd40ee0c/holistic/user_花_web_20260523_063217_bd40ee0c_holistic_results.json,/data/WYC/signLanguage/work/generated/scoring_mvp_run3/all_demo_step2_worker_cache_semantic_v1/results/花/花_holistic_results.json,,5,True,0.039628482972136225,8,18.0,0.0313652862695627,30,5,True,0.032198142414860687,30,0.03373262992036138,,/data/WYC/signLanguage/work/generated/web_scoring_mvp/web_20260523_063217_bd40ee0c/scoring_result.json,/data/WYC/signLanguage/work/generated/scoring_mvp_run3/all_demo_step2_worker_cache_semantic_v1/results/花/花_holistic_results.json,,0.0
花,web_20260523_063230_6a3bad1f,web_reliable_nonlow,saved_web,79.67382118869443,normal_like,visible_semantic_core_scale,score_valid,score_valid,False,short_visible_core,query_not_short_core_capture,,,,,True,0.8261124920845032,1.0,0.6838408946990967,0.2672996520996094,0.0,0.0,0.0,0.0,0.0,0.0,0.2,0.0,0.0,0.0,0.66,0.032198142414860687,"0,0,0,0,0",0.0,0.0,0.0,0.0,0.0,0.0,0.2,0.0,0.0,0.0,0.66,0.039628482972136225,"0,0,0,0,0",0.0,0.68,0.0,full_sequence_with_action_window_diagnostics,False,53,25,,,web_20260523_063230_6a3bad1f,/data/WYC/signLanguage/work/generated/web_scoring_mvp/web_20260523_063230_6a3bad1f/holistic/user_花_web_20260523_063230_6a3bad1f_holistic_results.json,/data/WYC/signLanguage/work/generated/scoring_mvp_run3/all_demo_step2_worker_cache_semantic_v1/results/花/花_holistic_results.json,,5,True,0.039628482972136225,7,18.0,0.031183511685895365,25,5,True,0.032198142414860687,25,0.032948222550967105,,/data/WYC/signLanguage/work/generated/web_scoring_mvp/web_20260523_063230_6a3bad1f/scoring_result.json,/data/WYC/signLanguage/work/generated/scoring_mvp_run3/all_demo_step2_worker_cache_semantic_v1/results/花/花_holistic_results.json,,0.0
花,web_20260523_071212_4547d033,web_reliable_nonlow,saved_web,79.55953575021618,normal_like,visible_semantic_core_scale,score_valid,score_valid,False,short_visible_core,query_not_short_core_capture,,,,,True,1.0,1.0,1.0,0.43369776010513306,0.0,0.0,0.0,0.0,0.0,0.0,0.2,0.0,0.0,0.0,0.66,0.032198142414860687,"0,0,0,0,0",0.0,0.0,0.0,0.0,0.0,0.0,0.2,0.0,0.0,0.0,0.66,0.039628482972136225,"0,0,0,0,0",0.0,0.6,0.0,full_sequence_with_action_window_diagnostics,False,53,25,,,web_20260523_071212_4547d033,/data/WYC/signLanguage/work/generated/web_scoring_mvp/web_20260523_071212_4547d033/holistic/user_花_web_20260523_071212_4547d033_holistic_results.json,/data/WYC/signLanguage/work/generated/scoring_mvp_run3/all_demo_step2_worker_cache_semantic_v1/results/花/花_holistic_results.json,,5,True,0.039628482972136225,7,18.0,0.03020218758834384,25,5,True,0.032198142414860687,25,0.03315636224912292,,/data/WYC/signLanguage/work/generated/web_scoring_mvp/web_20260523_071212_4547d033/scoring_result.json,/data/WYC/signLanguage/work/generated/scoring_mvp_run3/all_demo_step2_worker_cache_semantic_v1/results/花/花_holistic_results.json,,0.0
花,web_20260523_071306_071a2172,web_reliable_nonlow,saved_web,76.92287432056455,normal_like,flower_short_visible_core_semantic_floor,score_valid,score_valid,True,short_visible_core,used,,,0.771474744130897,,True,0.8674894851446152,1.0,0.7590717911720276,0.2109459638595581,0.0,0.0,0.0,0.0,0.0,0.0,0.2,0.0,0.0,0.0,0.66,0.032198142414860687,"0,0,0,0,0",0.0,0.0,0.0,0.0,0.0,0.0,0.2,0.0,0.0,0.0,0.66,0.039628482972136225,"0,0,0,0,0",0.06666666666666667,0.6,0.06666666666666667,full_sequence_with_action_window_diagnostics,False,53,15,,,web_20260523_071306_071a2172,/data/WYC/signLanguage/work/generated/web_scoring_mvp/web_20260523_071306_071a2172/holistic/user_花_web_20260523_071306_071a2172_holistic_results.json,/data/WYC/signLanguage/work/generated/scoring_mvp_run3/all_demo_step2_worker_cache_semantic_v1/results/花/花_holistic_results.json,,5,True,0.039628482972136225,6,10.0,0.037068346264014077,15,5,True,0.032198142414860687,15,0.0394545692308529,,/data/WYC/signLanguage/work/generated/web_scoring_mvp/web_20260523_071306_071a2172/scoring_result.json,/data/WYC/signLanguage/work/generated/scoring_mvp_run3/all_demo_step2_worker_cache_semantic_v1/results/花/花_holistic_results.json,,76.92287432056455
花,web_20260523_071320_415e2975,web_reliable_nonlow,saved_web,78.39183513989589,normal_like,visible_semantic_core_scale,score_valid,score_valid,True,short_visible_core,used,,,0.7320061922771187,,True,0.6533577394485475,0.25553178787231445,0.9788516998291016,0.06566381454467773,0.0,0.0,0.0,0.0,0.0,0.0,0.2,0.0,0.0,0.0,0.66,0.032198142414860687,"0,0,0,0,0",0.0,0.0,0.0,0.0,0.0,0.0,0.2,0.0,0.0,0.0,0.66,0.039628482972136225,"0,0,0,0,0",0.0,0.8,0.0,full_sequence_with_action_window_diagnostics,False,53,15,,,web_20260523_071320_415e2975,/data/WYC/signLanguage/work/generated/web_scoring_mvp/web_20260523_071320_415e2975/holistic/user_花_web_20260523_071320_415e2975_holistic_results.json,/data/WYC/signLanguage/work/generated/scoring_mvp_run3/all_demo_step2_worker_cache_semantic_v1/results/花/花_holistic_results.json,,5,True,0.039628482972136225,6,10.0,0.0334019527673827,15,5,True,0.032198142414860687,15,0.03530030911343033,,/data/WYC/signLanguage/work/generated/web_scoring_mvp/web_20260523_071320_415e2975/scoring_result.json,/data/WYC/signLanguage/work/generated/scoring_mvp_run3/all_demo_step2_worker_cache_semantic_v1/results/花/花_holistic_results.json,,74.82417009537517
花,web_20260523_071339_f3f432d2,web_reliable_nonlow,saved_web,79.4095590622068,normal_like,visible_semantic_core_scale,score_valid,score_valid,False,short_visible_core,query_not_short_core_capture,,,,,True,1.0,1.0,1.0,0.6432228982448578,0.0,0.0,0.0,0.0,0.0,0.0,0.2,0.0,0.0,0.0,0.66,0.032198142414860687,"0,0,0,0,0",0.0,0.0,0.0,0.0,0.0,0.0,0.2,0.0,0.0,0.0,0.66,0.039628482972136225,"0,0,0,0,0",0.0,0.68,0.0,full_sequence_with_action_window_diagnostics,False,53,25,,,web_20260523_071339_f3f432d2,/data/WYC/signLanguage/work/generated/web_scoring_mvp/web_20260523_071339_f3f432d2/holistic/user_花_web_20260523_071339_f3f432d2_holistic_results.json,/data/WYC/signLanguage/work/generated/scoring_mvp_run3/all_demo_step2_worker_cache_semantic_v1/results/花/花_holistic_results.json,,5,True,0.039628482972136225,7,18.0,0.031669949530284784,25,5,True,0.032198142414860687,25,0.033429957896616506,,/data/WYC/signLanguage/work/generated/web_scoring_mvp/web_20260523_071339_f3f432d2/scoring_result.json,/data/WYC/signLanguage/work/generated/scoring_mvp_run3/all_demo_step2_worker_cache_semantic_v1/results/花/花_holistic_results.json,,0.0
花,web_20260523_071415_2505a91e,web_reliable_nonlow,saved_web,79.11559662089849,normal_like,visible_semantic_core_scale,score_valid,score_valid,False,short_visible_core,query_not_short_core_capture,,,,,True,1.0,1.0,1.0,0.46697109937667847,0.0,0.0,0.0,0.0,0.0,0.0,0.2,0.0,0.0,0.0,0.66,0.032198142414860687,"0,0,0,0,0",0.0,0.0,0.0,0.0,0.0,0.0,0.2,0.0,0.0,0.0,0.66,0.032198142414860687,"0,0,0,0,0",0.04,0.8,0.04,full_sequence_with_action_window_diagnostics,False,53,25,,,web_20260523_071415_2505a91e,/data/WYC/signLanguage/work/generated/web_scoring_mvp/web_20260523_071415_2505a91e/holistic/user_花_web_20260523_071415_2505a91e_holistic_results.json,/data/WYC/signLanguage/work/generated/scoring_mvp_run3/all_demo_step2_worker_cache_semantic_v1/results/花/花_holistic_results.json,,5,True,0.032198142414860687,7,18.0,0.03223470278262573,25,5,True,0.032198142414860687,25,0.03396772242569748,,/data/WYC/signLanguage/work/generated/web_scoring_mvp/web_20260523_071415_2505a91e/scoring_result.json,/data/WYC/signLanguage/work/generated/scoring_mvp_run3/all_demo_step2_worker_cache_semantic_v1/results/花/花_holistic_results.json,,0.0
花,web_20260602_212933_7ad54f26,web_needs_recapture,saved_web,14.862884114352834,low,default,needs_recapture,flower_core_hand_presence_low,False,short_visible_core,insufficient_core_hand_presence,,,,,False,0.0,,,,0.0,0.0,0.0,0.0,0.0,0.0,0.2,0.0,0.0,0.0,0.66,0.032198142414860687,"0,0,0,0,0",0.0,0.0,0.0,0.0,0.0,0.0,0.2,0.0,0.0,0.0,0.66,0.032198142414860687,"0,0,0,0,0",0.0,0.0,0.0,full_sequence_with_action_window_diagnostics,False,53,15,,,web_20260602_212933_7ad54f26,/data/WYC/signLanguage/work/generated/web_scoring_mvp/web_20260602_212933_7ad54f26/holistic/user_花_web_20260602_212933_7ad54f26_holistic_results.json,/data/WYC/signLanguage/work/generated/scoring_mvp_run3/all_demo_step2_worker_cache_semantic_v1/results/花/花_holistic_results.json,,5,True,0.032198142414860687,6,10.0,0.02687464750960641,15,5,True,0.032198142414860687,15,0.22875636957281106,,/data/WYC/signLanguage/work/generated/web_scoring_mvp/web_20260602_212933_7ad54f26/scoring_result.json,/data/WYC/signLanguage/work/generated/scoring_mvp_run3/all_demo_step2_worker_cache_semantic_v1/results/花/花_holistic_results.json,,0.0
花,web_20260602_212951_e1173da1,web_reliable_nonlow,saved_web,77.62491144989006,normal_like,visible_semantic_core_scale,score_valid,score_valid,False,short_visible_core,action_window_coverage_low,,,,,True,1.0,1.0,1.0,0.4531339406967163,0.0,0.0,0.0,0.0,0.0,0.0,0.2,0.0,0.0,0.0,0.66,0.032198142414860687,"0,0,0,0,0",0.0,0.0,0.0,0.0,0.0,0.0,0.2,0.0,0.0,0.0,0.66,0.039628482972136225,"0,0,0,0,0",0.0,0.8,0.0,full_sequence_with_action_window_diagnostics,False,53,15,,,web_20260602_212951_e1173da1,/data/WYC/signLanguage/work/generated/web_scoring_mvp/web_20260602_212951_e1173da1/holistic/user_花_web_20260602_212951_e1173da1_holistic_results.json,/data/WYC/signLanguage/work/generated/scoring_mvp_run3/all_demo_step2_worker_cache_semantic_v1/results/花/花_holistic_results.json,,5,True,0.039628482972136225,6,10.0,0.03463974541443352,15,5,True,0.032198142414860687,15,0.03672585903920213,,/data/WYC/signLanguage/work/generated/web_scoring_mvp/web_20260602_212951_e1173da1/scoring_result.json,/data/WYC/signLanguage/work/generated/scoring_mvp_run3/all_demo_step2_worker_cache_semantic_v1/results/花/花_holistic_results.json,,0.0
花,web_20260602_213015_411a2ecd,web_reliable_nonlow,saved_web,78.86089449865257,normal_like,visible_semantic_core_scale,score_valid,score_valid,False,short_visible_core,query_not_short_core_capture,,,,,True,1.0,1.0,1.0,0.6334007680416107,0.0,0.0,0.0,0.0,0.0,0.0,0.2,0.0,0.0,0.0,0.66,0.032198142414860687,"0,0,0,0,0",0.0,0.0,0.0,0.0,0.0,0.0,0.2,0.0,0.0,0.0,0.66,0.039628482972136225,"0,0,0,0,0",0.0,0.6333333333333333,0.0,full_sequence_with_action_window_diagnostics,False,53,30,,,web_20260602_213015_411a2ecd,/data/WYC/signLanguage/work/generated/web_scoring_mvp/web_20260602_213015_411a2ecd/holistic/user_花_web_20260602_213015_411a2ecd_holistic_results.json,/data/WYC/signLanguage/work/generated/scoring_mvp_run3/all_demo_step2_worker_cache_semantic_v1/results/花/花_holistic_results.json,,5,True,0.039628482972136225,10,18.0,0.029551493407142127,30,5,True,0.032198142414860687,30,0.034435283636415376,,/data/WYC/signLanguage/work/generated/web_scoring_mvp/web_20260602_213015_411a2ecd/scoring_result.json,/data/WYC/signLanguage/work/generated/scoring_mvp_run3/all_demo_step2_worker_cache_semantic_v1/results/花/花_holistic_results.json,,0.0
花,web_20260602_213030_368950ee,web_reliable_nonlow,saved_web,78.35512494388232,normal_like,visible_semantic_core_scale,score_valid,score_valid,False,short_visible_core,query_not_short_core_capture,,,,,True,1.0,1.0,1.0,0.5542983412742615,0.0,0.0,0.0,0.0,0.0,0.0,0.2,0.0,0.0,0.0,0.66,0.032198142414860687,"0,0,0,0,0",0.0,0.0,0.0,0.0,0.0,0.0,0.2,0.0,0.0,0.0,0.66,0.039628482972136225,"0,0,0,0,0",0.04,0.48,0.04,full_sequence_with_action_window_diagnostics,False,53,25,,,web_20260602_213030_368950ee,/data/WYC/signLanguage/work/generated/web_scoring_mvp/web_20260602_213030_368950ee/holistic/user_花_web_20260602_213030_368950ee_holistic_results.json,/data/WYC/signLanguage/work/generated/scoring_mvp_run3/all_demo_step2_worker_cache_semantic_v1/results/花/花_holistic_results.json,,5,True,0.039628482972136225,7,18.0,0.03157085136410032,25,5,True,0.032198142414860687,25,0.035368227221908397,,/data/WYC/signLanguage/work/generated/web_scoring_mvp/web_20260602_213030_368950ee/scoring_result.json,/data/WYC/signLanguage/work/generated/scoring_mvp_run3/all_demo_step2_worker_cache_semantic_v1/results/花/花_holistic_results.json,,0.0
花,web_20260602_213050_ec3d0907,web_reliable_nonlow,saved_web,79.51660170577749,normal_like,visible_semantic_core_scale,score_valid,score_valid,False,short_visible_core,query_not_short_core_capture,,,,,True,1.0,1.0,1.0,0.5035955309867859,0.0,0.0,0.0,0.0,0.0,0.0,0.2,0.0,0.0,0.0,0.66,0.032198142414860687,"0,0,0,0,0",0.0,0.0,0.0,0.0,0.0,0.0,0.2,0.0,0.0,0.0,0.66,0.039628482972136225,"0,0,0,0,0",0.0,0.72,0.0,full_sequence_with_action_window_diagnostics,False,53,25,,,web_20260602_213050_ec3d0907,/data/WYC/signLanguage/work/generated/web_scoring_mvp/web_20260602_213050_ec3d0907/holistic/user_花_web_20260602_213050_ec3d0907_holistic_results.json,/data/WYC/signLanguage/work/generated/scoring_mvp_run3/all_demo_step2_worker_cache_semantic_v1/results/花/花_holistic_results.json,,5,True,0.039628482972136225,7,18.0,0.030837213250649982,25,5,True,0.032198142414860687,25,0.03323463214798182,,/data/WYC/signLanguage/work/generated/web_scoring_mvp/web_20260602_213050_ec3d0907/scoring_result.json,/data/WYC/signLanguage/work/generated/scoring_mvp_run3/all_demo_step2_worker_cache_semantic_v1/results/花/花_holistic_results.json,,0.0
花,web_20260602_213918_4947c25e,web_reliable_nonlow,saved_web,79.70653210079507,normal_like,visible_semantic_core_scale,score_valid,score_valid,False,short_visible_core,query_not_short_core_capture,,,,,True,0.7360476684570313,1.0,0.520086669921875,0.3803058862686157,0.0,0.0,0.0,0.0,0.0,0.0,0.2,0.0,0.0,0.0,0.66,0.032198142414860687,"0,0,0,0,0",0.0,0.0,0.0,0.0,0.0,0.0,0.2,0.0,0.0,0.0,0.66,0.032198142414860687,"4,4,4,4,4",0.0,0.72,0.0,full_sequence_with_action_window_diagnostics,False,53,25,,,web_20260602_213918_4947c25e,/data/WYC/signLanguage/work/generated/web_scoring_mvp/web_20260602_213918_4947c25e/holistic/user_花_web_20260602_213918_4947c25e_holistic_results.json,/data/WYC/signLanguage/work/generated/scoring_mvp_run3/all_demo_step2_worker_cache_semantic_v1/results/花/花_holistic_results.json,,5,True,0.032198142414860687,9,18.0,0.031014770373895738,25,5,True,0.032198142414860687,25,0.03288870351711765,,/data/WYC/signLanguage/work/generated/web_scoring_mvp/web_20260602_213918_4947c25e/scoring_result.json,/data/WYC/signLanguage/work/generated/scoring_mvp_run3/all_demo_step2_worker_cache_semantic_v1/results/花/花_holistic_results.json,,0.0
跳,web_20260602_214010_3f951c51,web_reliable_nonlow,saved_web,75.32524082818409,normal_like,jump_relation_semantic_floor,score_valid,score_valid,True,action_window_net,used,0.7713410000169665,3.9241891467239136,,,True,,,,,0.0,0.0,0.0,0.0,0.0,0.0,0.2,0.0,0.0,0.0,0.66,0.16378079196130443,"16,16,16,16,16",0.0,0.0,0.0,0.0,0.0,0.0,0.2,0.0,0.0,0.0,0.66,0.2014202161924737,"0,0,0,0,0",0.6,0.88,0.6,semantic_action_window,True,19,25,,,web_20260602_214010_3f951c51,/data/WYC/signLanguage/work/generated/web_scoring_mvp/web_20260602_214010_3f951c51/holistic/user_跳_web_20260602_214010_3f951c51_holistic_results.json,/data/WYC/signLanguage/work/generated/scoring_mvp_run3/all_demo_step2_worker_cache_semantic_v1/results/跳/跳_holistic_results.json,,5,True,0.2232929675530992,7,18.0,0.3136304115027466,25,5,True,0.1822141906071586,25,0.43197639163739887,,/data/WYC/signLanguage/work/generated/web_scoring_mvp/web_20260602_214010_3f951c51/scoring_result.json,/data/WYC/signLanguage/work/generated/scoring_mvp_run3/all_demo_step2_worker_cache_semantic_v1/results/跳/跳_holistic_results.json,,75.32524082818409
跳,web_20260602_214656_3fae071b,web_needs_recapture,saved_web,1.353793221951907,low,short_action_window_with_query_energy_peak,needs_recapture,jump_two_hand_presence_low,False,,insufficient_two_hand_presence,,,,,True,,,,,0.3,-0.2,0.25,0.041666666666666664,0.041666666666666664,0.09259259259259259,0.4,0.011111111111111112,0.009259259259259259,0.0015432098765432098,0.5027592592592592,0.3846493011866855,"4,4,4,3,4",0.3,-0.2,0.25,0.16666666666666666,0.16666666666666666,0.37037037037037035,0.4,0.044444444444444446,0.037037037037037035,0.024691358024691357,0.530537037037037,0.3846493011866855,"1,1,1,0,1",0.04,0.48,0.04,semantic_action_window,True,19,25,,,web_20260602_214656_3fae071b,/data/WYC/signLanguage/work/generated/web_scoring_mvp/web_20260602_214656_3fae071b/holistic/user_跳_web_20260602_214656_3fae071b_holistic_results.json,/data/WYC/signLanguage/work/generated/scoring_mvp_run3/all_demo_step2_worker_cache_semantic_v1/results/跳/跳_holistic_results.json,,5,True,0.39751792841846745,7,18.0,0.3777508970391062,25,5,True,0.39751792841846745,25,0.7301176887098844,,/data/WYC/signLanguage/work/generated/web_scoring_mvp/web_20260602_214656_3fae071b/scoring_result.json,/data/WYC/signLanguage/work/generated/scoring_mvp_run3/all_demo_step2_worker_cache_semantic_v1/results/跳/跳_holistic_results.json,,0.0
花,web_20260602_233301_233b8215,web_reliable_low,saved_web,2.9127845134605423,low,default,semantic_mismatch,flower_opening_guard_failed,False,short_visible_core,opening_guard_too_weak,,,,,False,0.05203584730625151,0.11563521623611447,0.0,0.04887622594833374,0.0,0.0,0.0,0.0,0.0,0.0,0.2,0.0,0.0,0.0,0.66,0.039628482972136225,"0,0,0,0,0",0.0,0.0,0.0,0.0,0.0,0.0,0.2,0.0,0.0,0.0,0.66,0.039628482972136225,"0,0,0,0,0",0.0,1.0,0.0,full_sequence_with_action_window_diagnostics,False,53,6,,,web_20260602_233301_233b8215,/data/WYC/signLanguage/work/generated/web_scoring_mvp/web_20260602_233301_233b8215/holistic/user_花_web_20260602_233301_233b8215_holistic_results.json,/data/WYC/signLanguage/work/generated/scoring_mvp_run3/all_demo_step2_worker_cache_semantic_v1/results/花/花_holistic_results.json,,5,True,0.039628482972136225,4,10.0,0.03878805068059302,6,5,True,0.039628482972136225,6,0.4243272821810712,,/data/WYC/signLanguage/work/generated/web_scoring_mvp/web_20260602_233301_233b8215/scoring_result.json,/data/WYC/signLanguage/work/generated/scoring_mvp_run3/all_demo_step2_worker_cache_semantic_v1/results/花/花_holistic_results.json,,0.0
跳,web_20260602_233302_d92c0ce2,web_reliable_nonlow,saved_web,70.66087408300758,borderline,jump_relation_semantic_floor,score_valid,score_valid,True,action_window_net,used,0.6811393714559132,1.290923539040131,,,True,,,,,0.0,1.0,0.0,0.0,1.0,1.0,1.0,0.0,0.0,0.0,1.0,0.025357104038065247,"0,1,4,6,8",0.0,0.7,0.0,0.0,0.8,1.0,0.6,0.0,0.0,0.0,0.9279999999999999,0.04483541134120363,"1,1,1,3,5",0.8888888888888888,1.0,0.8888888888888888,semantic_action_window,True,19,9,,,web_20260602_233302_d92c0ce2,/data/WYC/signLanguage/work/generated/web_scoring_mvp/web_20260602_233302_d92c0ce2/holistic/user_跳_web_20260602_233302_d92c0ce2_holistic_results.json,/data/WYC/signLanguage/work/generated/scoring_mvp_run3/all_demo_step2_worker_cache_semantic_v1/results/跳/跳_holistic_results.json,,5,True,0.09837289498759287,6,10.0,0.06059087973237762,9,5,True,0.036146159244823714,9,0.10045244097511562,,/data/WYC/signLanguage/work/generated/web_scoring_mvp/web_20260602_233302_d92c0ce2/scoring_result.json,/data/WYC/signLanguage/work/generated/scoring_mvp_run3/all_demo_step2_worker_cache_semantic_v1/results/跳/跳_holistic_results.json,,70.66087408300758
花,web_20260602_233343_899e6970,web_reliable_nonlow,saved_web,76.89925771288746,normal_like,visible_semantic_core_scale,score_valid,score_valid,False,short_visible_core,query_not_short_core_capture,,,,,True,0.8732175809144974,1.0,0.7694865107536316,0.2143082618713379,0.0,0.0,0.0,0.0,0.0,0.0,0.2,0.0,0.0,0.0,0.66,0.032198142414860687,"0,0,0,0,0",0.0,0.0,0.0,0.0,0.0,0.0,0.2,0.0,0.0,0.0,0.66,0.039628482972136225,"0,0,0,0,0",0.0,0.7924528301886793,0.0,full_sequence_with_action_window_diagnostics,False,53,53,,,web_20260602_233343_899e6970,/data/WYC/signLanguage/work/generated/web_scoring_mvp/web_20260602_233343_899e6970/holistic/user_花_web_20260602_233343_899e6970_holistic_results.json,/data/WYC/signLanguage/work/generated/scoring_mvp_run3/all_demo_step2_worker_cache_semantic_v1/results/花/花_holistic_results.json,,5,True,0.039628482972136225,19,10.0,0.029509025311807786,53,5,True,0.032198142414860687,53,0.038087724511943075,,/data/WYC/signLanguage/work/generated/web_scoring_mvp/web_20260602_233343_899e6970/scoring_result.json,/data/WYC/signLanguage/work/generated/scoring_mvp_run3/all_demo_step2_worker_cache_semantic_v1/results/花/花_holistic_results.json,,0.0
跳,web_20260602_233348_53e3df5d,web_reliable_nonlow,saved_web,88.57686551142223,normal_like,short_action_window_with_query_energy_peak,score_valid,score_valid,True,action_window_net,used,0.993497902706036,1.0062869109760284,,,True,,,,,0.0,1.0,0.0,0.0,0.5,1.0,1.0,0.0,0.0,0.0,1.0,0.024504519483021625,"3,4,7,9,12",0.0,1.0,0.0,0.0,1.0,1.0,1.0,0.0,0.0,0.0,1.0,0.025357104038065247,"0,1,4,6,8",0.8421052631578947,0.8947368421052632,0.8421052631578947,semantic_action_window,True,19,19,,,web_20260602_233348_53e3df5d,/data/WYC/signLanguage/work/generated/web_scoring_mvp/web_20260602_233348_53e3df5d/holistic/user_跳_web_20260602_233348_53e3df5d_holistic_results.json,/data/WYC/signLanguage/work/generated/scoring_mvp_run3/all_demo_step2_worker_cache_semantic_v1/results/跳/跳_holistic_results.json,,5,True,0.036146159244823714,9,10.0,0.02307627007605986,19,5,True,0.036146159244823714,19,0.02866189788925535,,/data/WYC/signLanguage/work/generated/web_scoring_mvp/web_20260602_233348_53e3df5d/scoring_result.json,/data/WYC/signLanguage/work/generated/scoring_mvp_run3/all_demo_step2_worker_cache_semantic_v1/results/跳/跳_holistic_results.json,,82.085705029437
